ISO-10303-21;
HEADER;
FILE_DESCRIPTION (( 'STEP AP214' ),
    '1' );
FILE_NAME ('LTM4613EY#PBF.STEP',
    '2024-01-18T02:55:46',
    ( '' ),
    ( '' ),
    'SwSTEP 2.0',
    'SolidWorks 2021',
    '' );
FILE_SCHEMA (( 'AUTOMOTIVE_DESIGN' ));
ENDSEC;

DATA;
#1 = AXIS2_PLACEMENT_3D ( 'NONE', #5702, #3925, #3107 ) ;
#2 = COLOUR_RGB ( '',0.7921568627450980005, 0.8196078431372548767, 0.9333333333333333481 ) ;
#3 = SPHERICAL_SURFACE ( 'NONE', #10334, 0.3750000000000000000 ) ;
#4 = EDGE_LOOP ( 'NONE', ( #7857, #3015, #10977 ) ) ;
#5 = CARTESIAN_POINT ( 'NONE',  ( 5.527917130661303524, 0.6999999999999998446, -4.444999999999999396 ) ) ;
#6 = AXIS2_PLACEMENT_3D ( 'NONE', #6900, #10900, #10275 ) ;
#7 = ORIENTED_EDGE ( 'NONE', *, *, #1211, .F. ) ;
#8 = CARTESIAN_POINT ( 'NONE',  ( -6.985000000000000320, 0.000000000000000000, 5.715000000000001634 ) ) ;
#9 = CARTESIAN_POINT ( 'NONE',  ( 1.904999999999999583, 0.000000000000000000, 5.715000000000001634 ) ) ;
#10 = CARTESIAN_POINT ( 'NONE',  ( -0.4479171306613028425, 0.6999999999999998446, 6.985000000000001208 ) ) ;
#11 = AXIS2_PLACEMENT_3D ( 'NONE', #7608, #593, #1507 ) ;
#12 = AXIS2_PLACEMENT_3D ( 'NONE', #3240, #4893, #2269 ) ;
#13 = CARTESIAN_POINT ( 'NONE',  ( 7.499999999999994671, 1.070000000000000284, 7.500000000000001776 ) ) ;
#14 = AXIS2_PLACEMENT_3D ( 'NONE', #7883, #3650, #5353 ) ;
#15 = AXIS2_PLACEMENT_3D ( 'NONE', #3131, #9775, #10811 ) ;
#16 = CARTESIAN_POINT ( 'NONE',  ( -4.445000000000001172, 0.6999999999999999556, -0.6349999999999992317 ) ) ;
#17 = AXIS2_PLACEMENT_3D ( 'NONE', #3438, #7674, #1575 ) ;
#18 = ORIENTED_EDGE ( 'NONE', *, *, #10902, .T. ) ;
#19 =( LENGTH_UNIT ( ) NAMED_UNIT ( * ) SI_UNIT ( .MILLI., .METRE. ) );
#20 = CARTESIAN_POINT ( 'NONE',  ( -4.257917130661303950, 0.6999999999999998446, 6.985000000000001208 ) ) ;
#21 = SPHERICAL_SURFACE ( 'NONE', #8170, 0.3750000000000000000 ) ;
#22 = DIRECTION ( 'NONE',  ( 1.224646799147353207E-16, 0.000000000000000000, -1.000000000000000000 ) ) ;
#23 =( GEOMETRIC_REPRESENTATION_CONTEXT ( 3 ) GLOBAL_UNCERTAINTY_ASSIGNED_CONTEXT ( ( #8549 ) ) GLOBAL_UNIT_ASSIGNED_CONTEXT ( ( #2859, #10427, #4482 ) ) REPRESENTATION_CONTEXT ( 'NONE', 'WORKASPACE' ) );
#24 = DIRECTION ( 'NONE',  ( 0.000000000000000000, 0.000000000000000000, 1.000000000000000000 ) ) ;
#25 = ORIENTED_EDGE ( 'NONE', *, *, #3675, .F. ) ;
#26 = DIRECTION ( 'NONE',  ( 0.000000000000000000, -0.000000000000000000, -1.000000000000000000 ) ) ;
#27 = COLOUR_RGB ( '',0.7921568627450980005, 0.8196078431372548767, 0.9333333333333333481 ) ;
#28 = PLANE ( 'NONE',  #10025 ) ;
#29 = DIRECTION ( 'NONE',  ( 0.000000000000000000, -1.000000000000000000, 0.000000000000000000 ) ) ;
#30 = ORIENTED_EDGE ( 'NONE', *, *, #218, .T. ) ;
#31 = AXIS2_PLACEMENT_3D ( 'NONE', #6895, #8772, #4538 ) ;
#32 = EDGE_CURVE ( 'NONE', #1257, #2555, #9584, .T. ) ;
#33 = PRESENTATION_STYLE_ASSIGNMENT (( #8637 ) ) ;
#34 = ADVANCED_FACE ( 'NONE', ( #5944 ), #1593, .F. ) ;
#35 = VERTEX_POINT ( 'NONE', #8521 ) ;
#36 = DIRECTION ( 'NONE',  ( 0.000000000000000000, 1.000000000000000000, 0.000000000000000000 ) ) ;
#37 = ORIENTED_EDGE ( 'NONE', *, *, #2101, .T. ) ;
#38 = AXIS2_PLACEMENT_3D ( 'NONE', #5669, #6567, #3842 ) ;
#39 = DIRECTION ( 'NONE',  ( 0.000000000000000000, 0.000000000000000000, -1.000000000000000000 ) ) ;
#40 = EDGE_LOOP ( 'NONE', ( #5689, #3739, #7420 ) ) ;
#41 = UNCERTAINTY_MEASURE_WITH_UNIT (LENGTH_MEASURE( 1.000000000000000082E-05 ), #813, 'distance_accuracy_value', 'NONE');
#42 = VERTEX_POINT ( 'NONE', #866 ) ;
#43 = SURFACE_SIDE_STYLE ('',( #7774 ) ) ;
#44 = AXIS2_PLACEMENT_3D ( 'NONE', #4612, #6388, #8742 ) ;
#45 = DIRECTION ( 'NONE',  ( -0.000000000000000000, 1.000000000000000000, -0.000000000000000000 ) ) ;
#46 = AXIS2_PLACEMENT_3D ( 'NONE', #7253, #369, #9661 ) ;
#47 = EDGE_CURVE ( 'NONE', #6878, #3032, #4304, .T. ) ;
#48 = LINE ( 'NONE', #8555, #7097 ) ;
#49 = CARTESIAN_POINT ( 'NONE',  ( -5.527917130661303524, 0.6999999999999998446, 5.715000000000001634 ) ) ;
#50 = CIRCLE ( 'NONE', #960, 0.1870828693386972497 ) ;
#51 = CARTESIAN_POINT ( 'NONE',  ( -3.175000000000000711, 0.3750000000000000000, -6.985000000000000320 ) ) ;
#52 = CARTESIAN_POINT ( 'NONE',  ( -1.905000000000000471, 0.6999999999999998446, -4.444999999999999396 ) ) ;
#53 = ORIENTED_EDGE ( 'NONE', *, *, #10103, .F. ) ;
#54 = CARTESIAN_POINT ( 'NONE',  ( -0.6350000000000001199, 0.6999999999999999556, -4.444999999999999396 ) ) ;
#55 = EDGE_LOOP ( 'NONE', ( #2258, #4912, #9270 ) ) ;
#56 = CARTESIAN_POINT ( 'NONE',  ( 1.717917130661302361, 0.6999999999999998446, 4.445000000000001172 ) ) ;
#57 = DIRECTION ( 'NONE',  ( 1.000000000000000000, 0.000000000000000000, 0.000000000000000000 ) ) ;
#58 = FACE_OUTER_BOUND ( 'NONE', #855, .T. ) ;
#59 = DIRECTION ( 'NONE',  ( -0.000000000000000000, 1.000000000000000000, -0.000000000000000000 ) ) ;
#60 = DIRECTION ( 'NONE',  ( -1.000000000000000000, 0.000000000000000000, 0.000000000000000000 ) ) ;
#61 = CARTESIAN_POINT ( 'NONE',  ( 4.445000000000000284, 0.000000000000000000, 1.905000000000000471 ) ) ;
#62 =( NAMED_UNIT ( * ) PLANE_ANGLE_UNIT ( ) SI_UNIT ( $, .RADIAN. ) );
#63 = DIRECTION ( 'NONE',  ( 0.000000000000000000, -1.000000000000000000, 0.000000000000000000 ) ) ;
#64 =( LENGTH_UNIT ( ) NAMED_UNIT ( * ) SI_UNIT ( .MILLI., .METRE. ) );
#65 = ORIENTED_EDGE ( 'NONE', *, *, #8491, .T. ) ;
#66 =( NAMED_UNIT ( * ) SI_UNIT ( $, .STERADIAN. ) SOLID_ANGLE_UNIT ( ) );
#67 = DIRECTION ( 'NONE',  ( 0.000000000000000000, -0.000000000000000000, -1.000000000000000000 ) ) ;
#68 = PRESENTATION_LAYER_ASSIGNMENT (  '', '', ( #2225 ) ) ;
#69 =( NAMED_UNIT ( * ) PLANE_ANGLE_UNIT ( ) SI_UNIT ( $, .RADIAN. ) );
#70 = PLANE ( 'NONE',  #5315 ) ;
#71 = ADVANCED_FACE ( 'NONE', ( #3395 ), #10230, .T. ) ;
#72 = ADVANCED_FACE ( 'NONE', ( #749 ), #6798, .T. ) ;
#73 = SPHERICAL_SURFACE ( 'NONE', #8564, 0.3750000000000000000 ) ;
#74 = AXIS2_PLACEMENT_3D ( 'NONE', #10236, #6914, #3299 ) ;
#75 = SURFACE_STYLE_FILL_AREA ( #7021 ) ;
#76 = AXIS2_PLACEMENT_3D ( 'NONE', #1250, #8224, #9199 ) ;
#77 = ORIENTED_EDGE ( 'NONE', *, *, #10499, .F. ) ;
#78 = DIRECTION ( 'NONE',  ( 1.000000000000000000, 0.000000000000000000, 0.000000000000000000 ) ) ;
#79 = CARTESIAN_POINT ( 'NONE',  ( 0.6349999999999992317, 0.3750000000000000000, -4.444999999999999396 ) ) ;
#80 = COLOUR_RGB ( '',0.7921568627450980005, 0.8196078431372548767, 0.9333333333333333481 ) ;
#81 = PRESENTATION_STYLE_ASSIGNMENT (( #4360 ) ) ;
#82 = VERTEX_POINT ( 'NONE', #2491 ) ;
#83 = AXIS2_PLACEMENT_3D ( 'NONE', #1289, #9912, #5633 ) ;
#84 = AXIS2_PLACEMENT_3D ( 'NONE', #1723, #6169, #8542 ) ;
#85 =( NAMED_UNIT ( * ) SI_UNIT ( $, .STERADIAN. ) SOLID_ANGLE_UNIT ( ) );
#86 = EDGE_CURVE ( 'NONE', #6000, #6893, #2129, .T. ) ;
#87 = ORIENTED_EDGE ( 'NONE', *, *, #3762, .F. ) ;
#88 = DIRECTION ( 'NONE',  ( 0.000000000000000000, 0.000000000000000000, -1.000000000000000000 ) ) ;
#89 = VERTEX_POINT ( 'NONE', #9377 ) ;
#90 = ORIENTED_EDGE ( 'NONE', *, *, #2017, .F. ) ;
#91 = SURFACE_STYLE_USAGE ( .BOTH. , #1885 ) ;
#92 = ORIENTED_EDGE ( 'NONE', *, *, #910, .T. ) ;
#93 = STYLED_ITEM ( 'NONE', ( #5384 ), #6813 ) ;
#94 = CARTESIAN_POINT ( 'NONE',  ( 4.445000000000000284, 0.6999999999999999556, 3.175000000000000711 ) ) ;
#95 = FACE_OUTER_BOUND ( 'NONE', #9300, .T. ) ;
#96 =( NAMED_UNIT ( * ) PLANE_ANGLE_UNIT ( ) SI_UNIT ( $, .RADIAN. ) );
#97 = STYLED_ITEM ( 'NONE', ( #10442 ), #10045 ) ;
#98 =( LENGTH_UNIT ( ) NAMED_UNIT ( * ) SI_UNIT ( .MILLI., .METRE. ) );
#99 = ADVANCED_FACE ( 'NONE', ( #925 ), #1653, .T. ) ;
#100 = AXIS2_PLACEMENT_3D ( 'NONE', #7245, #7924, #7134 ) ;
#101 = CARTESIAN_POINT ( 'NONE',  ( -1.905000000000000471, 0.6999999999999999556, -3.174999999999999822 ) ) ;
#102 = ADVANCED_FACE ( 'NONE', ( #683 ), #5885, .F. ) ;
#103 = VERTEX_POINT ( 'NONE', #4230 ) ;
#104 = DIRECTION ( 'NONE',  ( 1.000000000000000000, 0.000000000000000000, 0.000000000000000000 ) ) ;
#105 = EDGE_LOOP ( 'NONE', ( #6627, #10016 ) ) ;
#106 = MECHANICAL_DESIGN_GEOMETRIC_PRESENTATION_REPRESENTATION (  '', ( #846 ), #9903 ) ;
#107 = CARTESIAN_POINT ( 'NONE',  ( 1.904999999999999583, 0.3750000000000000000, 5.715000000000001634 ) ) ;
#108 = DIRECTION ( 'NONE',  ( -1.000000000000000000, 0.000000000000000000, 0.000000000000000000 ) ) ;
#109 = EDGE_LOOP ( 'NONE', ( #5601, #7622 ) ) ;
#110 = FILL_AREA_STYLE ('',( #7792 ) ) ;
#111 = CIRCLE ( 'NONE', #9192, 0.1870828693386972497 ) ;
#112 = FACE_OUTER_BOUND ( 'NONE', #4524, .T. ) ;
#113 =( NAMED_UNIT ( * ) SI_UNIT ( $, .STERADIAN. ) SOLID_ANGLE_UNIT ( ) );
#114 = DIRECTION ( 'NONE',  ( 0.000000000000000000, 0.000000000000000000, -1.000000000000000000 ) ) ;
#115 = CARTESIAN_POINT ( 'NONE',  ( -0.6350000000000001199, 0.3750000000000000000, 0.6350000000000001199 ) ) ;
#116 = CIRCLE ( 'NONE', #1199, 0.3750000000000003331 ) ;
#117 = ADVANCED_FACE ( 'NONE', ( #10181 ), #8669, .T. ) ;
#118 = EDGE_CURVE ( 'NONE', #1783, #1070, #1432, .T. ) ;
#119 = CARTESIAN_POINT ( 'NONE',  ( 0.6349999999999992317, 0.3750000000000000000, -6.985000000000000320 ) ) ;
#120 = ORIENTED_EDGE ( 'NONE', *, *, #1644, .F. ) ;
#121 = DIRECTION ( 'NONE',  ( 0.000000000000000000, 0.000000000000000000, 1.000000000000000000 ) ) ;
#122 = LINE ( 'NONE', #231, #10028 ) ;
#123 = DIRECTION ( 'NONE',  ( -0.000000000000000000, 1.000000000000000000, -0.000000000000000000 ) ) ;
#124 = PRESENTATION_LAYER_ASSIGNMENT (  '', '', ( #4263 ) ) ;
#125 = DIRECTION ( 'NONE',  ( 1.000000000000000000, 0.000000000000000000, 0.000000000000000000 ) ) ;
#126 = DIRECTION ( 'NONE',  ( -0.000000000000000000, 1.000000000000000000, -0.000000000000000000 ) ) ;
#127 = VECTOR ( 'NONE', #6025, 1000.000000000000000 ) ;
#128 = CARTESIAN_POINT ( 'NONE',  ( 7.499999999999994671, 5.120000000000000107, -7.499999999999998224 ) ) ;
#129 = ORIENTED_EDGE ( 'NONE', *, *, #10113, .T. ) ;
#130 = STYLED_ITEM ( 'NONE', ( #541 ), #10473 ) ;
#131 = EDGE_CURVE ( 'NONE', #10240, #2594, #2018, .T. ) ;
#132 = CARTESIAN_POINT ( 'NONE',  ( 6.985000000000000320, 0.000000000000000000, 5.715000000000001634 ) ) ;
#133 = PRESENTATION_STYLE_ASSIGNMENT (( #9497 ) ) ;
#134 = CIRCLE ( 'NONE', #4441, 0.3750000000000003331 ) ;
#135 = ORIENTED_EDGE ( 'NONE', *, *, #2312, .F. ) ;
#136 = SURFACE_STYLE_FILL_AREA ( #7032 ) ;
#137 = CIRCLE ( 'NONE', #2294, 0.3749999999999998890 ) ;
#138 = EDGE_LOOP ( 'NONE', ( #3199, #2303, #7268 ) ) ;
#139 = CIRCLE ( 'NONE', #5863, 0.3750000000000003331 ) ;
#140 = PRESENTATION_STYLE_ASSIGNMENT (( #2686 ) ) ;
#141 = CLOSED_SHELL ( 'NONE', ( #1627, #3018, #5369 ) ) ;
#142 = FACE_OUTER_BOUND ( 'NONE', #6823, .T. ) ;
#143 = ORIENTED_EDGE ( 'NONE', *, *, #10225, .T. ) ;
#144 = DIRECTION ( 'NONE',  ( 1.224646799147353207E-16, 0.000000000000000000, -1.000000000000000000 ) ) ;
#145 = UNCERTAINTY_MEASURE_WITH_UNIT (LENGTH_MEASURE( 1.000000000000000082E-05 ), #3684, 'distance_accuracy_value', 'NONE');
#146 = ORIENTED_EDGE ( 'NONE', *, *, #3003, .T. ) ;
#147 = DIRECTION ( 'NONE',  ( 0.000000000000000000, 0.000000000000000000, -1.000000000000000000 ) ) ;
#148 = CARTESIAN_POINT ( 'NONE',  ( 0.6349999999999992317, 0.6999999999999999556, -6.985000000000000320 ) ) ;
#149 = CARTESIAN_POINT ( 'NONE',  ( -1.905000000000000471, 0.000000000000000000, -6.985000000000000320 ) ) ;
#150 = CLOSED_SHELL ( 'NONE', ( #6991, #4179, #4440 ) ) ;
#151 = DIRECTION ( 'NONE',  ( 0.000000000000000000, 0.000000000000000000, -1.000000000000000000 ) ) ;
#152 = MECHANICAL_DESIGN_GEOMETRIC_PRESENTATION_REPRESENTATION (  '', ( #3575 ), #6346 ) ;
#153 = FACE_OUTER_BOUND ( 'NONE', #2027, .T. ) ;
#154 = EDGE_LOOP ( 'NONE', ( #5794, #4134 ) ) ;
#155 = DIRECTION ( 'NONE',  ( -1.000000000000000000, 0.000000000000000000, 0.000000000000000000 ) ) ;
#156 = AXIS2_PLACEMENT_3D ( 'NONE', #8349, #4345, #5062 ) ;
#157 = UNCERTAINTY_MEASURE_WITH_UNIT (LENGTH_MEASURE( 1.000000000000000082E-05 ), #4252, 'distance_accuracy_value', 'NONE');
#158 = EDGE_LOOP ( 'NONE', ( #7033, #9660 ) ) ;
#159 = FACE_OUTER_BOUND ( 'NONE', #8074, .T. ) ;
#160 = AXIS2_PLACEMENT_3D ( 'NONE', #8714, #7049, #8771 ) ;
#161 = SPHERICAL_SURFACE ( 'NONE', #3090, 0.3750000000000000000 ) ;
#162 = ORIENTED_EDGE ( 'NONE', *, *, #10451, .T. ) ;
#163 = EDGE_CURVE ( 'NONE', #10793, #5176, #7687, .T. ) ;
#164 = CIRCLE ( 'NONE', #8199, 0.3750000000000003331 ) ;
#165 = FILL_AREA_STYLE_COLOUR ( '', #2126 ) ;
#166 = CARTESIAN_POINT ( 'NONE',  ( -3.175000000000000711, 0.3750000000000000000, 0.6350000000000001199 ) ) ;
#167 =( NAMED_UNIT ( * ) PLANE_ANGLE_UNIT ( ) SI_UNIT ( $, .RADIAN. ) );
#168 = EDGE_CURVE ( 'NONE', #1258, #1014, #5512, .T. ) ;
#169 =( LENGTH_UNIT ( ) NAMED_UNIT ( * ) SI_UNIT ( .MILLI., .METRE. ) );
#170 = CIRCLE ( 'NONE', #5521, 0.3750000000000003331 ) ;
#171 = PRESENTATION_LAYER_ASSIGNMENT (  '', '', ( #1636 ) ) ;
#172 = VECTOR ( 'NONE', #1410, 1000.000000000000000 ) ;
#173 = DIRECTION ( 'NONE',  ( -1.000000000000000000, 0.000000000000000000, 0.000000000000000000 ) ) ;
#174 = DIRECTION ( 'NONE',  ( -0.000000000000000000, 1.000000000000000000, -0.000000000000000000 ) ) ;
#175 = AXIS2_PLACEMENT_3D ( 'NONE', #4367, #1837, #4416 ) ;
#176 = SURFACE_STYLE_FILL_AREA ( #10397 ) ;
#177 = FACE_OUTER_BOUND ( 'NONE', #2647, .T. ) ;
#178 = AXIS2_PLACEMENT_3D ( 'NONE', #5626, #4631, #9724 ) ;
#179 = DIRECTION ( 'NONE',  ( 0.000000000000000000, 0.000000000000000000, 1.000000000000000000 ) ) ;
#180 = EDGE_CURVE ( 'NONE', #10938, #5789, #2863, .T. ) ;
#181 = EDGE_CURVE ( 'NONE', #11015, #1551, #3044, .T. ) ;
#182 = COLOUR_RGB ( '',0.7921568627450980005, 0.8196078431372548767, 0.9333333333333333481 ) ;
#183 = AXIS2_PLACEMENT_3D ( 'NONE', #3798, #2099, #1384 ) ;
#184 = EDGE_LOOP ( 'NONE', ( #4963, #5604 ) ) ;
#185 = CARTESIAN_POINT ( 'NONE',  ( 1.717917130661302361, 0.6999999999999998446, -1.904999999999999583 ) ) ;
#186 = AXIS2_PLACEMENT_3D ( 'NONE', #2237, #10826, #3203 ) ;
#187 = DIRECTION ( 'NONE',  ( 0.000000000000000000, 0.000000000000000000, -1.000000000000000000 ) ) ;
#188 =( GEOMETRIC_REPRESENTATION_CONTEXT ( 3 ) GLOBAL_UNCERTAINTY_ASSIGNED_CONTEXT ( ( #487 ) ) GLOBAL_UNIT_ASSIGNED_CONTEXT ( ( #4694, #7264, #10654 ) ) REPRESENTATION_CONTEXT ( 'NONE', 'WORKASPACE' ) );
#189 = CARTESIAN_POINT ( 'NONE',  ( -1.905000000000000471, 0.6999999999999999556, 1.905000000000000471 ) ) ;
#190 = VERTEX_POINT ( 'NONE', #6100 ) ;
#191 = EDGE_CURVE ( 'NONE', #10975, #10557, #10690, .T. ) ;
#192 =( GEOMETRIC_REPRESENTATION_CONTEXT ( 3 ) GLOBAL_UNCERTAINTY_ASSIGNED_CONTEXT ( ( #1056 ) ) GLOBAL_UNIT_ASSIGNED_CONTEXT ( ( #11057, #5923, #907 ) ) REPRESENTATION_CONTEXT ( 'NONE', 'WORKASPACE' ) );
#193 = EDGE_CURVE ( 'NONE', #7355, #6118, #2503, .T. ) ;
#194 = EDGE_CURVE ( 'NONE', #3133, #5301, #1068, .T. ) ;
#195 = EDGE_CURVE ( 'NONE', #1329, #3133, #7851, .T. ) ;
#196 = DIRECTION ( 'NONE',  ( 1.224646799147353207E-16, 0.000000000000000000, -1.000000000000000000 ) ) ;
#197 = MECHANICAL_DESIGN_GEOMETRIC_PRESENTATION_REPRESENTATION (  '', ( #3967 ), #4151 ) ;
#198 = VERTEX_POINT ( 'NONE', #7058 ) ;
#199 = CARTESIAN_POINT ( 'NONE',  ( -3.175000000000000711, 0.3750000000000000000, -1.904999999999999583 ) ) ;
#200 = DIRECTION ( 'NONE',  ( 1.000000000000000000, 0.000000000000000000, 0.000000000000000000 ) ) ;
#201 = ORIENTED_EDGE ( 'NONE', *, *, #4835, .T. ) ;
#202 = DIRECTION ( 'NONE',  ( 0.000000000000000000, 0.000000000000000000, 1.000000000000000000 ) ) ;
#203 = AXIS2_PLACEMENT_3D ( 'NONE', #5091, #2526, #5860 ) ;
#204 = VERTEX_POINT ( 'NONE', #228 ) ;
#205 = CARTESIAN_POINT ( 'NONE',  ( -5.715000000000000746, 0.000000000000000000, -0.6349999999999992317 ) ) ;
#206 = FACE_OUTER_BOUND ( 'NONE', #7331, .T. ) ;
#207 = PRESENTATION_LAYER_ASSIGNMENT (  '', '', ( #1658 ) ) ;
#208 =( NAMED_UNIT ( * ) SI_UNIT ( $, .STERADIAN. ) SOLID_ANGLE_UNIT ( ) );
#209 = EDGE_CURVE ( 'NONE', #8546, #9297, #8560, .T. ) ;
#210 = DIRECTION ( 'NONE',  ( 0.000000000000000000, 0.000000000000000000, -1.000000000000000000 ) ) ;
#211 = AXIS2_PLACEMENT_3D ( 'NONE', #3458, #10911, #3398 ) ;
#212 = DIRECTION ( 'NONE',  ( 0.000000000000000000, -1.000000000000000000, 0.000000000000000000 ) ) ;
#213 = CIRCLE ( 'NONE', #7198, 0.1870828693386972497 ) ;
#214 = EDGE_LOOP ( 'NONE', ( #4798, #3309 ) ) ;
#215 = CARTESIAN_POINT ( 'NONE',  ( 0.6349999999999992317, 0.3750000000000000000, 1.905000000000000471 ) ) ;
#216 = PRESENTATION_LAYER_ASSIGNMENT (  '', '', ( #6667 ) ) ;
#217 = EDGE_LOOP ( 'NONE', ( #1560, #9185, #9009 ) ) ;
#218 = EDGE_CURVE ( 'NONE', #4858, #9624, #8388, .T. ) ;
#219 = CARTESIAN_POINT ( 'NONE',  ( 6.985000000000000320, 0.6999999999999999556, 6.985000000000001208 ) ) ;
#220 = DIRECTION ( 'NONE',  ( 0.000000000000000000, 0.000000000000000000, -1.000000000000000000 ) ) ;
#221 = CIRCLE ( 'NONE', #1129, 0.3749999999999998890 ) ;
#222 = ORIENTED_EDGE ( 'NONE', *, *, #4588, .T. ) ;
#223 =( LENGTH_UNIT ( ) NAMED_UNIT ( * ) SI_UNIT ( .MILLI., .METRE. ) );
#224 = DIRECTION ( 'NONE',  ( -1.000000000000000000, 0.000000000000000000, 0.000000000000000000 ) ) ;
#225 = SURFACE_SIDE_STYLE ('',( #8618 ) ) ;
#226 = DIRECTION ( 'NONE',  ( 0.000000000000000000, 0.000000000000000000, -1.000000000000000000 ) ) ;
#227 = SURFACE_SIDE_STYLE ('',( #7174 ) ) ;
#228 = CARTESIAN_POINT ( 'NONE',  ( -6.985000000000000320, 0.000000000000000000, 0.6350000000000001199 ) ) ;
#229 = AXIS2_PLACEMENT_3D ( 'NONE', #10385, #6142, #3710 ) ;
#230 = DIRECTION ( 'NONE',  ( 0.000000000000000000, 0.000000000000000000, 1.000000000000000000 ) ) ;
#231 = CARTESIAN_POINT ( 'NONE',  ( 7.499999999999994671, 0.7000000000000000666, -7.499999999999998224 ) ) ;
#232 = SURFACE_STYLE_USAGE ( .BOTH. , #2134 ) ;
#233 = CARTESIAN_POINT ( 'NONE',  ( -5.715000000000000746, 0.3750000000000000000, 4.445000000000001172 ) ) ;
#234 = DIRECTION ( 'NONE',  ( 1.224646799147353207E-16, 0.000000000000000000, -1.000000000000000000 ) ) ;
#235 = CARTESIAN_POINT ( 'NONE',  ( -1.905000000000000471, 0.3750000000000000000, -5.714999999999999858 ) ) ;
#236 = FILL_AREA_STYLE_COLOUR ( '', #5986 ) ;
#237 = ORIENTED_EDGE ( 'NONE', *, *, #5118, .T. ) ;
#238 = CARTESIAN_POINT ( 'NONE',  ( -2.092082869338697915, 0.6999999999999998446, 6.985000000000001208 ) ) ;
#239 = CARTESIAN_POINT ( 'NONE',  ( 5.715000000000000746, 0.3750000000000000000, 5.715000000000001634 ) ) ;
#240 = EDGE_CURVE ( 'NONE', #3939, #9157, #2311, .T. ) ;
#241 = EDGE_CURVE ( 'NONE', #5782, #6234, #7136, .T. ) ;
#242 = EDGE_CURVE ( 'NONE', #754, #1461, #3577, .T. ) ;
#243 =( NAMED_UNIT ( * ) PLANE_ANGLE_UNIT ( ) SI_UNIT ( $, .RADIAN. ) );
#244 = AXIS2_PLACEMENT_3D ( 'NONE', #10914, #22, #9387 ) ;
#245 = DIRECTION ( 'NONE',  ( 0.000000000000000000, 0.000000000000000000, 1.000000000000000000 ) ) ;
#246 = COLOUR_RGB ( '',0.7921568627450980005, 0.8196078431372548767, 0.9333333333333333481 ) ;
#247 = ORIENTED_EDGE ( 'NONE', *, *, #10485, .F. ) ;
#248 = SURFACE_STYLE_USAGE ( .BOTH. , #1832 ) ;
#249 = EDGE_CURVE ( 'NONE', #7422, #10704, #6410, .T. ) ;
#250 = DIRECTION ( 'NONE',  ( -1.000000000000000000, 0.000000000000000000, 0.000000000000000000 ) ) ;
#251 = EDGE_CURVE ( 'NONE', #5187, #6332, #9242, .T. ) ;
#252 = ORIENTED_EDGE ( 'NONE', *, *, #7333, .F. ) ;
#253 = DIRECTION ( 'NONE',  ( -1.000000000000000000, 0.000000000000000000, 0.000000000000000000 ) ) ;
#254 = FILL_AREA_STYLE_COLOUR ( '', #9811 ) ;
#255 = UNCERTAINTY_MEASURE_WITH_UNIT (LENGTH_MEASURE( 1.000000000000000082E-05 ), #9689, 'distance_accuracy_value', 'NONE');
#256 = ORIENTED_EDGE ( 'NONE', *, *, #2928, .T. ) ;
#257 = FACE_OUTER_BOUND ( 'NONE', #10272, .T. ) ;
#258 = DIRECTION ( 'NONE',  ( 0.000000000000000000, -0.000000000000000000, -1.000000000000000000 ) ) ;
#259 = AXIS2_PLACEMENT_3D ( 'NONE', #2117, #3863, #4859 ) ;
#260 = SURFACE_STYLE_FILL_AREA ( #4375 ) ;
#261 = CYLINDRICAL_SURFACE ( 'NONE', #7343, 0.5999999999999998668 ) ;
#262 = STYLED_ITEM ( 'NONE', ( #3527 ), #2371 ) ;
#263 = FACE_OUTER_BOUND ( 'NONE', #6579, .T. ) ;
#264 = AXIS2_PLACEMENT_3D ( 'NONE', #5599, #7913, #6328 ) ;
#265 = EDGE_CURVE ( 'NONE', #103, #6609, #10870, .T. ) ;
#266 = ORIENTED_EDGE ( 'NONE', *, *, #7318, .T. ) ;
#267 = UNCERTAINTY_MEASURE_WITH_UNIT (LENGTH_MEASURE( 1.000000000000000082E-05 ), #4461, 'distance_accuracy_value', 'NONE');
#268 = VERTEX_POINT ( 'NONE', #2774 ) ;
#269 = SPHERICAL_SURFACE ( 'NONE', #10692, 0.3750000000000000000 ) ;
#270 = DIRECTION ( 'NONE',  ( 1.224646799147353207E-16, 0.000000000000000000, -1.000000000000000000 ) ) ;
#271 = VERTEX_POINT ( 'NONE', #9531 ) ;
#272 = CIRCLE ( 'NONE', #5274, 0.3749999999999998890 ) ;
#273 = CARTESIAN_POINT ( 'NONE',  ( -5.715000000000000746, 0.000000000000000000, -5.714999999999999858 ) ) ;
#274 = SPHERICAL_SURFACE ( 'NONE', #2876, 0.3750000000000000000 ) ;
#275 = COLOUR_RGB ( '',0.7921568627450980005, 0.8196078431372548767, 0.9333333333333333481 ) ;
#276 = PRESENTATION_STYLE_ASSIGNMENT (( #6148 ) ) ;
#277 = DIRECTION ( 'NONE',  ( -0.000000000000000000, 1.000000000000000000, -0.000000000000000000 ) ) ;
#278 = COLOUR_RGB ( '',0.7921568627450980005, 0.8196078431372548767, 0.9333333333333333481 ) ;
#279 = SURFACE_STYLE_USAGE ( .BOTH. , #8729 ) ;
#280 =( GEOMETRIC_REPRESENTATION_CONTEXT ( 3 ) GLOBAL_UNCERTAINTY_ASSIGNED_CONTEXT ( ( #1731 ) ) GLOBAL_UNIT_ASSIGNED_CONTEXT ( ( #1857, #167, #1911 ) ) REPRESENTATION_CONTEXT ( 'NONE', 'WORKASPACE' ) );
#281 = SURFACE_STYLE_USAGE ( .BOTH. , #2880 ) ;
#282 = CARTESIAN_POINT ( 'NONE',  ( 6.985000000000000320, 0.6999999999999998446, -1.904999999999999583 ) ) ;
#283 = PRESENTATION_STYLE_ASSIGNMENT (( #232 ) ) ;
#284 = DIRECTION ( 'NONE',  ( 1.224646799147353207E-16, 0.000000000000000000, -1.000000000000000000 ) ) ;
#285 = FACE_OUTER_BOUND ( 'NONE', #10266, .T. ) ;
#286 = CIRCLE ( 'NONE', #2073, 0.1870828693386972497 ) ;
#287 =( GEOMETRIC_REPRESENTATION_CONTEXT ( 3 ) GLOBAL_UNCERTAINTY_ASSIGNED_CONTEXT ( ( #717 ) ) GLOBAL_UNIT_ASSIGNED_CONTEXT ( ( #7945, #8720, #113 ) ) REPRESENTATION_CONTEXT ( 'NONE', 'WORKASPACE' ) );
#288 = CARTESIAN_POINT ( 'NONE',  ( -6.985000000000000320, 0.3750000000000000000, 4.445000000000001172 ) ) ;
#289 = PRESENTATION_STYLE_ASSIGNMENT (( #2080 ) ) ;
#290 = ORIENTED_EDGE ( 'NONE', *, *, #4769, .F. ) ;
#291 = ORIENTED_EDGE ( 'NONE', *, *, #3751, .F. ) ;
#292 = FACE_OUTER_BOUND ( 'NONE', #3264, .T. ) ;
#293 = ORIENTED_EDGE ( 'NONE', *, *, #10621, .T. ) ;
#294 = DIRECTION ( 'NONE',  ( -0.000000000000000000, 1.000000000000000000, -0.000000000000000000 ) ) ;
#295 = COLOUR_RGB ( '',0.7921568627450980005, 0.8196078431372548767, 0.9333333333333333481 ) ;
#296 = CIRCLE ( 'NONE', #3182, 0.3750000000000003331 ) ;
#297 = SURFACE_STYLE_USAGE ( .BOTH. , #3791 ) ;
#298 = DIRECTION ( 'NONE',  ( 0.000000000000000000, 0.000000000000000000, 1.000000000000000000 ) ) ;
#299 = EDGE_CURVE ( 'NONE', #4928, #9223, #3770, .T. ) ;
#300 = MECHANICAL_DESIGN_GEOMETRIC_PRESENTATION_REPRESENTATION (  '', ( #3720 ), #10289 ) ;
#301 = DIRECTION ( 'NONE',  ( 0.000000000000000000, 0.000000000000000000, 1.000000000000000000 ) ) ;
#302 = SURFACE_STYLE_FILL_AREA ( #9709 ) ;
#303 = EDGE_CURVE ( 'NONE', #682, #4318, #5709, .T. ) ;
#304 = AXIS2_PLACEMENT_3D ( 'NONE', #1336, #1457, #6415 ) ;
#305 = ORIENTED_EDGE ( 'NONE', *, *, #3631, .F. ) ;
#306 = FACE_OUTER_BOUND ( 'NONE', #4939, .T. ) ;
#307 = ORIENTED_EDGE ( 'NONE', *, *, #9469, .F. ) ;
#308 = CARTESIAN_POINT ( 'NONE',  ( -5.715000000000000746, 0.000000000000000000, -6.985000000000000320 ) ) ;
#309 = AXIS2_PLACEMENT_3D ( 'NONE', #4351, #7015, #9535 ) ;
#310 = ORIENTED_EDGE ( 'NONE', *, *, #7844, .F. ) ;
#311 = EDGE_LOOP ( 'NONE', ( #3231, #10441, #1498 ) ) ;
#312 =( GEOMETRIC_REPRESENTATION_CONTEXT ( 3 ) GLOBAL_UNCERTAINTY_ASSIGNED_CONTEXT ( ( #8432 ) ) GLOBAL_UNIT_ASSIGNED_CONTEXT ( ( #9969, #9906, #482 ) ) REPRESENTATION_CONTEXT ( 'NONE', 'WORKASPACE' ) );
#313 = CARTESIAN_POINT ( 'NONE',  ( 5.715000000000000746, 0.6999999999999999556, 3.175000000000000711 ) ) ;
#314 = SURFACE_STYLE_USAGE ( .BOTH. , #7151 ) ;
#315 = AXIS2_PLACEMENT_3D ( 'NONE', #10228, #9323, #8617 ) ;
#316 = DIRECTION ( 'NONE',  ( 1.000000000000000000, 0.000000000000000000, 0.000000000000000000 ) ) ;
#317 = ADVANCED_FACE ( 'NONE', ( #9741 ), #7225, .T. ) ;
#318 = CARTESIAN_POINT ( 'NONE',  ( 7.172082869338698430, 0.6999999999999998446, 6.985000000000001208 ) ) ;
#319 = EDGE_CURVE ( 'NONE', #6709, #894, #7694, .T. ) ;
#320 = CLOSED_SHELL ( 'NONE', ( #471, #11022, #768 ) ) ;
#321 = DIRECTION ( 'NONE',  ( 1.000000000000000000, 0.000000000000000000, 0.000000000000000000 ) ) ;
#322 = DIRECTION ( 'NONE',  ( 0.000000000000000000, 0.000000000000000000, 1.000000000000000000 ) ) ;
#323 = DIRECTION ( 'NONE',  ( 1.000000000000000000, 0.000000000000000000, 0.000000000000000000 ) ) ;
#324 = ORIENTED_EDGE ( 'NONE', *, *, #10209, .F. ) ;
#325 = DIRECTION ( 'NONE',  ( 0.000000000000000000, 0.000000000000000000, 1.000000000000000000 ) ) ;
#326 = CIRCLE ( 'NONE', #5155, 0.3749999999999998890 ) ;
#327 = EDGE_LOOP ( 'NONE', ( #8948, #5250, #8890, #10725 ) ) ;
#328 = DIRECTION ( 'NONE',  ( -1.000000000000000000, 0.000000000000000000, 0.000000000000000000 ) ) ;
#329 = EDGE_LOOP ( 'NONE', ( #1109, #6385 ) ) ;
#330 = CLOSED_SHELL ( 'NONE', ( #4702, #536, #2605 ) ) ;
#331 = CARTESIAN_POINT ( 'NONE',  ( -3.175000000000000711, 0.6999999999999999556, 4.445000000000001172 ) ) ;
#332 = DIRECTION ( 'NONE',  ( 0.000000000000000000, 0.000000000000000000, 1.000000000000000000 ) ) ;
#333 = DIRECTION ( 'NONE',  ( 0.000000000000000000, 0.000000000000000000, 1.000000000000000000 ) ) ;
#334 = DIRECTION ( 'NONE',  ( -0.000000000000000000, 1.000000000000000000, -0.000000000000000000 ) ) ;
#335 = CARTESIAN_POINT ( 'NONE',  ( -1.717917130661303249, 0.6999999999999998446, 4.445000000000001172 ) ) ;
#336 = EDGE_CURVE ( 'NONE', #35, #8208, #2302, .T. ) ;
#337 = CLOSED_SHELL ( 'NONE', ( #4952, #6122, #4560 ) ) ;
#338 = DIRECTION ( 'NONE',  ( -1.000000000000000000, 0.000000000000000000, 0.000000000000000000 ) ) ;
#339 = AXIS2_PLACEMENT_3D ( 'NONE', #1979, #6213, #5380 ) ;
#340 = FACE_OUTER_BOUND ( 'NONE', #2906, .T. ) ;
#341 = PRESENTATION_STYLE_ASSIGNMENT (( #1972 ) ) ;
#342 = CARTESIAN_POINT ( 'NONE',  ( 1.904999999999999583, 0.3750000000000000000, 0.6350000000000001199 ) ) ;
#343 = CARTESIAN_POINT ( 'NONE',  ( 3.174999999999999822, 0.3750000000000000000, 5.715000000000001634 ) ) ;
#344 = CARTESIAN_POINT ( 'NONE',  ( -6.797917130661303098, 0.6999999999999998446, 5.715000000000001634 ) ) ;
#345 = VECTOR ( 'NONE', #1353, 1000.000000000000000 ) ;
#346 = DIRECTION ( 'NONE',  ( -0.000000000000000000, 1.000000000000000000, -0.000000000000000000 ) ) ;
#347 = AXIS2_PLACEMENT_3D ( 'NONE', #10609, #9861, #10561 ) ;
#348 = CARTESIAN_POINT ( 'NONE',  ( 7.499999999999994671, 0.7000000000000000666, 7.500000000000001776 ) ) ;
#349 =( NAMED_UNIT ( * ) PLANE_ANGLE_UNIT ( ) SI_UNIT ( $, .RADIAN. ) );
#350 = ORIENTED_EDGE ( 'NONE', *, *, #1029, .F. ) ;
#351 = ORIENTED_EDGE ( 'NONE', *, *, #9175, .T. ) ;
#352 = ORIENTED_EDGE ( 'NONE', *, *, #2024, .T. ) ;
#353 = CIRCLE ( 'NONE', #4120, 0.3750000000000003331 ) ;
#354 = FACE_OUTER_BOUND ( 'NONE', #5292, .T. ) ;
#355 = AXIS2_PLACEMENT_3D ( 'NONE', #4131, #5846, #1672 ) ;
#356 = MECHANICAL_DESIGN_GEOMETRIC_PRESENTATION_REPRESENTATION (  '', ( #7698 ), #4626 ) ;
#357 = DIRECTION ( 'NONE',  ( 1.000000000000000000, 0.000000000000000000, 0.000000000000000000 ) ) ;
#358 = DIRECTION ( 'NONE',  ( 0.000000000000000000, 0.000000000000000000, -1.000000000000000000 ) ) ;
#359 = AXIS2_PLACEMENT_3D ( 'NONE', #4270, #7673, #8505 ) ;
#360 = DIRECTION ( 'NONE',  ( 0.000000000000000000, 0.000000000000000000, -1.000000000000000000 ) ) ;
#361 = CIRCLE ( 'NONE', #5009, 0.3750000000000003331 ) ;
#362 = CARTESIAN_POINT ( 'NONE',  ( 6.985000000000000320, 0.6999999999999999556, -1.904999999999999583 ) ) ;
#363 = CIRCLE ( 'NONE', #3046, 0.3749999999999998890 ) ;
#364 = ORIENTED_EDGE ( 'NONE', *, *, #4815, .T. ) ;
#365 = DIRECTION ( 'NONE',  ( 1.000000000000000000, 0.000000000000000000, 0.000000000000000000 ) ) ;
#366 = AXIS2_PLACEMENT_3D ( 'NONE', #642, #3516, #8587 ) ;
#367 = VERTEX_POINT ( 'NONE', #2930 ) ;
#368 = CARTESIAN_POINT ( 'NONE',  ( 5.715000000000000746, 0.6999999999999998446, -6.985000000000000320 ) ) ;
#369 = DIRECTION ( 'NONE',  ( 0.000000000000000000, -1.000000000000000000, 0.000000000000000000 ) ) ;
#370 = AXIS2_PLACEMENT_3D ( 'NONE', #7056, #10448, #2128 ) ;
#371 = VERTEX_POINT ( 'NONE', #9039 ) ;
#372 = EDGE_CURVE ( 'NONE', #8320, #2286, #3412, .T. ) ;
#373 = CARTESIAN_POINT ( 'NONE',  ( -4.445000000000001172, 0.3750000000000000000, 6.985000000000001208 ) ) ;
#374 =( NAMED_UNIT ( * ) PLANE_ANGLE_UNIT ( ) SI_UNIT ( $, .RADIAN. ) );
#375 = DIRECTION ( 'NONE',  ( 1.000000000000000000, 0.000000000000000000, 0.000000000000000000 ) ) ;
#376 = EDGE_CURVE ( 'NONE', #2316, #3850, #10162, .T. ) ;
#377 = DIRECTION ( 'NONE',  ( -1.000000000000000000, 0.000000000000000000, 0.000000000000000000 ) ) ;
#378 = PRESENTATION_STYLE_ASSIGNMENT (( #3969 ) ) ;
#379 = SURFACE_SIDE_STYLE ('',( #10277 ) ) ;
#380 =( NAMED_UNIT ( * ) SI_UNIT ( $, .STERADIAN. ) SOLID_ANGLE_UNIT ( ) );
#381 = DIRECTION ( 'NONE',  ( 1.000000000000000000, 0.000000000000000000, 0.000000000000000000 ) ) ;
#382 = EDGE_LOOP ( 'NONE', ( #1652, #8049, #4518 ) ) ;
#383 = MECHANICAL_DESIGN_GEOMETRIC_PRESENTATION_REPRESENTATION (  '', ( #10362 ), #1473 ) ;
#384 = UNCERTAINTY_MEASURE_WITH_UNIT (LENGTH_MEASURE( 1.000000000000000082E-05 ), #3642, 'distance_accuracy_value', 'NONE');
#385 = ORIENTED_EDGE ( 'NONE', *, *, #5243, .T. ) ;
#386 = ADVANCED_FACE ( 'NONE', ( #8109 ), #5478, .T. ) ;
#387 = DIRECTION ( 'NONE',  ( 0.000000000000000000, 0.000000000000000000, -1.000000000000000000 ) ) ;
#388 = ADVANCED_FACE ( 'NONE', ( #8883 ), #2130, .F. ) ;
#389 = DIRECTION ( 'NONE',  ( 0.000000000000000000, 0.000000000000000000, 1.000000000000000000 ) ) ;
#390 = ORIENTED_EDGE ( 'NONE', *, *, #2736, .F. ) ;
#391 = CARTESIAN_POINT ( 'NONE',  ( 5.527917130661303524, 0.6999999999999998446, 6.985000000000001208 ) ) ;
#392 = AXIS2_PLACEMENT_3D ( 'NONE', #3890, #1431, #10631 ) ;
#393 = CARTESIAN_POINT ( 'NONE',  ( -5.527917130661303524, 0.6999999999999998446, 3.175000000000000711 ) ) ;
#394 = DIRECTION ( 'NONE',  ( 1.224646799147353207E-16, 0.000000000000000000, -1.000000000000000000 ) ) ;
#395 = DIRECTION ( 'NONE',  ( -1.000000000000000000, 0.000000000000000000, 0.000000000000000000 ) ) ;
#396 =( GEOMETRIC_REPRESENTATION_CONTEXT ( 3 ) GLOBAL_UNCERTAINTY_ASSIGNED_CONTEXT ( ( #7439 ) ) GLOBAL_UNIT_ASSIGNED_CONTEXT ( ( #5333, #9598, #1989 ) ) REPRESENTATION_CONTEXT ( 'NONE', 'WORKASPACE' ) );
#397 = EDGE_CURVE ( 'NONE', #8544, #6893, #3760, .T. ) ;
#398 = SURFACE_SIDE_STYLE ('',( #3928 ) ) ;
#399 = CARTESIAN_POINT ( 'NONE',  ( -0.6350000000000001199, 0.6999999999999998446, 6.985000000000001208 ) ) ;
#400 = ADVANCED_FACE ( 'NONE', ( #4756 ), #3874, .F. ) ;
#401 = MECHANICAL_DESIGN_GEOMETRIC_PRESENTATION_REPRESENTATION (  '', ( #2742 ), #7199 ) ;
#402 = CARTESIAN_POINT ( 'NONE',  ( -4.445000000000001172, 0.6999999999999998446, -0.6349999999999992317 ) ) ;
#403 = VECTOR ( 'NONE', #2418, 1000.000000000000000 ) ;
#404 = DIRECTION ( 'NONE',  ( 1.000000000000000000, 0.000000000000000000, 0.000000000000000000 ) ) ;
#405 = CARTESIAN_POINT ( 'NONE',  ( 1.717917130661302361, 0.6999999999999998446, 0.6350000000000001199 ) ) ;
#406 = ORIENTED_EDGE ( 'NONE', *, *, #193, .F. ) ;
#407 = EDGE_LOOP ( 'NONE', ( #4218, #7666, #7914, #6910 ) ) ;
#408 = DIRECTION ( 'NONE',  ( 0.000000000000000000, 0.000000000000000000, 1.000000000000000000 ) ) ;
#409 = SURFACE_STYLE_USAGE ( .BOTH. , #8077 ) ;
#410 = ADVANCED_FACE ( 'NONE', ( #5590 ), #3985, .T. ) ;
#411 = ORIENTED_EDGE ( 'NONE', *, *, #9066, .F. ) ;
#412 = CARTESIAN_POINT ( 'NONE',  ( 1.717917130661302361, 0.6999999999999998446, 6.985000000000001208 ) ) ;
#413 = ADVANCED_FACE ( 'NONE', ( #3772 ), #501, .T. ) ;
#414 = DIRECTION ( 'NONE',  ( 0.000000000000000000, 0.000000000000000000, 1.000000000000000000 ) ) ;
#415 = FILL_AREA_STYLE ('',( #1323 ) ) ;
#416 = FILL_AREA_STYLE ('',( #8846 ) ) ;
#417 = ORIENTED_EDGE ( 'NONE', *, *, #8526, .T. ) ;
#418 = DIRECTION ( 'NONE',  ( 0.000000000000000000, 0.000000000000000000, 1.000000000000000000 ) ) ;
#419 = DIRECTION ( 'NONE',  ( 0.000000000000000000, 0.000000000000000000, 1.000000000000000000 ) ) ;
#420 = FACE_OUTER_BOUND ( 'NONE', #6090, .T. ) ;
#421 = ORIENTED_EDGE ( 'NONE', *, *, #4971, .F. ) ;
#422 = AXIS2_PLACEMENT_3D ( 'NONE', #7640, #1755, #8674 ) ;
#423 = CARTESIAN_POINT ( 'NONE',  ( -5.715000000000000746, 0.000000000000000000, 3.175000000000000711 ) ) ;
#424 = ADVANCED_FACE ( 'NONE', ( #8160 ), #2247, .F. ) ;
#425 = DIRECTION ( 'NONE',  ( -1.000000000000000000, 0.000000000000000000, 0.000000000000000000 ) ) ;
#426 = AXIS2_PLACEMENT_3D ( 'NONE', #7964, #7133, #2898 ) ;
#427 =( NAMED_UNIT ( * ) SI_UNIT ( $, .STERADIAN. ) SOLID_ANGLE_UNIT ( ) );
#428 = FILL_AREA_STYLE ('',( #3809 ) ) ;
#429 = MECHANICAL_DESIGN_GEOMETRIC_PRESENTATION_REPRESENTATION (  '', ( #808 ), #1337 ) ;
#430 = CARTESIAN_POINT ( 'NONE',  ( -6.985000000000000320, 0.3750000000000000000, 3.175000000000000711 ) ) ;
#431 = VERTEX_POINT ( 'NONE', #4874 ) ;
#432 = PRESENTATION_STYLE_ASSIGNMENT (( #8868 ) ) ;
#433 = ORIENTED_EDGE ( 'NONE', *, *, #945, .T. ) ;
#434 = CIRCLE ( 'NONE', #2787, 0.3750000000000003331 ) ;
#435 = CARTESIAN_POINT ( 'NONE',  ( 1.904999999999999583, 0.3750000000000000000, -6.985000000000000320 ) ) ;
#436 = CARTESIAN_POINT ( 'NONE',  ( -4.445000000000001172, 0.3750000000000000000, 4.445000000000001172 ) ) ;
#437 = ORIENTED_EDGE ( 'NONE', *, *, #3883, .F. ) ;
#438 = CARTESIAN_POINT ( 'NONE',  ( 4.445000000000000284, 0.3750000000000000000, -4.444999999999999396 ) ) ;
#439 = CARTESIAN_POINT ( 'NONE',  ( 4.632082869338697506, 0.6999999999999998446, 6.985000000000001208 ) ) ;
#440 = FACE_OUTER_BOUND ( 'NONE', #7764, .T. ) ;
#441 = CARTESIAN_POINT ( 'NONE',  ( -3.175000000000000711, 0.3750000000000000000, -1.904999999999999583 ) ) ;
#442 = FILL_AREA_STYLE_COLOUR ( '', #8764 ) ;
#443 = AXIS2_PLACEMENT_3D ( 'NONE', #653, #7610, #6769 ) ;
#445 = ADVANCED_FACE ( 'NONE', ( #7176 ), #3441, .T. ) ;
#444 =( GEOMETRIC_REPRESENTATION_CONTEXT ( 3 ) GLOBAL_UNCERTAINTY_ASSIGNED_CONTEXT ( ( #7665 ) ) GLOBAL_UNIT_ASSIGNED_CONTEXT ( ( #2627, #996, #9398 ) ) REPRESENTATION_CONTEXT ( 'NONE', 'WORKASPACE' ) );
#446 = DIRECTION ( 'NONE',  ( 1.224646799147353207E-16, 0.000000000000000000, -1.000000000000000000 ) ) ;
#447 = DIRECTION ( 'NONE',  ( 1.000000000000000000, 0.000000000000000000, 0.000000000000000000 ) ) ;
#448 = DIRECTION ( 'NONE',  ( 1.000000000000000000, 0.000000000000000000, 0.000000000000000000 ) ) ;
#449 =( NAMED_UNIT ( * ) SI_UNIT ( $, .STERADIAN. ) SOLID_ANGLE_UNIT ( ) );
#450 = AXIS2_PLACEMENT_3D ( 'NONE', #3566, #4507, #10350 ) ;
#451 = DIRECTION ( 'NONE',  ( 0.000000000000000000, 0.000000000000000000, 1.000000000000000000 ) ) ;
#452 = CARTESIAN_POINT ( 'NONE',  ( -3.175000000000000711, 0.000000000000000000, -1.904999999999999583 ) ) ;
#453 = EDGE_CURVE ( 'NONE', #6648, #9895, #9592, .T. ) ;
#454 = ADVANCED_FACE ( 'NONE', ( #4273 ), #9194, .T. ) ;
#455 = EDGE_CURVE ( 'NONE', #7508, #9223, #8205, .T. ) ;
#456 = SURFACE_SIDE_STYLE ('',( #3834 ) ) ;
#457 = FILL_AREA_STYLE_COLOUR ( '', #6901 ) ;
#458 = ADVANCED_FACE ( 'NONE', ( #8509 ), #3325, .T. ) ;
#459 = VERTEX_POINT ( 'NONE', #5043 ) ;
#460 = EDGE_LOOP ( 'NONE', ( #1834, #6522, #7160 ) ) ;
#461 = DIRECTION ( 'NONE',  ( 0.000000000000000000, 0.000000000000000000, 1.000000000000000000 ) ) ;
#462 = PRESENTATION_LAYER_ASSIGNMENT (  '', '', ( #9017 ) ) ;
#463 = DIRECTION ( 'NONE',  ( -0.000000000000000000, 1.000000000000000000, -0.000000000000000000 ) ) ;
#464 = SURFACE_SIDE_STYLE ('',( #7962 ) ) ;
#465 = SPHERICAL_SURFACE ( 'NONE', #4683, 0.3750000000000000000 ) ;
#466 =( NAMED_UNIT ( * ) PLANE_ANGLE_UNIT ( ) SI_UNIT ( $, .RADIAN. ) );
#467 = AXIS2_PLACEMENT_3D ( 'NONE', #1709, #4006, #3402 ) ;
#468 = CARTESIAN_POINT ( 'NONE',  ( -5.715000000000000746, 0.3750000000000000000, -5.714999999999999858 ) ) ;
#469 = CIRCLE ( 'NONE', #3877, 0.3750000000000003331 ) ;
#470 = PRESENTATION_STYLE_ASSIGNMENT (( #5500 ) ) ;
#471 = ADVANCED_FACE ( 'NONE', ( #5976 ), #5757, .T. ) ;
#472 = FACE_OUTER_BOUND ( 'NONE', #7865, .T. ) ;
#473 = ORIENTED_EDGE ( 'NONE', *, *, #5206, .T. ) ;
#474 = DIRECTION ( 'NONE',  ( 0.000000000000000000, -1.000000000000000000, 0.000000000000000000 ) ) ;
#475 =( NAMED_UNIT ( * ) PLANE_ANGLE_UNIT ( ) SI_UNIT ( $, .RADIAN. ) );
#476 = CARTESIAN_POINT ( 'NONE',  ( -6.985000000000000320, 0.3750000000000000000, -4.444999999999999396 ) ) ;
#477 = ORIENTED_EDGE ( 'NONE', *, *, #10204, .T. ) ;
#478 = DIRECTION ( 'NONE',  ( 0.000000000000000000, 0.000000000000000000, 1.000000000000000000 ) ) ;
#479 = DIRECTION ( 'NONE',  ( 0.000000000000000000, 0.000000000000000000, 1.000000000000000000 ) ) ;
#480 = CARTESIAN_POINT ( 'NONE',  ( -5.715000000000000746, 0.000000000000000000, 1.905000000000000471 ) ) ;
#481 = CIRCLE ( 'NONE', #7982, 0.3749999999999998890 ) ;
#482 =( NAMED_UNIT ( * ) SI_UNIT ( $, .STERADIAN. ) SOLID_ANGLE_UNIT ( ) );
#483 = FILL_AREA_STYLE_COLOUR ( '', #1522 ) ;
#484 = DIRECTION ( 'NONE',  ( 0.000000000000000000, 0.000000000000000000, 1.000000000000000000 ) ) ;
#485 = ORIENTED_EDGE ( 'NONE', *, *, #10024, .F. ) ;
#486 = DIRECTION ( 'NONE',  ( -0.000000000000000000, 1.000000000000000000, -0.000000000000000000 ) ) ;
#487 = UNCERTAINTY_MEASURE_WITH_UNIT (LENGTH_MEASURE( 1.000000000000000082E-05 ), #4694, 'distance_accuracy_value', 'NONE');
#488 = EDGE_LOOP ( 'NONE', ( #252, #6067, #10821 ) ) ;
#489 = DIRECTION ( 'NONE',  ( -0.000000000000000000, 1.000000000000000000, -0.000000000000000000 ) ) ;
#490 = LINE ( 'NONE', #9917, #3624 ) ;
#491 = EDGE_LOOP ( 'NONE', ( #3030, #7336, #2891 ) ) ;
#492 = DIRECTION ( 'NONE',  ( -1.000000000000000000, 0.000000000000000000, 0.000000000000000000 ) ) ;
#493 = AXIS2_PLACEMENT_3D ( 'NONE', #4686, #5454, #6408 ) ;
#494 = DIRECTION ( 'NONE',  ( 0.000000000000000000, 0.000000000000000000, -1.000000000000000000 ) ) ;
#495 = SPHERICAL_SURFACE ( 'NONE', #1908, 0.3750000000000000000 ) ;
#496 = CLOSED_SHELL ( 'NONE', ( #8978, #1487, #386 ) ) ;
#497 = DIRECTION ( 'NONE',  ( 1.000000000000000000, 0.000000000000000000, 0.000000000000000000 ) ) ;
#498 = CIRCLE ( 'NONE', #6767, 0.1870828693386972497 ) ;
#499 = DIRECTION ( 'NONE',  ( -1.000000000000000000, 0.000000000000000000, 0.000000000000000000 ) ) ;
#500 = CIRCLE ( 'NONE', #10847, 0.3750000000000003331 ) ;
#501 = SPHERICAL_SURFACE ( 'NONE', #1, 0.3750000000000000000 ) ;
#502 = DIRECTION ( 'NONE',  ( 0.000000000000000000, 0.000000000000000000, 1.000000000000000000 ) ) ;
#503 = DIRECTION ( 'NONE',  ( 0.000000000000000000, 0.000000000000000000, -1.000000000000000000 ) ) ;
#504 = FACE_OUTER_BOUND ( 'NONE', #10107, .T. ) ;
#505 = CLOSED_SHELL ( 'NONE', ( #3808, #2808, #3858 ) ) ;
#506 = CARTESIAN_POINT ( 'NONE',  ( -6.985000000000000320, 0.6999999999999998446, 1.905000000000000471 ) ) ;
#507 = PRESENTATION_STYLE_ASSIGNMENT (( #5658 ) ) ;
#508 = AXIS2_PLACEMENT_3D ( 'NONE', #4340, #3494, #7839 ) ;
#509 = VERTEX_POINT ( 'NONE', #6840 ) ;
#510 = ORIENTED_EDGE ( 'NONE', *, *, #1300, .F. ) ;
#511 = APPLICATION_PROTOCOL_DEFINITION ( 'draft international standard', 'automotive_design', 1998, #6282 ) ;
#512 = FACE_OUTER_BOUND ( 'NONE', #5160, .T. ) ;
#513 = DIRECTION ( 'NONE',  ( 0.000000000000000000, 0.000000000000000000, 1.000000000000000000 ) ) ;
#514 = ORIENTED_EDGE ( 'NONE', *, *, #10703, .T. ) ;
#515 = FACE_OUTER_BOUND ( 'NONE', #3266, .T. ) ;
#516 = CLOSED_SHELL ( 'NONE', ( #946, #9325, #9159 ) ) ;
#517 = CARTESIAN_POINT ( 'NONE',  ( -1.905000000000000471, 0.3750000000000000000, -0.6349999999999992317 ) ) ;
#518 = EDGE_CURVE ( 'NONE', #5789, #10938, #4111, .T. ) ;
#519 = AXIS2_PLACEMENT_3D ( 'NONE', #6022, #4968, #785 ) ;
#520 = AXIS2_PLACEMENT_3D ( 'NONE', #6444, #6555, #8118 ) ;
#521 = CARTESIAN_POINT ( 'NONE',  ( -3.175000000000000711, 0.3750000000000000000, -1.904999999999999583 ) ) ;
#522 = PRESENTATION_STYLE_ASSIGNMENT (( #5776 ) ) ;
#523 = PRESENTATION_STYLE_ASSIGNMENT (( #8183 ) ) ;
#524 = AXIS2_PLACEMENT_3D ( 'NONE', #3154, #7279, #10672 ) ;
#525 = ORIENTED_EDGE ( 'NONE', *, *, #5118, .F. ) ;
#526 = CARTESIAN_POINT ( 'NONE',  ( 3.174999999999999822, 0.3750000000000000000, 6.985000000000001208 ) ) ;
#527 = AXIS2_PLACEMENT_3D ( 'NONE', #7631, #9373, #677 ) ;
#528 = CARTESIAN_POINT ( 'NONE',  ( -4.445000000000001172, 0.6999999999999998446, -4.444999999999999396 ) ) ;
#529 = EDGE_LOOP ( 'NONE', ( #1594, #3797, #9109 ) ) ;
#530 = DIRECTION ( 'NONE',  ( 0.000000000000000000, -0.000000000000000000, -1.000000000000000000 ) ) ;
#531 =( LENGTH_UNIT ( ) NAMED_UNIT ( * ) SI_UNIT ( .MILLI., .METRE. ) );
#532 = EDGE_CURVE ( 'NONE', #6052, #8456, #6239, .T. ) ;
#533 = EDGE_LOOP ( 'NONE', ( #2750, #2209, #10148 ) ) ;
#534 = CIRCLE ( 'NONE', #6810, 0.1870828693386972497 ) ;
#535 = PRESENTATION_LAYER_ASSIGNMENT (  '', '', ( #3413 ) ) ;
#536 = ADVANCED_FACE ( 'NONE', ( #10835 ), #667, .F. ) ;
#537 =( NAMED_UNIT ( * ) PLANE_ANGLE_UNIT ( ) SI_UNIT ( $, .RADIAN. ) );
#538 = AXIS2_PLACEMENT_3D ( 'NONE', #3436, #7566, #10944 ) ;
#539 = CARTESIAN_POINT ( 'NONE',  ( -4.445000000000001172, 0.3750000000000000000, 3.175000000000000711 ) ) ;
#540 = DIRECTION ( 'NONE',  ( -1.000000000000000000, 0.000000000000000000, 0.000000000000000000 ) ) ;
#541 = PRESENTATION_STYLE_ASSIGNMENT (( #4794 ) ) ;
#542 = ORIENTED_EDGE ( 'NONE', *, *, #6403, .F. ) ;
#543 = AXIS2_PLACEMENT_3D ( 'NONE', #8425, #7366, #1599 ) ;
#544 = CARTESIAN_POINT ( 'NONE',  ( 5.715000000000000746, 0.3750000000000000000, 4.445000000000001172 ) ) ;
#545 = VERTEX_POINT ( 'NONE', #2413 ) ;
#546 = DIRECTION ( 'NONE',  ( 1.000000000000000000, 0.000000000000000000, 0.000000000000000000 ) ) ;
#547 = AXIS2_PLACEMENT_3D ( 'NONE', #6423, #2350, #9851 ) ;
#548 = ORIENTED_EDGE ( 'NONE', *, *, #6181, .F. ) ;
#549 = FACE_OUTER_BOUND ( 'NONE', #1957, .T. ) ;
#550 = EDGE_CURVE ( 'NONE', #4591, #5694, #4999, .T. ) ;
#551 = STYLED_ITEM ( 'NONE', ( #926 ), #2896 ) ;
#552 = VERTEX_POINT ( 'NONE', #6720 ) ;
#553 = PRESENTATION_STYLE_ASSIGNMENT (( #1406 ) ) ;
#554 = EDGE_CURVE ( 'NONE', #3456, #7435, #2694, .T. ) ;
#555 = DIRECTION ( 'NONE',  ( 0.000000000000000000, 0.000000000000000000, 1.000000000000000000 ) ) ;
#556 = DIRECTION ( 'NONE',  ( 0.000000000000000000, 0.000000000000000000, -1.000000000000000000 ) ) ;
#557 = COLOUR_RGB ( '',0.7921568627450980005, 0.8196078431372548767, 0.9333333333333333481 ) ;
#558 = CARTESIAN_POINT ( 'NONE',  ( -4.445000000000001172, 0.3750000000000000000, -5.714999999999999858 ) ) ;
#559 = STYLED_ITEM ( 'NONE', ( #4154 ), #3043 ) ;
#560 = ORIENTED_EDGE ( 'NONE', *, *, #4009, .T. ) ;
#561 = SURFACE_STYLE_USAGE ( .BOTH. , #398 ) ;
#562 = FACE_OUTER_BOUND ( 'NONE', #7791, .T. ) ;
#563 = AXIS2_PLACEMENT_3D ( 'NONE', #9088, #3819, #4703 ) ;
#564 = CARTESIAN_POINT ( 'NONE',  ( -4.445000000000001172, 0.6999999999999998446, 4.445000000000001172 ) ) ;
#565 = CARTESIAN_POINT ( 'NONE',  ( 4.445000000000000284, 0.3750000000000000000, 0.6350000000000001199 ) ) ;
#566 = CARTESIAN_POINT ( 'NONE',  ( -6.000000000000005329, 5.070000000000000284, -6.599999999999997868 ) ) ;
#567 = DIRECTION ( 'NONE',  ( -0.000000000000000000, 1.000000000000000000, -0.000000000000000000 ) ) ;
#568 = CARTESIAN_POINT ( 'NONE',  ( 3.174999999999999822, 0.6999999999999998446, 0.6350000000000001199 ) ) ;
#569 =( GEOMETRIC_REPRESENTATION_CONTEXT ( 3 ) GLOBAL_UNCERTAINTY_ASSIGNED_CONTEXT ( ( #3200 ) ) GLOBAL_UNIT_ASSIGNED_CONTEXT ( ( #5439, #1878, #3680 ) ) REPRESENTATION_CONTEXT ( 'NONE', 'WORKASPACE' ) );
#570 = ORIENTED_EDGE ( 'NONE', *, *, #4573, .T. ) ;
#571 = ORIENTED_EDGE ( 'NONE', *, *, #6921, .F. ) ;
#572 = FACE_OUTER_BOUND ( 'NONE', #7140, .T. ) ;
#573 = SURFACE_STYLE_USAGE ( .BOTH. , #5550 ) ;
#574 = CIRCLE ( 'NONE', #5227, 0.1870828693386972497 ) ;
#575 = ORIENTED_EDGE ( 'NONE', *, *, #6313, .T. ) ;
#576 = DIRECTION ( 'NONE',  ( 1.224646799147353207E-16, 0.000000000000000000, -1.000000000000000000 ) ) ;
#577 = DIRECTION ( 'NONE',  ( -1.000000000000000000, 0.000000000000000000, 0.000000000000000000 ) ) ;
#578 = AXIS2_PLACEMENT_3D ( 'NONE', #8115, #7284, #448 ) ;
#579 = DIRECTION ( 'NONE',  ( 0.000000000000000000, 0.000000000000000000, 1.000000000000000000 ) ) ;
#580 = DIRECTION ( 'NONE',  ( 1.000000000000000000, 0.000000000000000000, 0.000000000000000000 ) ) ;
#581 = EDGE_CURVE ( 'NONE', #784, #2794, #1439, .T. ) ;
#582 = ADVANCED_FACE ( 'NONE', ( #5811 ), #3, .T. ) ;
#583 = ORIENTED_EDGE ( 'NONE', *, *, #1232, .F. ) ;
#584 = DIRECTION ( 'NONE',  ( 0.000000000000000000, -0.000000000000000000, -1.000000000000000000 ) ) ;
#585 = ORIENTED_EDGE ( 'NONE', *, *, #5533, .T. ) ;
#586 = PRESENTATION_STYLE_ASSIGNMENT (( #9959 ) ) ;
#587 = UNCERTAINTY_MEASURE_WITH_UNIT (LENGTH_MEASURE( 1.000000000000000082E-05 ), #10475, 'distance_accuracy_value', 'NONE');
#588 = ORIENTED_EDGE ( 'NONE', *, *, #6390, .T. ) ;
#589 = CARTESIAN_POINT ( 'NONE',  ( -6.000000000000005329, 5.120000000000000107, -5.999999999999998224 ) ) ;
#590 = EDGE_CURVE ( 'NONE', #8073, #459, #170, .T. ) ;
#591 = EDGE_CURVE ( 'NONE', #2650, #3850, #704, .T. ) ;
#592 = ORIENTED_EDGE ( 'NONE', *, *, #7372, .T. ) ;
#593 = DIRECTION ( 'NONE',  ( -0.000000000000000000, 1.000000000000000000, -0.000000000000000000 ) ) ;
#594 = EDGE_LOOP ( 'NONE', ( #3157, #1567, #2012 ) ) ;
#595 = CARTESIAN_POINT ( 'NONE',  ( -7.172082869338698430, 0.6999999999999998446, 5.715000000000001634 ) ) ;
#596 = UNCERTAINTY_MEASURE_WITH_UNIT (LENGTH_MEASURE( 1.000000000000000082E-05 ), #3409, 'distance_accuracy_value', 'NONE');
#597 = ORIENTED_EDGE ( 'NONE', *, *, #8916, .F. ) ;
#598 = VERTEX_POINT ( 'NONE', #2810 ) ;
#599 = SPHERICAL_SURFACE ( 'NONE', #5907, 0.3750000000000000000 ) ;
#600 = SPHERICAL_SURFACE ( 'NONE', #9833, 0.3750000000000000000 ) ;
#601 = ORIENTED_EDGE ( 'NONE', *, *, #3281, .T. ) ;
#602 = AXIS2_PLACEMENT_3D ( 'NONE', #4327, #2842, #7726 ) ;
#603 = CARTESIAN_POINT ( 'NONE',  ( 6.985000000000000320, 0.3750000000000000000, 4.445000000000001172 ) ) ;
#604 = FACE_OUTER_BOUND ( 'NONE', #8773, .T. ) ;
#605 = CARTESIAN_POINT ( 'NONE',  ( -4.445000000000001172, 0.6999999999999998446, 5.715000000000001634 ) ) ;
#606 = PRESENTATION_STYLE_ASSIGNMENT (( #8985 ) ) ;
#607 = COLOUR_RGB ( '',0.7921568627450980005, 0.8196078431372548767, 0.9333333333333333481 ) ;
#608 = ADVANCED_FACE ( 'NONE', ( #9518 ), #4379, .T. ) ;
#609 = DIRECTION ( 'NONE',  ( -0.000000000000000000, 1.000000000000000000, -0.000000000000000000 ) ) ;
#610 = AXIS2_PLACEMENT_3D ( 'NONE', #6297, #2110, #10544 ) ;
#611 = ORIENTED_EDGE ( 'NONE', *, *, #8944, .F. ) ;
#612 = CARTESIAN_POINT ( 'NONE',  ( 2.987917130661302600, 0.6999999999999998446, 3.175000000000000711 ) ) ;
#613 = ORIENTED_EDGE ( 'NONE', *, *, #8385, .T. ) ;
#614 = PRESENTATION_STYLE_ASSIGNMENT (( #671 ) ) ;
#615 = CARTESIAN_POINT ( 'NONE',  ( -5.902082869338697968, 0.6999999999999998446, -1.904999999999999583 ) ) ;
#616 = SURFACE_STYLE_FILL_AREA ( #742 ) ;
#617 = DIRECTION ( 'NONE',  ( 0.000000000000000000, -0.000000000000000000, -1.000000000000000000 ) ) ;
#618 = STYLED_ITEM ( 'NONE', ( #4369 ), #2355 ) ;
#619 = FACE_OUTER_BOUND ( 'NONE', #1287, .T. ) ;
#620 = SURFACE_STYLE_USAGE ( .BOTH. , #5822 ) ;
#621 = CARTESIAN_POINT ( 'NONE',  ( -3.175000000000000711, 0.6999999999999998446, 6.985000000000001208 ) ) ;
#622 = ORIENTED_EDGE ( 'NONE', *, *, #1558, .T. ) ;
#623 = AXIS2_PLACEMENT_3D ( 'NONE', #3626, #7294, #1367 ) ;
#624 = PRESENTATION_LAYER_ASSIGNMENT (  '', '', ( #5443 ) ) ;
#625 = CARTESIAN_POINT ( 'NONE',  ( -4.445000000000001172, 0.3750000000000000000, -3.174999999999999822 ) ) ;
#626 = ORIENTED_EDGE ( 'NONE', *, *, #6194, .F. ) ;
#627 =( LENGTH_UNIT ( ) NAMED_UNIT ( * ) SI_UNIT ( .MILLI., .METRE. ) );
#628 = FACE_OUTER_BOUND ( 'NONE', #5547, .T. ) ;
#629 = DIRECTION ( 'NONE',  ( 0.000000000000000000, 0.000000000000000000, -1.000000000000000000 ) ) ;
#630 = ORIENTED_EDGE ( 'NONE', *, *, #5496, .F. ) ;
#631 = CARTESIAN_POINT ( 'NONE',  ( -2.092082869338697915, 0.6999999999999998446, 0.6350000000000001199 ) ) ;
#632 = MECHANICAL_DESIGN_GEOMETRIC_PRESENTATION_REPRESENTATION (  '', ( #3699 ), #3164 ) ;
#633 = CIRCLE ( 'NONE', #2068, 0.3749999999999998890 ) ;
#634 = MECHANICAL_DESIGN_GEOMETRIC_PRESENTATION_REPRESENTATION (  '', ( #2626 ), #7256 ) ;
#635 = FILL_AREA_STYLE ('',( #8427 ) ) ;
#636 =( LENGTH_UNIT ( ) NAMED_UNIT ( * ) SI_UNIT ( .MILLI., .METRE. ) );
#637 = DIRECTION ( 'NONE',  ( 0.000000000000000000, 0.000000000000000000, -1.000000000000000000 ) ) ;
#638 = ORIENTED_EDGE ( 'NONE', *, *, #6383, .T. ) ;
#639 =( GEOMETRIC_REPRESENTATION_CONTEXT ( 3 ) GLOBAL_UNCERTAINTY_ASSIGNED_CONTEXT ( ( #3427 ) ) GLOBAL_UNIT_ASSIGNED_CONTEXT ( ( #3648, #374, #1942 ) ) REPRESENTATION_CONTEXT ( 'NONE', 'WORKASPACE' ) );
#640 = ORIENTED_EDGE ( 'NONE', *, *, #7842, .F. ) ;
#641 =( NAMED_UNIT ( * ) PLANE_ANGLE_UNIT ( ) SI_UNIT ( $, .RADIAN. ) );
#642 = CARTESIAN_POINT ( 'NONE',  ( 6.985000000000000320, 0.3750000000000000000, 3.175000000000000711 ) ) ;
#643 = ADVANCED_FACE ( 'NONE', ( #6995 ), #3486, .F. ) ;
#644 = ORIENTED_EDGE ( 'NONE', *, *, #7313, .T. ) ;
#645 = AXIS2_PLACEMENT_3D ( 'NONE', #10155, #1469, #6777 ) ;
#646 = ADVANCED_FACE ( 'NONE', ( #263 ), #6135, .T. ) ;
#647 = AXIS2_PLACEMENT_3D ( 'NONE', #288, #3114, #7291 ) ;
#648 = DIRECTION ( 'NONE',  ( 1.000000000000000000, 0.000000000000000000, 0.000000000000000000 ) ) ;
#649 = PRESENTATION_STYLE_ASSIGNMENT (( #5183 ) ) ;
#650 = VECTOR ( 'NONE', #4922, 1000.000000000000000 ) ;
#651 = VERTEX_POINT ( 'NONE', #10431 ) ;
#652 = EDGE_LOOP ( 'NONE', ( #2493, #7188, #3304 ) ) ;
#653 = CARTESIAN_POINT ( 'NONE',  ( 6.985000000000000320, 0.3750000000000000000, -4.444999999999999396 ) ) ;
#654 = VERTEX_POINT ( 'NONE', #9468 ) ;
#655 = VERTEX_POINT ( 'NONE', #8706 ) ;
#656 = MECHANICAL_DESIGN_GEOMETRIC_PRESENTATION_REPRESENTATION (  '', ( #7632 ), #6742 ) ;
#657 = SPHERICAL_SURFACE ( 'NONE', #4993, 0.3750000000000000000 ) ;
#658 = SPHERICAL_SURFACE ( 'NONE', #2905, 0.3750000000000000000 ) ;
#659 = FILL_AREA_STYLE ('',( #6542 ) ) ;
#660 = EDGE_CURVE ( 'NONE', #7974, #10808, #6968, .T. ) ;
#661 = CARTESIAN_POINT ( 'NONE',  ( 3.174999999999999822, 0.3750000000000000000, 0.6350000000000001199 ) ) ;
#662 = DIRECTION ( 'NONE',  ( 0.000000000000000000, 0.000000000000000000, 1.000000000000000000 ) ) ;
#663 = AXIS2_PLACEMENT_3D ( 'NONE', #2188, #5641, #8155 ) ;
#664 = DIRECTION ( 'NONE',  ( 1.000000000000000000, 0.000000000000000000, 0.000000000000000000 ) ) ;
#665 = CARTESIAN_POINT ( 'NONE',  ( -3.175000000000000711, 0.3750000000000000000, 1.905000000000000471 ) ) ;
#666 = AXIS2_PLACEMENT_3D ( 'NONE', #8231, #10114, #2369 ) ;
#667 = PLANE ( 'NONE',  #4638 ) ;
#668 = ORIENTED_EDGE ( 'NONE', *, *, #193, .T. ) ;
#669 = CIRCLE ( 'NONE', #6936, 0.3750000000000003331 ) ;
#670 = EDGE_LOOP ( 'NONE', ( #10978, #4140, #5113 ) ) ;
#671 = SURFACE_STYLE_USAGE ( .BOTH. , #4983 ) ;
#672 = DIRECTION ( 'NONE',  ( 0.000000000000000000, 0.000000000000000000, 1.000000000000000000 ) ) ;
#673 = CARTESIAN_POINT ( 'NONE',  ( -3.175000000000000711, 0.000000000000000000, -0.6349999999999992317 ) ) ;
#674 =( GEOMETRIC_REPRESENTATION_CONTEXT ( 3 ) GLOBAL_UNCERTAINTY_ASSIGNED_CONTEXT ( ( #4189 ) ) GLOBAL_UNIT_ASSIGNED_CONTEXT ( ( #6651, #10082, #3261 ) ) REPRESENTATION_CONTEXT ( 'NONE', 'WORKASPACE' ) );
#675 = ADVANCED_FACE ( 'NONE', ( #4484 ), #1899, .F. ) ;
#676 = CARTESIAN_POINT ( 'NONE',  ( -0.6350000000000001199, 0.000000000000000000, -3.174999999999999822 ) ) ;
#677 = DIRECTION ( 'NONE',  ( 0.000000000000000000, -0.000000000000000000, -1.000000000000000000 ) ) ;
#678 = ADVANCED_FACE ( 'NONE', ( #153 ), #5299, .F. ) ;
#679 = AXIS2_PLACEMENT_3D ( 'NONE', #2066, #3713, #2013 ) ;
#680 = AXIS2_PLACEMENT_3D ( 'NONE', #8126, #10579, #10685 ) ;
#681 = CLOSED_SHELL ( 'NONE', ( #9327, #1371, #9193 ) ) ;
#682 = VERTEX_POINT ( 'NONE', #1948 ) ;
#683 = FACE_OUTER_BOUND ( 'NONE', #4081, .T. ) ;
#684 = DIRECTION ( 'NONE',  ( 0.000000000000000000, 0.000000000000000000, 1.000000000000000000 ) ) ;
#685 = ORIENTED_EDGE ( 'NONE', *, *, #265, .T. ) ;
#686 = CARTESIAN_POINT ( 'NONE',  ( -3.175000000000000711, 0.6999999999999998446, 1.905000000000000471 ) ) ;
#687 =( LENGTH_UNIT ( ) NAMED_UNIT ( * ) SI_UNIT ( .MILLI., .METRE. ) );
#688 = CARTESIAN_POINT ( 'NONE',  ( -4.445000000000001172, 0.3750000000000000000, 3.175000000000000711 ) ) ;
#689 = CLOSED_SHELL ( 'NONE', ( #6069, #5159, #2894 ) ) ;
#690 = DIRECTION ( 'NONE',  ( -1.000000000000000000, 0.000000000000000000, 0.000000000000000000 ) ) ;
#691 = CARTESIAN_POINT ( 'NONE',  ( 0.4479171306613019543, 0.6999999999999998446, 3.175000000000000711 ) ) ;
#692 =( GEOMETRIC_REPRESENTATION_CONTEXT ( 3 ) GLOBAL_UNCERTAINTY_ASSIGNED_CONTEXT ( ( #2523 ) ) GLOBAL_UNIT_ASSIGNED_CONTEXT ( ( #6789, #10109, #5878 ) ) REPRESENTATION_CONTEXT ( 'NONE', 'WORKASPACE' ) );
#693 =( NAMED_UNIT ( * ) SI_UNIT ( $, .STERADIAN. ) SOLID_ANGLE_UNIT ( ) );
#694 = ORIENTED_EDGE ( 'NONE', *, *, #9595, .T. ) ;
#695 = FACE_OUTER_BOUND ( 'NONE', #3693, .T. ) ;
#696 = EDGE_LOOP ( 'NONE', ( #5801, #6655, #1222 ) ) ;
#697 = AXIS2_PLACEMENT_3D ( 'NONE', #4600, #6151, #3664 ) ;
#698 = DIRECTION ( 'NONE',  ( 0.000000000000000000, 0.000000000000000000, -1.000000000000000000 ) ) ;
#699 = ORIENTED_EDGE ( 'NONE', *, *, #8605, .T. ) ;
#700 = DIRECTION ( 'NONE',  ( 1.000000000000000000, 0.000000000000000000, 0.000000000000000000 ) ) ;
#701 = AXIS2_PLACEMENT_3D ( 'NONE', #4047, #2137, #1361 ) ;
#702 = ORIENTED_EDGE ( 'NONE', *, *, #9529, .F. ) ;
#703 = PLANE ( 'NONE',  #6803 ) ;
#704 = CIRCLE ( 'NONE', #3050, 0.3749999999999998890 ) ;
#705 = SURFACE_STYLE_FILL_AREA ( #10199 ) ;
#706 = MECHANICAL_DESIGN_GEOMETRIC_PRESENTATION_REPRESENTATION (  '', ( #1636 ), #8027 ) ;
#707 = AXIS2_PLACEMENT_3D ( 'NONE', #6791, #3451, #4160 ) ;
#708 = ORIENTED_EDGE ( 'NONE', *, *, #2473, .F. ) ;
#709 = CARTESIAN_POINT ( 'NONE',  ( -6.000000000000005329, 5.120000000000000107, -5.999999999999998224 ) ) ;
#710 = ORIENTED_EDGE ( 'NONE', *, *, #7676, .F. ) ;
#711 = CARTESIAN_POINT ( 'NONE',  ( -1.905000000000000471, 0.3750000000000000000, -6.985000000000000320 ) ) ;
#712 = EDGE_CURVE ( 'NONE', #9976, #8593, #6420, .T. ) ;
#713 = VERTEX_POINT ( 'NONE', #6887 ) ;
#714 = PRESENTATION_STYLE_ASSIGNMENT (( #4078 ) ) ;
#715 = CIRCLE ( 'NONE', #4319, 0.3749999999999998890 ) ;
#716 =( GEOMETRIC_REPRESENTATION_CONTEXT ( 3 ) GLOBAL_UNCERTAINTY_ASSIGNED_CONTEXT ( ( #157 ) ) GLOBAL_UNIT_ASSIGNED_CONTEXT ( ( #4252, #4906, #7546 ) ) REPRESENTATION_CONTEXT ( 'NONE', 'WORKASPACE' ) );
#717 = UNCERTAINTY_MEASURE_WITH_UNIT (LENGTH_MEASURE( 1.000000000000000082E-05 ), #7945, 'distance_accuracy_value', 'NONE');
#718 = ORIENTED_EDGE ( 'NONE', *, *, #1018, .F. ) ;
#719 = ORIENTED_EDGE ( 'NONE', *, *, #5838, .F. ) ;
#720 = DIRECTION ( 'NONE',  ( 0.000000000000000000, 0.000000000000000000, -1.000000000000000000 ) ) ;
#721 = CARTESIAN_POINT ( 'NONE',  ( -6.797917130661303098, 0.6999999999999998446, -3.174999999999999822 ) ) ;
#722 = AXIS2_PLACEMENT_3D ( 'NONE', #9466, #9618, #5410 ) ;
#723 = DIRECTION ( 'NONE',  ( -0.000000000000000000, 1.000000000000000000, -0.000000000000000000 ) ) ;
#724 = SPHERICAL_SURFACE ( 'NONE', #9378, 0.3750000000000000000 ) ;
#725 = MECHANICAL_DESIGN_GEOMETRIC_PRESENTATION_REPRESENTATION (  '', ( #5537 ), #3950 ) ;
#726 = FACE_OUTER_BOUND ( 'NONE', #488, .T. ) ;
#727 = CARTESIAN_POINT ( 'NONE',  ( 0.6349999999999992317, 0.3750000000000000000, -6.985000000000000320 ) ) ;
#728 = AXIS2_PLACEMENT_3D ( 'NONE', #528, #2847, #4730 ) ;
#729 = AXIS2_PLACEMENT_3D ( 'NONE', #6807, #7008, #4496 ) ;
#730 = AXIS2_PLACEMENT_3D ( 'NONE', #4918, #10882, #6363 ) ;
#731 = DIRECTION ( 'NONE',  ( 1.000000000000000000, 0.000000000000000000, 0.000000000000000000 ) ) ;
#732 = EDGE_CURVE ( 'NONE', #5635, #10549, #7860, .T. ) ;
#733 = ADVANCED_FACE ( 'NONE', ( #964 ), #5356, .T. ) ;
#734 = ADVANCED_FACE ( 'NONE', ( #6031 ), #1064, .F. ) ;
#735 = ORIENTED_EDGE ( 'NONE', *, *, #9686, .T. ) ;
#736 = ORIENTED_EDGE ( 'NONE', *, *, #7765, .F. ) ;
#737 =( GEOMETRIC_REPRESENTATION_CONTEXT ( 3 ) GLOBAL_UNCERTAINTY_ASSIGNED_CONTEXT ( ( #5634 ) ) GLOBAL_UNIT_ASSIGNED_CONTEXT ( ( #64, #6268, #6956 ) ) REPRESENTATION_CONTEXT ( 'NONE', 'WORKASPACE' ) );
#738 = FILL_AREA_STYLE_COLOUR ( '', #5552 ) ;
#739 = DIRECTION ( 'NONE',  ( 0.000000000000000000, 0.000000000000000000, -1.000000000000000000 ) ) ;
#740 = CARTESIAN_POINT ( 'NONE',  ( 1.904999999999999583, 0.3750000000000000000, 0.6350000000000001199 ) ) ;
#741 = COLOUR_RGB ( '',0.7921568627450980005, 0.8196078431372548767, 0.9333333333333333481 ) ;
#742 = FILL_AREA_STYLE ('',( #8406 ) ) ;
#743 = CARTESIAN_POINT ( 'NONE',  ( 5.715000000000000746, 0.3750000000000000000, 5.715000000000001634 ) ) ;
#744 = CARTESIAN_POINT ( 'NONE',  ( -7.500000000000005329, 1.070000000000000284, -7.499999999999998224 ) ) ;
#745 = PRESENTATION_LAYER_ASSIGNMENT (  '', '', ( #559 ) ) ;
#746 = PRESENTATION_STYLE_ASSIGNMENT (( #7633 ) ) ;
#747 =( NAMED_UNIT ( * ) PLANE_ANGLE_UNIT ( ) SI_UNIT ( $, .RADIAN. ) );
#748 = VERTEX_POINT ( 'NONE', #8558 ) ;
#749 = FACE_OUTER_BOUND ( 'NONE', #9054, .T. ) ;
#750 = ADVANCED_FACE ( 'NONE', ( #5249 ), #8655, .T. ) ;
#751 = CIRCLE ( 'NONE', #563, 0.3750000000000003331 ) ;
#752 = CARTESIAN_POINT ( 'NONE',  ( -5.715000000000000746, 0.6999999999999998446, -3.174999999999999822 ) ) ;
#753 = EDGE_CURVE ( 'NONE', #6785, #371, #1081, .T. ) ;
#754 = VERTEX_POINT ( 'NONE', #3594 ) ;
#755 =( LENGTH_UNIT ( ) NAMED_UNIT ( * ) SI_UNIT ( .MILLI., .METRE. ) );
#756 = CARTESIAN_POINT ( 'NONE',  ( -0.6350000000000001199, 0.3750000000000000000, 0.6350000000000001199 ) ) ;
#757 = FACE_OUTER_BOUND ( 'NONE', #1582, .T. ) ;
#758 = CARTESIAN_POINT ( 'NONE',  ( -0.6350000000000001199, 0.3750000000000000000, -1.904999999999999583 ) ) ;
#759 = CARTESIAN_POINT ( 'NONE',  ( 5.715000000000000746, 0.3750000000000000000, 4.445000000000001172 ) ) ;
#760 = SURFACE_STYLE_USAGE ( .BOTH. , #4779 ) ;
#761 = FACE_OUTER_BOUND ( 'NONE', #2143, .T. ) ;
#762 = ORIENTED_EDGE ( 'NONE', *, *, #8051, .F. ) ;
#763 = CARTESIAN_POINT ( 'NONE',  ( 1.904999999999999583, 0.3750000000000000000, 4.445000000000001172 ) ) ;
#764 = ADVANCED_FACE ( 'NONE', ( #4635 ), #9909, .T. ) ;
#765 = CIRCLE ( 'NONE', #3104, 0.3749999999999998890 ) ;
#766 = ORIENTED_EDGE ( 'NONE', *, *, #2761, .T. ) ;
#767 = AXIS2_PLACEMENT_3D ( 'NONE', #3800, #4187, #1446 ) ;
#768 = ADVANCED_FACE ( 'NONE', ( #3860 ), #10717, .T. ) ;
#769 = EDGE_LOOP ( 'NONE', ( #5191, #11026, #6166 ) ) ;
#770 = DIRECTION ( 'NONE',  ( 1.000000000000000000, 0.000000000000000000, 0.000000000000000000 ) ) ;
#771 =( NAMED_UNIT ( * ) SI_UNIT ( $, .STERADIAN. ) SOLID_ANGLE_UNIT ( ) );
#772 = AXIS2_PLACEMENT_3D ( 'NONE', #9930, #3991, #8941 ) ;
#773 = ORIENTED_EDGE ( 'NONE', *, *, #9066, .T. ) ;
#774 = CARTESIAN_POINT ( 'NONE',  ( -3.175000000000000711, 0.6999999999999998446, 5.715000000000001634 ) ) ;
#775 = AXIS2_PLACEMENT_3D ( 'NONE', #2088, #5494, #7241 ) ;
#776 = SURFACE_STYLE_USAGE ( .BOTH. , #11037 ) ;
#777 = EDGE_LOOP ( 'NONE', ( #5030, #6611, #1486 ) ) ;
#778 = DIRECTION ( 'NONE',  ( 0.000000000000000000, 0.000000000000000000, 1.000000000000000000 ) ) ;
#779 = ORIENTED_EDGE ( 'NONE', *, *, #5987, .F. ) ;
#780 = FACE_OUTER_BOUND ( 'NONE', #55, .T. ) ;
#781 = AXIS2_PLACEMENT_3D ( 'NONE', #3759, #1901, #10435 ) ;
#782 = VERTEX_POINT ( 'NONE', #3091 ) ;
#783 = CARTESIAN_POINT ( 'NONE',  ( 2.092082869338697027, 0.6999999999999998446, 3.175000000000000711 ) ) ;
#784 = VERTEX_POINT ( 'NONE', #1286 ) ;
#785 = DIRECTION ( 'NONE',  ( 0.000000000000000000, 0.000000000000000000, 1.000000000000000000 ) ) ;
#786 = FACE_OUTER_BOUND ( 'NONE', #3371, .T. ) ;
#787 = FILL_AREA_STYLE ('',( #4325 ) ) ;
#788 = SPHERICAL_SURFACE ( 'NONE', #10470, 0.3750000000000000000 ) ;
#789 = CARTESIAN_POINT ( 'NONE',  ( -7.172082869338698430, 0.6999999999999998446, 0.6350000000000001199 ) ) ;
#790 = CARTESIAN_POINT ( 'NONE',  ( 1.904999999999999583, 0.3750000000000000000, -1.904999999999999583 ) ) ;
#791 = CARTESIAN_POINT ( 'NONE',  ( -2.987917130661303489, 0.6999999999999998446, 0.6350000000000001199 ) ) ;
#792 = DIRECTION ( 'NONE',  ( 0.000000000000000000, 0.000000000000000000, -1.000000000000000000 ) ) ;
#793 = EDGE_LOOP ( 'NONE', ( #2768, #6768, #735, #3965 ) ) ;
#794 = CARTESIAN_POINT ( 'NONE',  ( -6.985000000000000320, 0.3750000000000000000, -3.174999999999999822 ) ) ;
#795 = SURFACE_STYLE_FILL_AREA ( #4039 ) ;
#796 = VERTEX_POINT ( 'NONE', #5517 ) ;
#797 = AXIS2_PLACEMENT_3D ( 'NONE', #8424, #7700, #7531 ) ;
#798 = DIRECTION ( 'NONE',  ( 0.000000000000000000, 0.000000000000000000, 1.000000000000000000 ) ) ;
#799 = DIRECTION ( 'NONE',  ( 0.000000000000000000, 0.000000000000000000, 1.000000000000000000 ) ) ;
#800 = CARTESIAN_POINT ( 'NONE',  ( 4.445000000000000284, 0.000000000000000000, -4.444999999999999396 ) ) ;
#801 =( GEOMETRIC_REPRESENTATION_CONTEXT ( 3 ) GLOBAL_UNCERTAINTY_ASSIGNED_CONTEXT ( ( #967 ) ) GLOBAL_UNIT_ASSIGNED_CONTEXT ( ( #6053, #9431, #66 ) ) REPRESENTATION_CONTEXT ( 'NONE', 'WORKASPACE' ) );
#802 = SPHERICAL_SURFACE ( 'NONE', #7324, 0.3750000000000000000 ) ;
#803 = ADVANCED_FACE ( 'NONE', ( #8971 ), #9847, .T. ) ;
#804 =( GEOMETRIC_REPRESENTATION_CONTEXT ( 3 ) GLOBAL_UNCERTAINTY_ASSIGNED_CONTEXT ( ( #4420 ) ) GLOBAL_UNIT_ASSIGNED_CONTEXT ( ( #7827, #5199, #9619 ) ) REPRESENTATION_CONTEXT ( 'NONE', 'WORKASPACE' ) );
#805 = FILL_AREA_STYLE ('',( #3227 ) ) ;
#806 = ORIENTED_EDGE ( 'NONE', *, *, #9397, .T. ) ;
#807 = DIRECTION ( 'NONE',  ( 0.000000000000000000, -0.000000000000000000, -1.000000000000000000 ) ) ;
#808 = STYLED_ITEM ( 'NONE', ( #2306 ), #2823 ) ;
#809 =( NAMED_UNIT ( * ) SI_UNIT ( $, .STERADIAN. ) SOLID_ANGLE_UNIT ( ) );
#810 = ORIENTED_EDGE ( 'NONE', *, *, #3367, .T. ) ;
#811 = CARTESIAN_POINT ( 'NONE',  ( -5.902082869338697968, 0.6999999999999998446, 0.6350000000000001199 ) ) ;
#812 = AXIS2_PLACEMENT_3D ( 'NONE', #2287, #3093, #3815 ) ;
#813 =( LENGTH_UNIT ( ) NAMED_UNIT ( * ) SI_UNIT ( .MILLI., .METRE. ) );
#815 = ADVANCED_FACE ( 'NONE', ( #8202 ), #5463, .T. ) ;
#814 = CARTESIAN_POINT ( 'NONE',  ( 3.174999999999999822, 0.6999999999999998446, 3.175000000000000711 ) ) ;
#816 = DIRECTION ( 'NONE',  ( 1.224646799147353207E-16, 0.000000000000000000, -1.000000000000000000 ) ) ;
#817 = EDGE_CURVE ( 'NONE', #2901, #82, #3775, .T. ) ;
#818 = EDGE_CURVE ( 'NONE', #654, #8317, #7341, .T. ) ;
#819 =( LENGTH_UNIT ( ) NAMED_UNIT ( * ) SI_UNIT ( .MILLI., .METRE. ) );
#820 = CARTESIAN_POINT ( 'NONE',  ( -3.175000000000000711, 0.3750000000000000000, -4.444999999999999396 ) ) ;
#821 = SURFACE_SIDE_STYLE ('',( #5674 ) ) ;
#822 = AXIS2_PLACEMENT_3D ( 'NONE', #3963, #419, #9835 ) ;
#823 = EDGE_LOOP ( 'NONE', ( #9329, #10072, #291 ) ) ;
#824 = CARTESIAN_POINT ( 'NONE',  ( 0.6349999999999992317, 0.3750000000000000000, 0.6350000000000001199 ) ) ;
#825 = AXIS2_PLACEMENT_3D ( 'NONE', #1775, #196, #4365 ) ;
#826 = CARTESIAN_POINT ( 'NONE',  ( -0.6350000000000001199, 0.3750000000000000000, -6.985000000000000320 ) ) ;
#827 = CARTESIAN_POINT ( 'NONE',  ( 6.985000000000000320, 0.000000000000000000, -1.904999999999999583 ) ) ;
#828 = PRESENTATION_STYLE_ASSIGNMENT (( #9449 ) ) ;
#829 = UNCERTAINTY_MEASURE_WITH_UNIT (LENGTH_MEASURE( 1.000000000000000082E-05 ), #10903, 'distance_accuracy_value', 'NONE');
#830 = VERTEX_POINT ( 'NONE', #1231 ) ;
#831 = AXIS2_PLACEMENT_3D ( 'NONE', #763, #5781, #4895 ) ;
#832 = AXIS2_PLACEMENT_3D ( 'NONE', #5731, #7646, #1547 ) ;
#833 = FACE_OUTER_BOUND ( 'NONE', #8302, .T. ) ;
#834 = DIRECTION ( 'NONE',  ( 0.000000000000000000, 0.000000000000000000, -1.000000000000000000 ) ) ;
#835 = ORIENTED_EDGE ( 'NONE', *, *, #6947, .F. ) ;
#836 = SPHERICAL_SURFACE ( 'NONE', #7287, 0.3750000000000000000 ) ;
#837 =( GEOMETRIC_REPRESENTATION_CONTEXT ( 3 ) GLOBAL_UNCERTAINTY_ASSIGNED_CONTEXT ( ( #10090 ) ) GLOBAL_UNIT_ASSIGNED_CONTEXT ( ( #4207, #2528, #3532 ) ) REPRESENTATION_CONTEXT ( 'NONE', 'WORKASPACE' ) );
#838 = VERTEX_POINT ( 'NONE', #2178 ) ;
#839 = AXIS2_PLACEMENT_3D ( 'NONE', #4768, #6625, #2488 ) ;
#840 = VERTEX_POINT ( 'NONE', #6416 ) ;
#841 =( LENGTH_UNIT ( ) NAMED_UNIT ( * ) SI_UNIT ( .MILLI., .METRE. ) );
#842 = UNCERTAINTY_MEASURE_WITH_UNIT (LENGTH_MEASURE( 1.000000000000000082E-05 ), #1394, 'distance_accuracy_value', 'NONE');
#843 = ORIENTED_EDGE ( 'NONE', *, *, #1216, .T. ) ;
#844 = DIRECTION ( 'NONE',  ( 0.000000000000000000, 0.000000000000000000, 1.000000000000000000 ) ) ;
#845 =( NAMED_UNIT ( * ) SI_UNIT ( $, .STERADIAN. ) SOLID_ANGLE_UNIT ( ) );
#846 = STYLED_ITEM ( 'NONE', ( #5896 ), #10221 ) ;
#847 = DIRECTION ( 'NONE',  ( -0.000000000000000000, 1.000000000000000000, -0.000000000000000000 ) ) ;
#848 = DIRECTION ( 'NONE',  ( 1.224646799147353207E-16, 0.000000000000000000, -1.000000000000000000 ) ) ;
#849 = DIRECTION ( 'NONE',  ( 0.000000000000000000, 0.000000000000000000, 1.000000000000000000 ) ) ;
#850 = AXIS2_PLACEMENT_3D ( 'NONE', #5312, #10773, #4648 ) ;
#851 = CARTESIAN_POINT ( 'NONE',  ( -0.6350000000000001199, 0.6999999999999998446, -1.904999999999999583 ) ) ;
#852 = ORIENTED_EDGE ( 'NONE', *, *, #7027, .F. ) ;
#853 = CARTESIAN_POINT ( 'NONE',  ( -3.362082869338697932, 0.6999999999999998446, -5.714999999999999858 ) ) ;
#854 = CARTESIAN_POINT ( 'NONE',  ( 4.445000000000000284, 0.3750000000000000000, 3.175000000000000711 ) ) ;
#855 = EDGE_LOOP ( 'NONE', ( #7217, #3337, #9163 ) ) ;
#856 = DIRECTION ( 'NONE',  ( 0.000000000000000000, 0.000000000000000000, -1.000000000000000000 ) ) ;
#857 = CARTESIAN_POINT ( 'NONE',  ( -0.8220828693386974528, 0.6999999999999998446, -0.6349999999999992317 ) ) ;
#858 = CARTESIAN_POINT ( 'NONE',  ( -6.000000000000005329, 5.070000000000000284, -5.999999999999998224 ) ) ;
#859 = CIRCLE ( 'NONE', #2469, 0.3750000000000003331 ) ;
#860 = FACE_OUTER_BOUND ( 'NONE', #4287, .T. ) ;
#861 = DIRECTION ( 'NONE',  ( 0.000000000000000000, 0.000000000000000000, -1.000000000000000000 ) ) ;
#862 = COLOUR_RGB ( '',0.7921568627450980005, 0.8196078431372548767, 0.9333333333333333481 ) ;
#863 = PRESENTATION_STYLE_ASSIGNMENT (( #1859 ) ) ;
#864 = ORIENTED_EDGE ( 'NONE', *, *, #5974, .T. ) ;
#865 = CIRCLE ( 'NONE', #9048, 0.3750000000000003331 ) ;
#866 = CARTESIAN_POINT ( 'NONE',  ( -3.175000000000000711, 0.000000000000000000, 5.715000000000001634 ) ) ;
#867 = SURFACE_SIDE_STYLE ('',( #4938 ) ) ;
#868 = EDGE_CURVE ( 'NONE', #782, #10744, #8037, .T. ) ;
#869 = ORIENTED_EDGE ( 'NONE', *, *, #8937, .T. ) ;
#870 = DIRECTION ( 'NONE',  ( 0.000000000000000000, 0.000000000000000000, 1.000000000000000000 ) ) ;
#871 = CARTESIAN_POINT ( 'NONE',  ( 5.715000000000000746, 0.3750000000000000000, -6.985000000000000320 ) ) ;
#872 = DIRECTION ( 'NONE',  ( 0.000000000000000000, 0.000000000000000000, 1.000000000000000000 ) ) ;
#873 = DIRECTION ( 'NONE',  ( 1.000000000000000000, 0.000000000000000000, 0.000000000000000000 ) ) ;
#874 = EDGE_CURVE ( 'NONE', #7101, #3689, #3243, .T. ) ;
#875 = CIRCLE ( 'NONE', #4277, 0.1870828693386972497 ) ;
#876 = DIRECTION ( 'NONE',  ( 0.000000000000000000, -0.000000000000000000, -1.000000000000000000 ) ) ;
#877 = SURFACE_STYLE_FILL_AREA ( #1871 ) ;
#878 = VERTEX_POINT ( 'NONE', #1338 ) ;
#879 = FACE_OUTER_BOUND ( 'NONE', #6868, .T. ) ;
#880 = DIRECTION ( 'NONE',  ( 1.000000000000000000, 0.000000000000000000, 0.000000000000000000 ) ) ;
#881 = AXIS2_PLACEMENT_3D ( 'NONE', #2870, #9676, #224 ) ;
#882 = ADVANCED_FACE ( 'NONE', ( #7265 ), #2970, .T. ) ;
#883 = FILL_AREA_STYLE_COLOUR ( '', #10382 ) ;
#884 = CARTESIAN_POINT ( 'NONE',  ( -6.985000000000000320, 0.6999999999999999556, -1.904999999999999583 ) ) ;
#885 = CLOSED_SHELL ( 'NONE', ( #7096, #3205, #3704 ) ) ;
#886 = ORIENTED_EDGE ( 'NONE', *, *, #7588, .T. ) ;
#887 = MECHANICAL_DESIGN_GEOMETRIC_PRESENTATION_REPRESENTATION (  '', ( #9577 ), #11043 ) ;
#888 = CLOSED_SHELL ( 'NONE', ( #10058, #8667, #2878 ) ) ;
#889 = ORIENTED_EDGE ( 'NONE', *, *, #1847, .T. ) ;
#890 = ORIENTED_EDGE ( 'NONE', *, *, #1891, .F. ) ;
#891 = EDGE_CURVE ( 'NONE', #2941, #7990, #1794, .T. ) ;
#892 = CIRCLE ( 'NONE', #6414, 0.1870828693386972497 ) ;
#893 = DIRECTION ( 'NONE',  ( 0.000000000000000000, -0.000000000000000000, -1.000000000000000000 ) ) ;
#894 = VERTEX_POINT ( 'NONE', #3029 ) ;
#895 = CARTESIAN_POINT ( 'NONE',  ( 0.6349999999999992317, 0.6999999999999998446, -0.6349999999999992317 ) ) ;
#896 = VERTEX_POINT ( 'NONE', #9790 ) ;
#897 = EDGE_CURVE ( 'NONE', #6736, #9822, #921, .T. ) ;
#898 = CARTESIAN_POINT ( 'NONE',  ( -3.175000000000000711, 0.000000000000000000, 0.6350000000000001199 ) ) ;
#899 = DIRECTION ( 'NONE',  ( 0.000000000000000000, 0.000000000000000000, 1.000000000000000000 ) ) ;
#900 = AXIS2_PLACEMENT_3D ( 'NONE', #7949, #3556, #2718 ) ;
#901 = DIRECTION ( 'NONE',  ( -0.000000000000000000, 1.000000000000000000, -0.000000000000000000 ) ) ;
#902 = DIRECTION ( 'NONE',  ( 0.000000000000000000, 1.000000000000000000, 0.000000000000000000 ) ) ;
#903 = CARTESIAN_POINT ( 'NONE',  ( 5.902082869338697968, 0.6999999999999998446, 6.985000000000001208 ) ) ;
#904 = COLOUR_RGB ( '',0.7921568627450980005, 0.8196078431372548767, 0.9333333333333333481 ) ;
#905 = AXIS2_PLACEMENT_3D ( 'NONE', #2886, #8833, #10400 ) ;
#906 = DIRECTION ( 'NONE',  ( -0.000000000000000000, 1.000000000000000000, -0.000000000000000000 ) ) ;
#907 =( NAMED_UNIT ( * ) SI_UNIT ( $, .STERADIAN. ) SOLID_ANGLE_UNIT ( ) );
#908 = AXIS2_PLACEMENT_3D ( 'NONE', #4927, #792, #11000 ) ;
#909 = CIRCLE ( 'NONE', #7695, 0.3749999999999998890 ) ;
#910 = EDGE_CURVE ( 'NONE', #6303, #894, #5531, .T. ) ;
#911 = VERTEX_POINT ( 'NONE', #3911 ) ;
#912 = AXIS2_PLACEMENT_3D ( 'NONE', #343, #2883, #2077 ) ;
#913 = CARTESIAN_POINT ( 'NONE',  ( 0.6349999999999992317, 0.3750000000000000000, -4.444999999999999396 ) ) ;
#914 = CIRCLE ( 'NONE', #1086, 0.3749999999999998890 ) ;
#915 = EDGE_CURVE ( 'NONE', #7047, #838, #9986, .T. ) ;
#916 = VERTEX_POINT ( 'NONE', #5913 ) ;
#917 = FACE_OUTER_BOUND ( 'NONE', #1485, .T. ) ;
#918 = CARTESIAN_POINT ( 'NONE',  ( 5.715000000000000746, 0.3750000000000000000, -1.904999999999999583 ) ) ;
#919 = CARTESIAN_POINT ( 'NONE',  ( -6.985000000000000320, 0.3750000000000000000, 6.985000000000001208 ) ) ;
#920 = CARTESIAN_POINT ( 'NONE',  ( -1.905000000000000471, 0.6999999999999998446, -6.985000000000000320 ) ) ;
#921 = CIRCLE ( 'NONE', #9433, 0.3750000000000003331 ) ;
#922 = PRESENTATION_LAYER_ASSIGNMENT (  '', '', ( #1807 ) ) ;
#923 = CARTESIAN_POINT ( 'NONE',  ( 4.445000000000000284, 0.3750000000000000000, 6.985000000000001208 ) ) ;
#924 = AXIS2_PLACEMENT_3D ( 'NONE', #6472, #6296, #3137 ) ;
#925 = FACE_OUTER_BOUND ( 'NONE', #6160, .T. ) ;
#926 = PRESENTATION_STYLE_ASSIGNMENT (( #7747 ) ) ;
#927 = STYLED_ITEM ( 'NONE', ( #8061 ), #6343 ) ;
#928 = ORIENTED_EDGE ( 'NONE', *, *, #7247, .F. ) ;
#929 = CARTESIAN_POINT ( 'NONE',  ( 3.174999999999999822, 0.6999999999999999556, 3.175000000000000711 ) ) ;
#930 = PLANE ( 'NONE',  #7899 ) ;
#931 =( LENGTH_UNIT ( ) NAMED_UNIT ( * ) SI_UNIT ( .MILLI., .METRE. ) );
#932 = DIRECTION ( 'NONE',  ( 0.000000000000000000, -0.000000000000000000, -1.000000000000000000 ) ) ;
#933 = MECHANICAL_DESIGN_GEOMETRIC_PRESENTATION_REPRESENTATION (  '', ( #4841 ), #188 ) ;
#934 = ADVANCED_FACE ( 'NONE', ( #780 ), #10085, .T. ) ;
#935 = CARTESIAN_POINT ( 'NONE',  ( 5.715000000000000746, 0.3750000000000000000, -3.174999999999999822 ) ) ;
#936 = STYLED_ITEM ( 'NONE', ( #8603 ), #6446 ) ;
#937 =( NAMED_UNIT ( * ) PLANE_ANGLE_UNIT ( ) SI_UNIT ( $, .RADIAN. ) );
#938 = ORIENTED_EDGE ( 'NONE', *, *, #47, .T. ) ;
#939 = DIRECTION ( 'NONE',  ( 0.000000000000000000, 0.000000000000000000, -1.000000000000000000 ) ) ;
#940 = DIRECTION ( 'NONE',  ( 0.000000000000000000, -1.000000000000000000, 0.000000000000000000 ) ) ;
#941 =( NAMED_UNIT ( * ) SI_UNIT ( $, .STERADIAN. ) SOLID_ANGLE_UNIT ( ) );
#942 = ORIENTED_EDGE ( 'NONE', *, *, #8900, .F. ) ;
#943 = EDGE_CURVE ( 'NONE', #5084, #10704, #353, .T. ) ;
#944 = CIRCLE ( 'NONE', #6098, 0.3750000000000003331 ) ;
#945 = EDGE_CURVE ( 'NONE', #5694, #4591, #4827, .T. ) ;
#946 = ADVANCED_FACE ( 'NONE', ( #2519 ), #3197, .T. ) ;
#947 = ORIENTED_EDGE ( 'NONE', *, *, #1757, .F. ) ;
#948 = SURFACE_STYLE_FILL_AREA ( #3637 ) ;
#949 = VERTEX_POINT ( 'NONE', #1677 ) ;
#950 = CIRCLE ( 'NONE', #9467, 0.1870828693386972497 ) ;
#951 = SPHERICAL_SURFACE ( 'NONE', #175, 0.3750000000000000000 ) ;
#952 = ORIENTED_EDGE ( 'NONE', *, *, #2263, .T. ) ;
#953 = CARTESIAN_POINT ( 'NONE',  ( 5.715000000000000746, 0.3750000000000000000, 0.6350000000000001199 ) ) ;
#954 = UNCERTAINTY_MEASURE_WITH_UNIT (LENGTH_MEASURE( 1.000000000000000082E-05 ), #9602, 'distance_accuracy_value', 'NONE');
#955 = ORIENTED_EDGE ( 'NONE', *, *, #2720, .F. ) ;
#956 = FILL_AREA_STYLE ('',( #6772 ) ) ;
#957 = CIRCLE ( 'NONE', #7016, 0.1870828693386972497 ) ;
#958 = SPHERICAL_SURFACE ( 'NONE', #2282, 0.3750000000000000000 ) ;
#959 = PRESENTATION_STYLE_ASSIGNMENT (( #9408 ) ) ;
#960 = AXIS2_PLACEMENT_3D ( 'NONE', #399, #3280, #8462 ) ;
#961 = DIRECTION ( 'NONE',  ( 0.000000000000000000, 0.000000000000000000, 1.000000000000000000 ) ) ;
#962 = ADVANCED_FACE ( 'NONE', ( #5085 ), #1563, .T. ) ;
#963 = SURFACE_STYLE_USAGE ( .BOTH. , #6245 ) ;
#964 = FACE_OUTER_BOUND ( 'NONE', #8430, .T. ) ;
#965 = VERTEX_POINT ( 'NONE', #4258 ) ;
#966 = DIRECTION ( 'NONE',  ( 0.000000000000000000, -0.000000000000000000, -1.000000000000000000 ) ) ;
#967 = UNCERTAINTY_MEASURE_WITH_UNIT (LENGTH_MEASURE( 1.000000000000000082E-05 ), #6053, 'distance_accuracy_value', 'NONE');
#968 = ORIENTED_EDGE ( 'NONE', *, *, #5786, .T. ) ;
#969 = CARTESIAN_POINT ( 'NONE',  ( 0.6349999999999992317, 0.3750000000000000000, -4.444999999999999396 ) ) ;
#970 = ORIENTED_EDGE ( 'NONE', *, *, #7918, .T. ) ;
#971 = DIRECTION ( 'NONE',  ( 1.000000000000000000, 0.000000000000000000, 0.000000000000000000 ) ) ;
#972 = DIRECTION ( 'NONE',  ( 1.224646799147353207E-16, 0.000000000000000000, -1.000000000000000000 ) ) ;
#973 = DIRECTION ( 'NONE',  ( -0.000000000000000000, 1.000000000000000000, -0.000000000000000000 ) ) ;
#974 = CARTESIAN_POINT ( 'NONE',  ( -4.445000000000001172, 0.6999999999999998446, 6.985000000000001208 ) ) ;
#975 = EDGE_CURVE ( 'NONE', #8998, #6219, #7702, .T. ) ;
#976 = CARTESIAN_POINT ( 'NONE',  ( -0.6350000000000001199, 0.3750000000000000000, -0.6349999999999992317 ) ) ;
#977 = CARTESIAN_POINT ( 'NONE',  ( -6.985000000000000320, 0.6999999999999998446, -5.714999999999999858 ) ) ;
#978 = SURFACE_STYLE_FILL_AREA ( #2825 ) ;
#979 = EDGE_LOOP ( 'NONE', ( #8419, #3059, #2223 ) ) ;
#980 = CARTESIAN_POINT ( 'NONE',  ( -0.6350000000000001199, 0.6999999999999998446, 5.715000000000001634 ) ) ;
#981 = CARTESIAN_POINT ( 'NONE',  ( -5.902082869338697968, 0.6999999999999998446, 4.445000000000001172 ) ) ;
#982 = PRESENTATION_LAYER_ASSIGNMENT (  '', '', ( #1695 ) ) ;
#983 = FACE_OUTER_BOUND ( 'NONE', #7203, .T. ) ;
#984 = DIRECTION ( 'NONE',  ( -1.000000000000000000, 0.000000000000000000, 0.000000000000000000 ) ) ;
#985 = CIRCLE ( 'NONE', #7406, 0.3750000000000003331 ) ;
#986 = SURFACE_STYLE_FILL_AREA ( #6060 ) ;
#987 =( NAMED_UNIT ( * ) PLANE_ANGLE_UNIT ( ) SI_UNIT ( $, .RADIAN. ) );
#988 = ORIENTED_EDGE ( 'NONE', *, *, #7461, .T. ) ;
#989 = DIRECTION ( 'NONE',  ( 1.000000000000000000, 0.000000000000000000, 0.000000000000000000 ) ) ;
#990 = DIRECTION ( 'NONE',  ( 0.000000000000000000, 0.000000000000000000, 1.000000000000000000 ) ) ;
#991 = DIRECTION ( 'NONE',  ( 0.000000000000000000, -1.000000000000000000, 0.000000000000000000 ) ) ;
#992 = FILL_AREA_STYLE ('',( #2676 ) ) ;
#993 = EDGE_LOOP ( 'NONE', ( #2972, #162, #4789 ) ) ;
#994 = CIRCLE ( 'NONE', #7239, 0.1870828693386972497 ) ;
#995 = PRESENTATION_LAYER_ASSIGNMENT (  '', '', ( #5802 ) ) ;
#996 =( NAMED_UNIT ( * ) PLANE_ANGLE_UNIT ( ) SI_UNIT ( $, .RADIAN. ) );
#997 = ORIENTED_EDGE ( 'NONE', *, *, #3145, .F. ) ;
#998 = EDGE_CURVE ( 'NONE', #5079, #190, #2700, .T. ) ;
#999 = DIRECTION ( 'NONE',  ( 1.000000000000000000, 0.000000000000000000, 0.000000000000000000 ) ) ;
#1000 = CIRCLE ( 'NONE', #2612, 0.1870828693386972497 ) ;
#1001 = EDGE_LOOP ( 'NONE', ( #3127, #2730 ) ) ;
#1002 =( NAMED_UNIT ( * ) SI_UNIT ( $, .STERADIAN. ) SOLID_ANGLE_UNIT ( ) );
#1003 = ORIENTED_EDGE ( 'NONE', *, *, #2736, .T. ) ;
#1005 = ADVANCED_FACE ( 'NONE', ( #3422 ), #3263, .F. ) ;
#1004 = COLOUR_RGB ( '',0.7921568627450980005, 0.8196078431372548767, 0.9333333333333333481 ) ;
#1006 =( LENGTH_UNIT ( ) NAMED_UNIT ( * ) SI_UNIT ( .MILLI., .METRE. ) );
#1007 = CARTESIAN_POINT ( 'NONE',  ( -4.632082869338698394, 0.6999999999999998446, -4.444999999999999396 ) ) ;
#1008 = DIRECTION ( 'NONE',  ( 0.000000000000000000, -1.000000000000000000, 0.000000000000000000 ) ) ;
#1009 = COLOUR_RGB ( '',0.7921568627450980005, 0.8196078431372548767, 0.9333333333333333481 ) ;
#1010 = CARTESIAN_POINT ( 'NONE',  ( -7.172082869338698430, 0.6999999999999998446, -4.444999999999999396 ) ) ;
#1011 = CARTESIAN_POINT ( 'NONE',  ( 1.904999999999999583, 0.3750000000000000000, 0.6350000000000001199 ) ) ;
#1012 = VERTEX_POINT ( 'NONE', #10985 ) ;
#1013 = DIRECTION ( 'NONE',  ( 0.000000000000000000, 0.000000000000000000, 1.000000000000000000 ) ) ;
#1014 = VERTEX_POINT ( 'NONE', #9179 ) ;
#1015 = EDGE_CURVE ( 'NONE', #4255, #1551, #9603, .T. ) ;
#1016 = CIRCLE ( 'NONE', #10815, 0.3750000000000003331 ) ;
#1017 = FACE_OUTER_BOUND ( 'NONE', #4967, .T. ) ;
#1018 = EDGE_CURVE ( 'NONE', #9341, #4184, #7157, .T. ) ;
#1019 = DIRECTION ( 'NONE',  ( -1.000000000000000000, 0.000000000000000000, 0.000000000000000000 ) ) ;
#1020 = ORIENTED_EDGE ( 'NONE', *, *, #9106, .T. ) ;
#1021 = CARTESIAN_POINT ( 'NONE',  ( 0.6349999999999992317, 0.000000000000000000, 5.715000000000001634 ) ) ;
#1022 = DIRECTION ( 'NONE',  ( 1.224646799147353207E-16, 0.000000000000000000, -1.000000000000000000 ) ) ;
#1023 = FILL_AREA_STYLE_COLOUR ( '', #1378 ) ;
#1024 = SPHERICAL_SURFACE ( 'NONE', #6971, 0.3750000000000000000 ) ;
#1025 = COLOUR_RGB ( '',0.7921568627450980005, 0.8196078431372548767, 0.9333333333333333481 ) ;
#1026 = DIRECTION ( 'NONE',  ( -0.000000000000000000, 1.000000000000000000, -0.000000000000000000 ) ) ;
#1027 = SURFACE_SIDE_STYLE ('',( #978 ) ) ;
#1028 = ADVANCED_FACE ( 'NONE', ( #7436 ), #10820, .F. ) ;
#1029 = EDGE_CURVE ( 'NONE', #7483, #8139, #2882, .T. ) ;
#1030 = FACE_OUTER_BOUND ( 'NONE', #6562, .T. ) ;
#1031 = DIRECTION ( 'NONE',  ( 0.000000000000000000, 0.000000000000000000, -1.000000000000000000 ) ) ;
#1032 = CARTESIAN_POINT ( 'NONE',  ( -5.715000000000000746, 0.3750000000000000000, -6.985000000000000320 ) ) ;
#1033 = MECHANICAL_DESIGN_GEOMETRIC_PRESENTATION_REPRESENTATION (  '', ( #6932 ), #6372 ) ;
#1034 = ADVANCED_FACE ( 'NONE', ( #5795 ), #1619, .T. ) ;
#1035 = DIRECTION ( 'NONE',  ( -0.000000000000000000, 1.000000000000000000, -0.000000000000000000 ) ) ;
#1036 = DIRECTION ( 'NONE',  ( 0.000000000000000000, 0.000000000000000000, 1.000000000000000000 ) ) ;
#1037 = AXIS2_PLACEMENT_3D ( 'NONE', #10213, #1571, #4972 ) ;
#1038 =( NAMED_UNIT ( * ) SI_UNIT ( $, .STERADIAN. ) SOLID_ANGLE_UNIT ( ) );
#1039 = ORIENTED_EDGE ( 'NONE', *, *, #8127, .T. ) ;
#1040 = PLANE ( 'NONE',  #10802 ) ;
#1041 = COLOUR_RGB ( '',0.7921568627450980005, 0.8196078431372548767, 0.9333333333333333481 ) ;
#1042 = EDGE_CURVE ( 'NONE', #10149, #11041, #715, .T. ) ;
#1043 = CARTESIAN_POINT ( 'NONE',  ( 4.632082869338697506, 0.6999999999999998446, 3.175000000000000711 ) ) ;
#1044 = AXIS2_PLACEMENT_3D ( 'NONE', #4734, #4581, #9719 ) ;
#1045 = ORIENTED_EDGE ( 'NONE', *, *, #303, .T. ) ;
#1046 = CIRCLE ( 'NONE', #9560, 0.1870828693386972497 ) ;
#1047 = AXIS2_PLACEMENT_3D ( 'NONE', #7170, #972, #3550 ) ;
#1048 = ORIENTED_EDGE ( 'NONE', *, *, #5307, .F. ) ;
#1049 = AXIS2_PLACEMENT_3D ( 'NONE', #239, #3790, #1318 ) ;
#1050 = SURFACE_SIDE_STYLE ('',( #10532 ) ) ;
#1051 = CLOSED_SHELL ( 'NONE', ( #9936, #9754, #4364 ) ) ;
#1052 = DIRECTION ( 'NONE',  ( 0.000000000000000000, 0.000000000000000000, -1.000000000000000000 ) ) ;
#1053 = ORIENTED_EDGE ( 'NONE', *, *, #6121, .T. ) ;
#1054 = CARTESIAN_POINT ( 'NONE',  ( -0.6350000000000001199, 0.3750000000000000000, -4.444999999999999396 ) ) ;
#1055 = DIRECTION ( 'NONE',  ( 0.000000000000000000, -0.000000000000000000, -1.000000000000000000 ) ) ;
#1056 = UNCERTAINTY_MEASURE_WITH_UNIT (LENGTH_MEASURE( 1.000000000000000082E-05 ), #11057, 'distance_accuracy_value', 'NONE');
#1057 = EDGE_LOOP ( 'NONE', ( #5089, #10326, #708 ) ) ;
#1058 =( NAMED_UNIT ( * ) SI_UNIT ( $, .STERADIAN. ) SOLID_ANGLE_UNIT ( ) );
#1059 = DIRECTION ( 'NONE',  ( 1.000000000000000000, 0.000000000000000000, 0.000000000000000000 ) ) ;
#1060 = CLOSED_SHELL ( 'NONE', ( #6684, #5767, #4991 ) ) ;
#1061 = FACE_OUTER_BOUND ( 'NONE', #6252, .T. ) ;
#1062 = FILL_AREA_STYLE_COLOUR ( '', #9673 ) ;
#1063 =( GEOMETRIC_REPRESENTATION_CONTEXT ( 3 ) GLOBAL_UNCERTAINTY_ASSIGNED_CONTEXT ( ( #9612 ) ) GLOBAL_UNIT_ASSIGNED_CONTEXT ( ( #6727, #5152, #5104 ) ) REPRESENTATION_CONTEXT ( 'NONE', 'WORKASPACE' ) );
#1064 = PLANE ( 'NONE',  #10695 ) ;
#1065 = ORIENTED_EDGE ( 'NONE', *, *, #7741, .T. ) ;
#1066 = FACE_OUTER_BOUND ( 'NONE', #382, .T. ) ;
#1067 = ADVANCED_FACE ( 'NONE', ( #6704 ), #6980, .T. ) ;
#1068 = CIRCLE ( 'NONE', #10513, 0.1870828693386972497 ) ;
#1069 = UNCERTAINTY_MEASURE_WITH_UNIT (LENGTH_MEASURE( 1.000000000000000082E-05 ), #1319, 'distance_accuracy_value', 'NONE');
#1070 = VERTEX_POINT ( 'NONE', #7719 ) ;
#1071 = SPHERICAL_SURFACE ( 'NONE', #10721, 0.3750000000000000000 ) ;
#1072 = AXIS2_PLACEMENT_3D ( 'NONE', #3977, #6536, #1292 ) ;
#1073 = PLANE ( 'NONE',  #7186 ) ;
#1074 = EDGE_LOOP ( 'NONE', ( #5082, #6040, #3306 ) ) ;
#1075 = AXIS2_PLACEMENT_3D ( 'NONE', #4551, #4453, #1142 ) ;
#1076 = FILL_AREA_STYLE_COLOUR ( '', #4930 ) ;
#1077 = DIRECTION ( 'NONE',  ( 0.000000000000000000, 0.000000000000000000, 1.000000000000000000 ) ) ;
#1078 = SURFACE_STYLE_FILL_AREA ( #2821 ) ;
#1079 = CARTESIAN_POINT ( 'NONE',  ( 6.985000000000000320, 0.000000000000000000, 0.6350000000000001199 ) ) ;
#1080 =( NAMED_UNIT ( * ) PLANE_ANGLE_UNIT ( ) SI_UNIT ( $, .RADIAN. ) );
#1081 = CIRCLE ( 'NONE', #7329, 0.3750000000000003331 ) ;
#1082 = ADVANCED_FACE ( 'NONE', ( #2631 ), #6874, .T. ) ;
#1083 = EDGE_CURVE ( 'NONE', #7891, #1534, #361, .T. ) ;
#1084 = ADVANCED_FACE ( 'NONE', ( #142 ), #9503, .T. ) ;
#1085 = AXIS2_PLACEMENT_3D ( 'NONE', #1433, #1492, #9062 ) ;
#1086 = AXIS2_PLACEMENT_3D ( 'NONE', #6666, #5867, #2533 ) ;
#1087 = DIRECTION ( 'NONE',  ( 0.000000000000000000, 0.000000000000000000, 1.000000000000000000 ) ) ;
#1088 = FILL_AREA_STYLE_COLOUR ( '', #246 ) ;
#1089 = CARTESIAN_POINT ( 'NONE',  ( -3.175000000000000711, 0.000000000000000000, 4.445000000000001172 ) ) ;
#1090 = AXIS2_PLACEMENT_3D ( 'NONE', #5615, #3849, #6291 ) ;
#1091 = AXIS2_PLACEMENT_3D ( 'NONE', #8860, #3966, #9901 ) ;
#1092 = CARTESIAN_POINT ( 'NONE',  ( -6.985000000000000320, 0.000000000000000000, -1.904999999999999583 ) ) ;
#1093 = DIRECTION ( 'NONE',  ( 1.000000000000000000, 0.000000000000000000, 0.000000000000000000 ) ) ;
#1094 = CIRCLE ( 'NONE', #4125, 0.3749999999999998890 ) ;
#1095 = DIRECTION ( 'NONE',  ( 0.000000000000000000, -0.000000000000000000, -1.000000000000000000 ) ) ;
#1096 =( GEOMETRIC_REPRESENTATION_CONTEXT ( 3 ) GLOBAL_UNCERTAINTY_ASSIGNED_CONTEXT ( ( #596 ) ) GLOBAL_UNIT_ASSIGNED_CONTEXT ( ( #3409, #9290, #941 ) ) REPRESENTATION_CONTEXT ( 'NONE', 'WORKASPACE' ) );
#1097 = ADVANCED_FACE ( 'NONE', ( #9349 ), #2578, .T. ) ;
#1098 =( LENGTH_UNIT ( ) NAMED_UNIT ( * ) SI_UNIT ( .MILLI., .METRE. ) );
#1099 =( NAMED_UNIT ( * ) SI_UNIT ( $, .STERADIAN. ) SOLID_ANGLE_UNIT ( ) );
#1100 = VERTEX_POINT ( 'NONE', #10253 ) ;
#1101 = CARTESIAN_POINT ( 'NONE',  ( -0.8220828693386974528, 0.6999999999999998446, -1.904999999999999583 ) ) ;
#1102 = CIRCLE ( 'NONE', #547, 0.3750000000000003331 ) ;
#1103 = DIRECTION ( 'NONE',  ( 0.000000000000000000, 0.000000000000000000, 1.000000000000000000 ) ) ;
#1104 = PRESENTATION_LAYER_ASSIGNMENT (  '', '', ( #4672 ) ) ;
#1105 = PRESENTATION_STYLE_ASSIGNMENT (( #9498 ) ) ;
#1106 = AXIS2_PLACEMENT_3D ( 'NONE', #9924, #3042, #1351 ) ;
#1107 = DIRECTION ( 'NONE',  ( -1.000000000000000000, 0.000000000000000000, 0.000000000000000000 ) ) ;
#1108 = ADVANCED_FACE ( 'NONE', ( #10365 ), #8547, .T. ) ;
#1109 = ORIENTED_EDGE ( 'NONE', *, *, #7773, .T. ) ;
#1110 = CARTESIAN_POINT ( 'NONE',  ( -6.985000000000000320, 0.3750000000000000000, -0.6349999999999992317 ) ) ;
#1111 = ORIENTED_EDGE ( 'NONE', *, *, #195, .T. ) ;
#1112 = DIRECTION ( 'NONE',  ( 0.000000000000000000, 0.000000000000000000, 1.000000000000000000 ) ) ;
#1113 = SURFACE_STYLE_USAGE ( .BOTH. , #1221 ) ;
#1114 = CIRCLE ( 'NONE', #8942, 0.3750000000000003331 ) ;
#1115 = ORIENTED_EDGE ( 'NONE', *, *, #7859, .T. ) ;
#1116 = DIRECTION ( 'NONE',  ( 0.000000000000000000, 0.000000000000000000, -1.000000000000000000 ) ) ;
#1117 = CARTESIAN_POINT ( 'NONE',  ( 0.6349999999999992317, 0.3750000000000000000, -6.985000000000000320 ) ) ;
#1118 = SURFACE_SIDE_STYLE ('',( #2000 ) ) ;
#1119 = FACE_OUTER_BOUND ( 'NONE', #8120, .T. ) ;
#1120 = AXIS2_PLACEMENT_3D ( 'NONE', #871, #5162, #4110 ) ;
#1121 = DIRECTION ( 'NONE',  ( 1.000000000000000000, 0.000000000000000000, 0.000000000000000000 ) ) ;
#1122 = AXIS2_PLACEMENT_3D ( 'NONE', #9593, #1148, #4511 ) ;
#1123 = VERTEX_POINT ( 'NONE', #7928 ) ;
#1124 = CARTESIAN_POINT ( 'NONE',  ( 4.445000000000000284, 0.000000000000000000, 4.445000000000001172 ) ) ;
#1125 = MECHANICAL_DESIGN_GEOMETRIC_PRESENTATION_REPRESENTATION (  '', ( #6667 ), #10746 ) ;
#1126 = ORIENTED_EDGE ( 'NONE', *, *, #7741, .F. ) ;
#1127 = FACE_OUTER_BOUND ( 'NONE', #8088, .T. ) ;
#1128 = DIRECTION ( 'NONE',  ( 1.000000000000000000, 0.000000000000000000, 0.000000000000000000 ) ) ;
#1129 = AXIS2_PLACEMENT_3D ( 'NONE', #2133, #4761, #9869 ) ;
#1130 = ORIENTED_EDGE ( 'NONE', *, *, #10370, .T. ) ;
#1131 = SURFACE_STYLE_FILL_AREA ( #4493 ) ;
#1132 = DIRECTION ( 'NONE',  ( 0.000000000000000000, 0.000000000000000000, 1.000000000000000000 ) ) ;
#1133 = CARTESIAN_POINT ( 'NONE',  ( -6.985000000000000320, 0.000000000000000000, -5.714999999999999858 ) ) ;
#1134 =( GEOMETRIC_REPRESENTATION_CONTEXT ( 3 ) GLOBAL_UNCERTAINTY_ASSIGNED_CONTEXT ( ( #5207 ) ) GLOBAL_UNIT_ASSIGNED_CONTEXT ( ( #627, #4001, #6632 ) ) REPRESENTATION_CONTEXT ( 'NONE', 'WORKASPACE' ) );
#1135 = CARTESIAN_POINT ( 'NONE',  ( -7.500000000000005329, 5.120000000000000107, 7.500000000000001776 ) ) ;
#1136 = ADVANCED_FACE ( 'NONE', ( #4317 ), #6123, .T. ) ;
#1137 = FILL_AREA_STYLE_COLOUR ( '', #9105 ) ;
#1138 = FACE_OUTER_BOUND ( 'NONE', #2629, .T. ) ;
#1139 = CARTESIAN_POINT ( 'NONE',  ( 4.632082869338697506, 0.6999999999999998446, 1.905000000000000471 ) ) ;
#1140 = ADVANCED_FACE ( 'NONE', ( #2688 ), #5186, .F. ) ;
#1141 = DIRECTION ( 'NONE',  ( 1.224646799147353207E-16, 0.000000000000000000, -1.000000000000000000 ) ) ;
#1142 = DIRECTION ( 'NONE',  ( 0.000000000000000000, -0.000000000000000000, -1.000000000000000000 ) ) ;
#1143 = DIRECTION ( 'NONE',  ( 0.000000000000000000, -0.000000000000000000, -1.000000000000000000 ) ) ;
#1144 = CARTESIAN_POINT ( 'NONE',  ( -6.985000000000000320, 0.6999999999999999556, -0.6349999999999992317 ) ) ;
#1145 = EDGE_LOOP ( 'NONE', ( #9236, #2801, #437 ) ) ;
#1146 = ORIENTED_EDGE ( 'NONE', *, *, #7602, .T. ) ;
#1147 = DIRECTION ( 'NONE',  ( 0.000000000000000000, 0.000000000000000000, 1.000000000000000000 ) ) ;
#1148 = DIRECTION ( 'NONE',  ( 1.224646799147353207E-16, 0.000000000000000000, -1.000000000000000000 ) ) ;
#1149 = CARTESIAN_POINT ( 'NONE',  ( 3.174999999999999822, 0.6999999999999998446, 0.6350000000000001199 ) ) ;
#1151 = EDGE_CURVE ( 'NONE', #9418, #8438, #3592, .T. ) ;
#1150 = AXIS2_PLACEMENT_3D ( 'NONE', #7644, #1761, #5832 ) ;
#1152 = ADVANCED_FACE ( 'NONE', ( #9455 ), #951, .T. ) ;
#1153 = CARTESIAN_POINT ( 'NONE',  ( -5.715000000000000746, 0.3750000000000000000, 5.715000000000001634 ) ) ;
#1154 = PRESENTATION_LAYER_ASSIGNMENT (  '', '', ( #5602 ) ) ;
#1155 = CARTESIAN_POINT ( 'NONE',  ( -1.905000000000000471, 0.3750000000000000000, 3.175000000000000711 ) ) ;
#1156 = EDGE_LOOP ( 'NONE', ( #8818, #7635 ) ) ;
#1157 = CIRCLE ( 'NONE', #1876, 0.1870828693386972497 ) ;
#1158 = DIRECTION ( 'NONE',  ( -0.000000000000000000, 1.000000000000000000, -0.000000000000000000 ) ) ;
#1159 = ORIENTED_EDGE ( 'NONE', *, *, #2865, .T. ) ;
#1160 = SURFACE_SIDE_STYLE ('',( #4625 ) ) ;
#1161 = CARTESIAN_POINT ( 'NONE',  ( -7.500000000000005329, 1.070000000000000284, 7.500000000000001776 ) ) ;
#1162 = UNCERTAINTY_MEASURE_WITH_UNIT (LENGTH_MEASURE( 1.000000000000000082E-05 ), #10956, 'distance_accuracy_value', 'NONE');
#1163 = ORIENTED_EDGE ( 'NONE', *, *, #1698, .T. ) ;
#1164 = FACE_OUTER_BOUND ( 'NONE', #9345, .T. ) ;
#1165 = CARTESIAN_POINT ( 'NONE',  ( -4.445000000000001172, 0.6999999999999999556, 0.6350000000000001199 ) ) ;
#1166 = STYLED_ITEM ( 'NONE', ( #714 ), #2257 ) ;
#1167 = DIRECTION ( 'NONE',  ( 0.000000000000000000, 0.000000000000000000, 1.000000000000000000 ) ) ;
#1168 = CIRCLE ( 'NONE', #2792, 0.3749999999999998890 ) ;
#1169 = ADVANCED_FACE ( 'NONE', ( #7819 ), #6173, .T. ) ;
#1170 =( NAMED_UNIT ( * ) SI_UNIT ( $, .STERADIAN. ) SOLID_ANGLE_UNIT ( ) );
#1171 = DIRECTION ( 'NONE',  ( 0.000000000000000000, 0.000000000000000000, -1.000000000000000000 ) ) ;
#1172 = CARTESIAN_POINT ( 'NONE',  ( -0.8220828693386974528, 0.6999999999999998446, 3.175000000000000711 ) ) ;
#1173 =( GEOMETRIC_REPRESENTATION_CONTEXT ( 3 ) GLOBAL_UNCERTAINTY_ASSIGNED_CONTEXT ( ( #7315 ) ) GLOBAL_UNIT_ASSIGNED_CONTEXT ( ( #6386, #9698, #9649 ) ) REPRESENTATION_CONTEXT ( 'NONE', 'WORKASPACE' ) );
#1174 = FACE_OUTER_BOUND ( 'NONE', #7720, .T. ) ;
#1175 = AXIS2_PLACEMENT_3D ( 'NONE', #953, #8595, #253 ) ;
#1176 = DIRECTION ( 'NONE',  ( 1.000000000000000000, 0.000000000000000000, 0.000000000000000000 ) ) ;
#1177 = COLOUR_RGB ( '',0.7921568627450980005, 0.8196078431372548767, 0.9333333333333333481 ) ;
#1178 = FACE_OUTER_BOUND ( 'NONE', #6276, .T. ) ;
#1179 = UNCERTAINTY_MEASURE_WITH_UNIT (LENGTH_MEASURE( 1.000000000000000082E-05 ), #2931, 'distance_accuracy_value', 'NONE');
#1180 = EDGE_LOOP ( 'NONE', ( #3862, #9942 ) ) ;
#1181 = DIRECTION ( 'NONE',  ( 1.000000000000000000, 0.000000000000000000, 0.000000000000000000 ) ) ;
#1182 = CARTESIAN_POINT ( 'NONE',  ( -4.445000000000001172, 0.000000000000000000, 4.445000000000001172 ) ) ;
#1183 = ORIENTED_EDGE ( 'NONE', *, *, #9566, .T. ) ;
#1184 = PRESENTATION_STYLE_ASSIGNMENT (( #2769 ) ) ;
#1185 = CIRCLE ( 'NONE', #6897, 0.1870828693386972497 ) ;
#1186 = DIRECTION ( 'NONE',  ( 1.000000000000000000, 0.000000000000000000, 0.000000000000000000 ) ) ;
#1187 = DIRECTION ( 'NONE',  ( 1.000000000000000000, 0.000000000000000000, 0.000000000000000000 ) ) ;
#1188 = AXIS2_PLACEMENT_3D ( 'NONE', #5100, #8511, #1742 ) ;
#1189 = CARTESIAN_POINT ( 'NONE',  ( 3.362082869338697044, 0.6999999999999998446, -5.714999999999999858 ) ) ;
#1190 = SURFACE_STYLE_FILL_AREA ( #7897 ) ;
#1191 = CARTESIAN_POINT ( 'NONE',  ( -5.715000000000000746, 0.3750000000000000000, -6.985000000000000320 ) ) ;
#1192 = FILL_AREA_STYLE_COLOUR ( '', #8230 ) ;
#1193 = CIRCLE ( 'NONE', #7449, 0.3749999999999998890 ) ;
#1194 =( NAMED_UNIT ( * ) SI_UNIT ( $, .STERADIAN. ) SOLID_ANGLE_UNIT ( ) );
#1195 = DIRECTION ( 'NONE',  ( 1.000000000000000000, 0.000000000000000000, 0.000000000000000000 ) ) ;
#1196 = DIRECTION ( 'NONE',  ( 0.000000000000000000, 0.000000000000000000, -1.000000000000000000 ) ) ;
#1197 = DIRECTION ( 'NONE',  ( 1.000000000000000000, 0.000000000000000000, 0.000000000000000000 ) ) ;
#1198 = COLOUR_RGB ( '',0.7921568627450980005, 0.8196078431372548767, 0.9333333333333333481 ) ;
#1199 = AXIS2_PLACEMENT_3D ( 'NONE', #5499, #414, #9357 ) ;
#1200 = SURFACE_SIDE_STYLE ('',( #8171 ) ) ;
#1201 = DIRECTION ( 'NONE',  ( 0.000000000000000000, -1.000000000000000000, 0.000000000000000000 ) ) ;
#1202 = VERTEX_POINT ( 'NONE', #2796 ) ;
#1203 = ORIENTED_EDGE ( 'NONE', *, *, #5109, .F. ) ;
#1204 = PRESENTATION_STYLE_ASSIGNMENT (( #3940 ) ) ;
#1205 = EDGE_CURVE ( 'NONE', #9456, #5232, #6434, .T. ) ;
#1206 = ORIENTED_EDGE ( 'NONE', *, *, #2238, .F. ) ;
#1207 = CARTESIAN_POINT ( 'NONE',  ( 3.174999999999999822, 0.3750000000000000000, -3.174999999999999822 ) ) ;
#1208 =( GEOMETRIC_REPRESENTATION_CONTEXT ( 3 ) GLOBAL_UNCERTAINTY_ASSIGNED_CONTEXT ( ( #3080 ) ) GLOBAL_UNIT_ASSIGNED_CONTEXT ( ( #10462, #2727, #5275 ) ) REPRESENTATION_CONTEXT ( 'NONE', 'WORKASPACE' ) );
#1209 = ORIENTED_EDGE ( 'NONE', *, *, #2249, .F. ) ;
#1210 = CARTESIAN_POINT ( 'NONE',  ( 1.904999999999999583, 0.000000000000000000, 3.175000000000000711 ) ) ;
#1211 = EDGE_CURVE ( 'NONE', #9816, #4122, #3057, .T. ) ;
#1212 = AXIS2_PLACEMENT_3D ( 'NONE', #3272, #9189, #1518 ) ;
#1213 = DIRECTION ( 'NONE',  ( 1.000000000000000000, 0.000000000000000000, 0.000000000000000000 ) ) ;
#1214 = SURFACE_SIDE_STYLE ('',( #5558 ) ) ;
#1215 = ORIENTED_EDGE ( 'NONE', *, *, #319, .T. ) ;
#1216 = EDGE_CURVE ( 'NONE', #4274, #2116, #2521, .T. ) ;
#1217 = ADVANCED_FACE ( 'NONE', ( #7082 ), #8851, .F. ) ;
#1218 = ORIENTED_EDGE ( 'NONE', *, *, #5370, .T. ) ;
#1219 = DIRECTION ( 'NONE',  ( 0.000000000000000000, 0.000000000000000000, 1.000000000000000000 ) ) ;
#1220 = AXIS2_PLACEMENT_3D ( 'NONE', #814, #10967, #7643 ) ;
#1221 = SURFACE_SIDE_STYLE ('',( #6348 ) ) ;
#1222 = ORIENTED_EDGE ( 'NONE', *, *, #7461, .F. ) ;
#1223 =( GEOMETRIC_REPRESENTATION_CONTEXT ( 3 ) GLOBAL_UNCERTAINTY_ASSIGNED_CONTEXT ( ( #5620 ) ) GLOBAL_UNIT_ASSIGNED_CONTEXT ( ( #8545, #1617, #9347 ) ) REPRESENTATION_CONTEXT ( 'NONE', 'WORKASPACE' ) );
#1224 = PLANE ( 'NONE',  #6569 ) ;
#1225 = AXIS2_PLACEMENT_3D ( 'NONE', #8993, #9046, #8282 ) ;
#1226 = DIRECTION ( 'NONE',  ( -1.000000000000000000, 0.000000000000000000, 0.000000000000000000 ) ) ;
#1227 = EDGE_CURVE ( 'NONE', #6359, #8378, #534, .T. ) ;
#1228 = CLOSED_SHELL ( 'NONE', ( #10718, #7900, #6049 ) ) ;
#1229 = FACE_OUTER_BOUND ( 'NONE', #9167, .T. ) ;
#1230 = SURFACE_STYLE_USAGE ( .BOTH. , #7098 ) ;
#1231 = CARTESIAN_POINT ( 'NONE',  ( -0.6350000000000001199, 0.000000000000000000, -0.6349999999999992317 ) ) ;
#1232 = EDGE_CURVE ( 'NONE', #11041, #5854, #8922, .T. ) ;
#1233 = ORIENTED_EDGE ( 'NONE', *, *, #7651, .T. ) ;
#1234 = DIRECTION ( 'NONE',  ( 0.000000000000000000, 0.000000000000000000, -1.000000000000000000 ) ) ;
#1235 = EDGE_LOOP ( 'NONE', ( #5977, #2026, #3185 ) ) ;
#1236 = CARTESIAN_POINT ( 'NONE',  ( -3.175000000000000711, 0.3750000000000000000, -0.6349999999999992317 ) ) ;
#1237 = DIRECTION ( 'NONE',  ( 0.000000000000000000, 0.000000000000000000, -1.000000000000000000 ) ) ;
#1238 = ORIENTED_EDGE ( 'NONE', *, *, #7371, .T. ) ;
#1239 = CLOSED_SHELL ( 'NONE', ( #8270, #400, #1310 ) ) ;
#1240 = PLANE ( 'NONE',  #2826 ) ;
#1241 = DIRECTION ( 'NONE',  ( 0.000000000000000000, 0.000000000000000000, -1.000000000000000000 ) ) ;
#1242 = CARTESIAN_POINT ( 'NONE',  ( -4.445000000000001172, 0.000000000000000000, 0.6350000000000001199 ) ) ;
#1243 = CARTESIAN_POINT ( 'NONE',  ( -5.715000000000000746, 0.6999999999999998446, 5.715000000000001634 ) ) ;
#1244 = EDGE_CURVE ( 'NONE', #6076, #4579, #1268, .T. ) ;
#1245 = AXIS2_PLACEMENT_3D ( 'NONE', #4996, #8415, #7578 ) ;
#1246 = CARTESIAN_POINT ( 'NONE',  ( -4.445000000000001172, 0.3750000000000000000, 0.6350000000000001199 ) ) ;
#1247 = ADVANCED_FACE ( 'NONE', ( #8136 ), #8802, .F. ) ;
#1248 = AXIS2_PLACEMENT_3D ( 'NONE', #9643, #1869, #7955 ) ;
#1249 =( LENGTH_UNIT ( ) NAMED_UNIT ( * ) SI_UNIT ( .MILLI., .METRE. ) );
#1250 = CARTESIAN_POINT ( 'NONE',  ( 6.985000000000000320, 0.6999999999999999556, -0.6349999999999992317 ) ) ;
#1251 = DIRECTION ( 'NONE',  ( 1.000000000000000000, 0.000000000000000000, 0.000000000000000000 ) ) ;
#1252 = CARTESIAN_POINT ( 'NONE',  ( 6.985000000000000320, 0.3750000000000000000, 6.985000000000001208 ) ) ;
#1253 = AXIS2_PLACEMENT_3D ( 'NONE', #10779, #5646, #395 ) ;
#1254 = CARTESIAN_POINT ( 'NONE',  ( -0.6350000000000001199, 0.3750000000000000000, -1.904999999999999583 ) ) ;
#1255 = VECTOR ( 'NONE', #8422, 1000.000000000000000 ) ;
#1256 = CIRCLE ( 'NONE', #3765, 0.3749999999999998890 ) ;
#1257 = VERTEX_POINT ( 'NONE', #5561 ) ;
#1258 = VERTEX_POINT ( 'NONE', #6233 ) ;
#1259 = AXIS2_PLACEMENT_3D ( 'NONE', #2055, #8924, #381 ) ;
#1260 = DIRECTION ( 'NONE',  ( 0.000000000000000000, 0.000000000000000000, -1.000000000000000000 ) ) ;
#1261 = AXIS2_PLACEMENT_3D ( 'NONE', #4851, #8141, #479 ) ;
#1262 = SURFACE_STYLE_FILL_AREA ( #6223 ) ;
#1263 = AXIS2_PLACEMENT_3D ( 'NONE', #2912, #9666, #5457 ) ;
#1264 = EDGE_CURVE ( 'NONE', #4948, #3673, #10351, .T. ) ;
#1265 = PRESENTATION_LAYER_ASSIGNMENT (  '', '', ( #5197 ) ) ;
#1266 = CARTESIAN_POINT ( 'NONE',  ( -6.797917130661303098, 0.6999999999999998446, 3.175000000000000711 ) ) ;
#1267 = CARTESIAN_POINT ( 'NONE',  ( -4.632082869338698394, 0.6999999999999998446, 0.6350000000000001199 ) ) ;
#1268 = CIRCLE ( 'NONE', #728, 0.1870828693386972497 ) ;
#1269 =( GEOMETRIC_REPRESENTATION_CONTEXT ( 3 ) GLOBAL_UNCERTAINTY_ASSIGNED_CONTEXT ( ( #9507 ) ) GLOBAL_UNIT_ASSIGNED_CONTEXT ( ( #9065, #2439, #9888 ) ) REPRESENTATION_CONTEXT ( 'NONE', 'WORKASPACE' ) );
#1270 = FACE_OUTER_BOUND ( 'NONE', #4824, .T. ) ;
#1271 = CIRCLE ( 'NONE', #3440, 0.5999999999999998668 ) ;
#1272 = PRESENTATION_LAYER_ASSIGNMENT (  '', '', ( #8053 ) ) ;
#1273 = ORIENTED_EDGE ( 'NONE', *, *, #5803, .T. ) ;
#1274 = DIRECTION ( 'NONE',  ( 0.000000000000000000, -0.000000000000000000, -1.000000000000000000 ) ) ;
#1275 = ORIENTED_EDGE ( 'NONE', *, *, #3762, .T. ) ;
#1276 = EDGE_CURVE ( 'NONE', #9004, #2391, #2713, .T. ) ;
#1277 = AXIS2_PLACEMENT_3D ( 'NONE', #4976, #6605, #10161 ) ;
#1278 = ORIENTED_EDGE ( 'NONE', *, *, #7028, .F. ) ;
#1279 = PLANE ( 'NONE',  #1752 ) ;
#1280 = EDGE_CURVE ( 'NONE', #10625, #3997, #7520, .T. ) ;
#1281 =( LENGTH_UNIT ( ) NAMED_UNIT ( * ) SI_UNIT ( .MILLI., .METRE. ) );
#1282 = DIRECTION ( 'NONE',  ( 1.224646799147353207E-16, 0.000000000000000000, -1.000000000000000000 ) ) ;
#1283 = FILL_AREA_STYLE ('',( #6525 ) ) ;
#1284 = FILL_AREA_STYLE_COLOUR ( '', #6445 ) ;
#1285 = AXIS2_PLACEMENT_3D ( 'NONE', #10271, #4385, #9476 ) ;
#1286 = CARTESIAN_POINT ( 'NONE',  ( 0.6349999999999992317, 0.000000000000000000, 4.445000000000001172 ) ) ;
#1287 = EDGE_LOOP ( 'NONE', ( #2672, #2835 ) ) ;
#1288 = PRESENTATION_LAYER_ASSIGNMENT (  '', '', ( #4852 ) ) ;
#1289 = CARTESIAN_POINT ( 'NONE',  ( 4.445000000000000284, 0.6999999999999998446, -4.444999999999999396 ) ) ;
#1290 = UNCERTAINTY_MEASURE_WITH_UNIT (LENGTH_MEASURE( 1.000000000000000082E-05 ), #755, 'distance_accuracy_value', 'NONE');
#1291 = EDGE_LOOP ( 'NONE', ( #10018, #622, #8657 ) ) ;
#1292 = DIRECTION ( 'NONE',  ( 1.000000000000000000, 0.000000000000000000, 0.000000000000000000 ) ) ;
#1293 = ADVANCED_FACE ( 'NONE', ( #10589 ), #4784, .F. ) ;
#1294 = FACE_OUTER_BOUND ( 'NONE', #1372, .T. ) ;
#1295 = VERTEX_POINT ( 'NONE', #1994 ) ;
#1296 =( LENGTH_UNIT ( ) NAMED_UNIT ( * ) SI_UNIT ( .MILLI., .METRE. ) );
#1297 = EDGE_CURVE ( 'NONE', #9672, #2391, #2154, .T. ) ;
#1298 = CARTESIAN_POINT ( 'NONE',  ( -2.092082869338697915, 0.6999999999999998446, -3.174999999999999822 ) ) ;
#1299 = CARTESIAN_POINT ( 'NONE',  ( 4.257917130661303062, 0.6999999999999998446, 1.905000000000000471 ) ) ;
#1300 = EDGE_CURVE ( 'NONE', #5225, #10793, #3607, .T. ) ;
#1301 = CIRCLE ( 'NONE', #1483, 0.1870828693386972497 ) ;
#1302 = DIRECTION ( 'NONE',  ( 0.000000000000000000, 0.000000000000000000, -1.000000000000000000 ) ) ;
#1303 = SURFACE_SIDE_STYLE ('',( #7223 ) ) ;
#1304 = COLOUR_RGB ( '',0.7921568627450980005, 0.8196078431372548767, 0.9333333333333333481 ) ;
#1305 = AXIS2_PLACEMENT_3D ( 'NONE', #10509, #1865, #6269 ) ;
#1306 = PLANE ( 'NONE',  #8767 ) ;
#1307 = FILL_AREA_STYLE ('',( #5592 ) ) ;
#1308 = DIRECTION ( 'NONE',  ( 0.000000000000000000, 0.000000000000000000, 1.000000000000000000 ) ) ;
#1309 = SPHERICAL_SURFACE ( 'NONE', #10134, 0.3750000000000000000 ) ;
#1310 = ADVANCED_FACE ( 'NONE', ( #6402 ), #5401, .T. ) ;
#1311 =( GEOMETRIC_REPRESENTATION_CONTEXT ( 3 ) GLOBAL_UNCERTAINTY_ASSIGNED_CONTEXT ( ( #9623 ) ) GLOBAL_UNIT_ASSIGNED_CONTEXT ( ( #2029, #9823, #8078 ) ) REPRESENTATION_CONTEXT ( 'NONE', 'WORKASPACE' ) );
#1312 = DIRECTION ( 'NONE',  ( 0.000000000000000000, 0.000000000000000000, -1.000000000000000000 ) ) ;
#1313 = AXIS2_PLACEMENT_3D ( 'NONE', #4339, #5761, #4984 ) ;
#1314 = CARTESIAN_POINT ( 'NONE',  ( 5.715000000000000746, 0.6999999999999998446, 6.985000000000001208 ) ) ;
#1315 = CARTESIAN_POINT ( 'NONE',  ( -0.6350000000000001199, 0.000000000000000000, -1.904999999999999583 ) ) ;
#1316 = ORIENTED_EDGE ( 'NONE', *, *, #4303, .F. ) ;
#1317 = ORIENTED_EDGE ( 'NONE', *, *, #7787, .T. ) ;
#1318 = DIRECTION ( 'NONE',  ( 1.000000000000000000, 0.000000000000000000, 0.000000000000000000 ) ) ;
#1319 =( LENGTH_UNIT ( ) NAMED_UNIT ( * ) SI_UNIT ( .MILLI., .METRE. ) );
#1320 = FILL_AREA_STYLE ('',( #8795 ) ) ;
#1321 = DIRECTION ( 'NONE',  ( 0.000000000000000000, 0.000000000000000000, -1.000000000000000000 ) ) ;
#1322 = FACE_OUTER_BOUND ( 'NONE', #4315, .T. ) ;
#1323 = FILL_AREA_STYLE_COLOUR ( '', #10263 ) ;
#1324 = FILL_AREA_STYLE_COLOUR ( '', #2046 ) ;
#1325 = ORIENTED_EDGE ( 'NONE', *, *, #5164, .T. ) ;
#1326 = DIRECTION ( 'NONE',  ( -0.000000000000000000, 1.000000000000000000, -0.000000000000000000 ) ) ;
#1327 = FILL_AREA_STYLE ('',( #2103 ) ) ;
#1328 = FACE_OUTER_BOUND ( 'NONE', #6531, .T. ) ;
#1329 = VERTEX_POINT ( 'NONE', #308 ) ;
#1330 = DIRECTION ( 'NONE',  ( -0.000000000000000000, 1.000000000000000000, -0.000000000000000000 ) ) ;
#1331 = PRESENTATION_LAYER_ASSIGNMENT (  '', '', ( #1866 ) ) ;
#1332 = CARTESIAN_POINT ( 'NONE',  ( -1.905000000000000471, 0.000000000000000000, -4.444999999999999396 ) ) ;
#1333 = DIRECTION ( 'NONE',  ( 0.000000000000000000, 0.000000000000000000, 1.000000000000000000 ) ) ;
#1334 = AXIS2_PLACEMENT_3D ( 'NONE', #1662, #7752, #5117 ) ;
#1335 = DIRECTION ( 'NONE',  ( 1.000000000000000000, 0.000000000000000000, 0.000000000000000000 ) ) ;
#1336 = CARTESIAN_POINT ( 'NONE',  ( 6.985000000000000320, 0.3750000000000000000, 0.6350000000000001199 ) ) ;
#1337 =( GEOMETRIC_REPRESENTATION_CONTEXT ( 3 ) GLOBAL_UNCERTAINTY_ASSIGNED_CONTEXT ( ( #4639 ) ) GLOBAL_UNIT_ASSIGNED_CONTEXT ( ( #4760, #3929, #7346 ) ) REPRESENTATION_CONTEXT ( 'NONE', 'WORKASPACE' ) );
#1338 = CARTESIAN_POINT ( 'NONE',  ( -7.172082869338698430, 0.6999999999999998446, 4.445000000000001172 ) ) ;
#1339 = ADVANCED_FACE ( 'NONE', ( #3741 ), #4680, .F. ) ;
#1340 = ORIENTED_EDGE ( 'NONE', *, *, #336, .T. ) ;
#1341 = CARTESIAN_POINT ( 'NONE',  ( 1.904999999999999583, 0.6999999999999998446, -6.985000000000000320 ) ) ;
#1342 = MANIFOLD_SOLID_BREP ( 'LPattern1[68]', #150 ) ;
#1343 = PRESENTATION_LAYER_ASSIGNMENT (  '', '', ( #1166 ) ) ;
#1344 = EDGE_LOOP ( 'NONE', ( #8287, #6448, #4521 ) ) ;
#1345 = CARTESIAN_POINT ( 'NONE',  ( 4.445000000000000284, 0.6999999999999998446, -4.444999999999999396 ) ) ;
#1346 = CARTESIAN_POINT ( 'NONE',  ( -4.632082869338698394, 0.6999999999999998446, 1.905000000000000471 ) ) ;
#1347 = VERTEX_POINT ( 'NONE', #3184 ) ;
#1348 = CARTESIAN_POINT ( 'NONE',  ( -1.717917130661303249, 0.6999999999999998446, 3.175000000000000711 ) ) ;
#1349 = CARTESIAN_POINT ( 'NONE',  ( 1.904999999999999583, 0.6999999999999998446, 0.6350000000000001199 ) ) ;
#1350 = DIRECTION ( 'NONE',  ( -0.000000000000000000, 1.000000000000000000, -0.000000000000000000 ) ) ;
#1351 = DIRECTION ( 'NONE',  ( -1.000000000000000000, 0.000000000000000000, 0.000000000000000000 ) ) ;
#1352 = AXIS2_PLACEMENT_3D ( 'NONE', #7714, #3519, #3472 ) ;
#1353 = DIRECTION ( 'NONE',  ( -1.000000000000000000, 0.000000000000000000, 0.000000000000000000 ) ) ;
#1354 = EDGE_CURVE ( 'NONE', #3673, #4948, #213, .T. ) ;
#1355 = EDGE_CURVE ( 'NONE', #8352, #6332, #3813, .T. ) ;
#1356 = CARTESIAN_POINT ( 'NONE',  ( 5.715000000000000746, 0.6999999999999999556, 5.715000000000001634 ) ) ;
#1357 = AXIS2_PLACEMENT_3D ( 'NONE', #2673, #3513, #7915 ) ;
#1358 = DIRECTION ( 'NONE',  ( 0.000000000000000000, 0.000000000000000000, -1.000000000000000000 ) ) ;
#1359 = COLOUR_RGB ( '',0.7921568627450980005, 0.8196078431372548767, 0.9333333333333333481 ) ;
#1360 = CARTESIAN_POINT ( 'NONE',  ( -4.445000000000001172, 0.3750000000000000000, -3.174999999999999822 ) ) ;
#1361 = DIRECTION ( 'NONE',  ( 1.000000000000000000, 0.000000000000000000, 0.000000000000000000 ) ) ;
#1362 = AXIS2_PLACEMENT_3D ( 'NONE', #438, #8599, #8553 ) ;
#1363 =( NAMED_UNIT ( * ) SI_UNIT ( $, .STERADIAN. ) SOLID_ANGLE_UNIT ( ) );
#1364 = ADVANCED_FACE ( 'NONE', ( #7541 ), #10755, .F. ) ;
#1365 = ORIENTED_EDGE ( 'NONE', *, *, #8813, .F. ) ;
#1366 = ORIENTED_EDGE ( 'NONE', *, *, #554, .F. ) ;
#1367 = DIRECTION ( 'NONE',  ( 0.000000000000000000, 0.000000000000000000, 1.000000000000000000 ) ) ;
#1368 = AXIS2_PLACEMENT_3D ( 'NONE', #2833, #2025, #4164 ) ;
#1369 = DIRECTION ( 'NONE',  ( 0.000000000000000000, 0.000000000000000000, 1.000000000000000000 ) ) ;
#1370 = CARTESIAN_POINT ( 'NONE',  ( 4.445000000000000284, 0.3750000000000000000, 5.715000000000001634 ) ) ;
#1371 = ADVANCED_FACE ( 'NONE', ( #1605 ), #6693, .F. ) ;
#1372 = EDGE_LOOP ( 'NONE', ( #10588, #5236, #10493 ) ) ;
#1373 = SPHERICAL_SURFACE ( 'NONE', #7389, 0.3750000000000000000 ) ;
#1374 = CARTESIAN_POINT ( 'NONE',  ( -6.985000000000000320, 0.3750000000000000000, -4.444999999999999396 ) ) ;
#1375 = CARTESIAN_POINT ( 'NONE',  ( -2.987917130661303489, 0.6999999999999998446, -1.904999999999999583 ) ) ;
#1376 = COLOUR_RGB ( '',0.7921568627450980005, 0.8196078431372548767, 0.9333333333333333481 ) ;
#1377 = DIRECTION ( 'NONE',  ( 1.000000000000000000, 0.000000000000000000, 0.000000000000000000 ) ) ;
#1378 = COLOUR_RGB ( '',0.7921568627450980005, 0.8196078431372548767, 0.9333333333333333481 ) ;
#1379 = SURFACE_STYLE_FILL_AREA ( #7532 ) ;
#1380 = SURFACE_STYLE_FILL_AREA ( #10751 ) ;
#1381 = PRESENTATION_LAYER_ASSIGNMENT (  '', '', ( #2272 ) ) ;
#1382 = EDGE_CURVE ( 'NONE', #11029, #10401, #2373, .T. ) ;
#1383 = ORIENTED_EDGE ( 'NONE', *, *, #2445, .T. ) ;
#1384 = DIRECTION ( 'NONE',  ( 0.000000000000000000, 0.000000000000000000, 1.000000000000000000 ) ) ;
#1385 = ADVANCED_FACE ( 'NONE', ( #1443 ), #10133, .T. ) ;
#1386 = EDGE_LOOP ( 'NONE', ( #10756, #10823, #7205 ) ) ;
#1387 = VERTEX_POINT ( 'NONE', #9956 ) ;
#1388 = SURFACE_STYLE_FILL_AREA ( #9168 ) ;
#1389 = CIRCLE ( 'NONE', #2653, 0.1870828693386972497 ) ;
#1390 = ORIENTED_EDGE ( 'NONE', *, *, #6962, .T. ) ;
#1391 = DIRECTION ( 'NONE',  ( 1.000000000000000000, 0.000000000000000000, 0.000000000000000000 ) ) ;
#1392 =( GEOMETRIC_REPRESENTATION_CONTEXT ( 3 ) GLOBAL_UNCERTAINTY_ASSIGNED_CONTEXT ( ( #8307 ) ) GLOBAL_UNIT_ASSIGNED_CONTEXT ( ( #4634, #7744, #8042 ) ) REPRESENTATION_CONTEXT ( 'NONE', 'WORKASPACE' ) );
#1393 = CARTESIAN_POINT ( 'NONE',  ( 7.499999999999994671, 1.070000000000000284, 7.500000000000001776 ) ) ;
#1394 =( LENGTH_UNIT ( ) NAMED_UNIT ( * ) SI_UNIT ( .MILLI., .METRE. ) );
#1395 = CIRCLE ( 'NONE', #4436, 0.1870828693386972497 ) ;
#1396 = SURFACE_STYLE_FILL_AREA ( #428 ) ;
#1397 =( NAMED_UNIT ( * ) PLANE_ANGLE_UNIT ( ) SI_UNIT ( $, .RADIAN. ) );
#1398 = PRESENTATION_LAYER_ASSIGNMENT (  '', '', ( #6758 ) ) ;
#1399 = ORIENTED_EDGE ( 'NONE', *, *, #5424, .F. ) ;
#1400 = FILL_AREA_STYLE_COLOUR ( '', #8125 ) ;
#1401 = UNCERTAINTY_MEASURE_WITH_UNIT (LENGTH_MEASURE( 1.000000000000000082E-05 ), #10839, 'distance_accuracy_value', 'NONE');
#1402 = EDGE_LOOP ( 'NONE', ( #6453, #9459, #3155 ) ) ;
#1403 = DIRECTION ( 'NONE',  ( 1.000000000000000000, 0.000000000000000000, 0.000000000000000000 ) ) ;
#1404 = DIRECTION ( 'NONE',  ( 0.000000000000000000, -1.000000000000000000, 0.000000000000000000 ) ) ;
#1405 = VERTEX_POINT ( 'NONE', #9166 ) ;
#1406 = SURFACE_STYLE_USAGE ( .BOTH. , #3098 ) ;
#1407 = CIRCLE ( 'NONE', #3899, 0.3749999999999998890 ) ;
#1408 = FACE_OUTER_BOUND ( 'NONE', #2057, .T. ) ;
#1409 = CARTESIAN_POINT ( 'NONE',  ( -3.175000000000000711, 0.6999999999999998446, -0.6349999999999992317 ) ) ;
#1410 = DIRECTION ( 'NONE',  ( 0.000000000000000000, 1.000000000000000000, 0.000000000000000000 ) ) ;
#1411 = CIRCLE ( 'NONE', #2667, 0.1870828693386972497 ) ;
#1412 = DIRECTION ( 'NONE',  ( 1.000000000000000000, 0.000000000000000000, 0.000000000000000000 ) ) ;
#1413 = CLOSED_SHELL ( 'NONE', ( #2194, #3071, #882 ) ) ;
#1414 = ORIENTED_EDGE ( 'NONE', *, *, #3631, .T. ) ;
#1415 = CARTESIAN_POINT ( 'NONE',  ( 0.8220828693386965647, 0.6999999999999998446, 4.445000000000001172 ) ) ;
#1416 = SPHERICAL_SURFACE ( 'NONE', #8081, 0.3750000000000000000 ) ;
#1417 = CARTESIAN_POINT ( 'NONE',  ( 3.174999999999999822, 0.3750000000000000000, 3.175000000000000711 ) ) ;
#1418 = CARTESIAN_POINT ( 'NONE',  ( -1.717917130661303249, 0.6999999999999998446, 1.905000000000000471 ) ) ;
#1419 = ADVANCED_FACE ( 'NONE', ( #3250 ), #10864, .F. ) ;
#1420 = ADVANCED_FACE ( 'NONE', ( #5902 ), #1499, .T. ) ;
#1421 = ADVANCED_FACE ( 'NONE', ( #8485 ), #4899, .T. ) ;
#1422 = CLOSED_SHELL ( 'NONE', ( #10001, #2651, #4333, #608, #10323, #7192, #10968, #8723, #4864 ) ) ;
#1423 = FILL_AREA_STYLE_COLOUR ( '', #2809 ) ;
#1424 = MECHANICAL_DESIGN_GEOMETRIC_PRESENTATION_REPRESENTATION (  '', ( #1774 ), #5335 ) ;
#1425 = ORIENTED_EDGE ( 'NONE', *, *, #3718, .T. ) ;
#1426 = EDGE_LOOP ( 'NONE', ( #10768, #129 ) ) ;
#1427 = FACE_OUTER_BOUND ( 'NONE', #9238, .T. ) ;
#1428 = SPHERICAL_SURFACE ( 'NONE', #2486, 0.3750000000000000000 ) ;
#1429 = SURFACE_STYLE_FILL_AREA ( #2147 ) ;
#1430 = ORIENTED_EDGE ( 'NONE', *, *, #532, .T. ) ;
#1431 = DIRECTION ( 'NONE',  ( 1.224646799147353207E-16, 0.000000000000000000, -1.000000000000000000 ) ) ;
#1432 = CIRCLE ( 'NONE', #2322, 0.3749999999999998890 ) ;
#1433 = CARTESIAN_POINT ( 'NONE',  ( 6.985000000000000320, 0.6999999999999999556, -3.174999999999999822 ) ) ;
#1434 = AXIS2_PLACEMENT_3D ( 'NONE', #2465, #5859, #11048 ) ;
#1435 = AXIS2_PLACEMENT_3D ( 'NONE', #10127, #9333, #7586 ) ;
#1436 = DIRECTION ( 'NONE',  ( -1.000000000000000000, 0.000000000000000000, 0.000000000000000000 ) ) ;
#1437 = ADVANCED_FACE ( 'NONE', ( #9893 ), #8366, .T. ) ;
#1438 = DIRECTION ( 'NONE',  ( 0.000000000000000000, 0.000000000000000000, 1.000000000000000000 ) ) ;
#1439 = CIRCLE ( 'NONE', #9082, 0.3749999999999998890 ) ;
#1440 = COLOUR_RGB ( '',0.7921568627450980005, 0.8196078431372548767, 0.9333333333333333481 ) ;
#1441 = VERTEX_POINT ( 'NONE', #5783 ) ;
#1442 = AXIS2_PLACEMENT_3D ( 'NONE', #974, #4598, #7997 ) ;
#1443 = FACE_OUTER_BOUND ( 'NONE', #2456, .T. ) ;
#1444 = ORIENTED_EDGE ( 'NONE', *, *, #168, .T. ) ;
#1445 = EDGE_LOOP ( 'NONE', ( #2630, #7540, #571 ) ) ;
#1446 = DIRECTION ( 'NONE',  ( 0.000000000000000000, 0.000000000000000000, 1.000000000000000000 ) ) ;
#1447 = FILL_AREA_STYLE ('',( #3253 ) ) ;
#1448 = VERTEX_POINT ( 'NONE', #10195 ) ;
#1449 = AXIS2_PLACEMENT_3D ( 'NONE', #8046, #6476, #6299 ) ;
#1450 = PRESENTATION_LAYER_ASSIGNMENT (  '', '', ( #6249 ) ) ;
#1451 = CARTESIAN_POINT ( 'NONE',  ( -6.985000000000000320, 0.000000000000000000, 4.445000000000001172 ) ) ;
#1452 = ADVANCED_FACE ( 'NONE', ( #9394 ), #11030, .F. ) ;
#1453 = AXIS2_PLACEMENT_3D ( 'NONE', #6885, #7935, #10487 ) ;
#1454 = CARTESIAN_POINT ( 'NONE',  ( 4.445000000000000284, 0.3750000000000000000, 0.6350000000000001199 ) ) ;
#1455 = DIRECTION ( 'NONE',  ( 0.000000000000000000, 0.000000000000000000, 1.000000000000000000 ) ) ;
#1456 = AXIS2_PLACEMENT_3D ( 'NONE', #5619, #8371, #9836 ) ;
#1457 = DIRECTION ( 'NONE',  ( 0.000000000000000000, 0.000000000000000000, -1.000000000000000000 ) ) ;
#1458 = ORIENTED_EDGE ( 'NONE', *, *, #10337, .T. ) ;
#1459 = PRESENTATION_LAYER_ASSIGNMENT (  '', '', ( #6826 ) ) ;
#1460 = DIRECTION ( 'NONE',  ( 0.000000000000000000, 0.000000000000000000, 1.000000000000000000 ) ) ;
#1461 = VERTEX_POINT ( 'NONE', #3627 ) ;
#1462 = SPHERICAL_SURFACE ( 'NONE', #10611, 0.3750000000000000000 ) ;
#1463 = VERTEX_POINT ( 'NONE', #2568 ) ;
#1464 = EDGE_LOOP ( 'NONE', ( #9400, #1183, #77 ) ) ;
#1465 = CARTESIAN_POINT ( 'NONE',  ( 1.904999999999999583, 0.3750000000000000000, 4.445000000000001172 ) ) ;
#1466 = DIRECTION ( 'NONE',  ( 0.000000000000000000, -1.000000000000000000, 0.000000000000000000 ) ) ;
#1467 = ORIENTED_EDGE ( 'NONE', *, *, #5536, .F. ) ;
#1468 = DIRECTION ( 'NONE',  ( 0.000000000000000000, -0.000000000000000000, -1.000000000000000000 ) ) ;
#1469 = DIRECTION ( 'NONE',  ( 0.000000000000000000, 0.000000000000000000, -1.000000000000000000 ) ) ;
#1470 = COLOUR_RGB ( '',0.7921568627450980005, 0.8196078431372548767, 0.9333333333333333481 ) ;
#1471 = SPHERICAL_SURFACE ( 'NONE', #8578, 0.3750000000000000000 ) ;
#1472 = CARTESIAN_POINT ( 'NONE',  ( -1.905000000000000471, 0.3750000000000000000, 3.175000000000000711 ) ) ;
#1473 =( GEOMETRIC_REPRESENTATION_CONTEXT ( 3 ) GLOBAL_UNCERTAINTY_ASSIGNED_CONTEXT ( ( #1179 ) ) GLOBAL_UNIT_ASSIGNED_CONTEXT ( ( #2931, #8988, #9867 ) ) REPRESENTATION_CONTEXT ( 'NONE', 'WORKASPACE' ) );
#1474 = DIRECTION ( 'NONE',  ( 0.000000000000000000, -1.000000000000000000, 0.000000000000000000 ) ) ;
#1475 = ORIENTED_EDGE ( 'NONE', *, *, #299, .T. ) ;
#1476 = DIRECTION ( 'NONE',  ( 0.000000000000000000, 0.000000000000000000, 1.000000000000000000 ) ) ;
#1477 = AXIS2_PLACEMENT_3D ( 'NONE', #1854, #8613, #5417 ) ;
#1478 = CARTESIAN_POINT ( 'NONE',  ( 6.985000000000000320, 0.000000000000000000, 4.445000000000001172 ) ) ;
#1479 = DIRECTION ( 'NONE',  ( -0.000000000000000000, 1.000000000000000000, -0.000000000000000000 ) ) ;
#1480 = DIRECTION ( 'NONE',  ( 0.000000000000000000, 1.000000000000000000, 0.000000000000000000 ) ) ;
#1481 =( NAMED_UNIT ( * ) PLANE_ANGLE_UNIT ( ) SI_UNIT ( $, .RADIAN. ) );
#1482 =( NAMED_UNIT ( * ) SI_UNIT ( $, .STERADIAN. ) SOLID_ANGLE_UNIT ( ) );
#1483 = AXIS2_PLACEMENT_3D ( 'NONE', #4292, #4998, #8524 ) ;
#1484 = EDGE_CURVE ( 'NONE', #3850, #2316, #957, .T. ) ;
#1485 = EDGE_LOOP ( 'NONE', ( #890, #806, #4981 ) ) ;
#1486 = ORIENTED_EDGE ( 'NONE', *, *, #1227, .F. ) ;
#1487 = ADVANCED_FACE ( 'NONE', ( #8631 ), #28, .F. ) ;
#1488 = AXIS2_PLACEMENT_3D ( 'NONE', #5330, #9342, #7707 ) ;
#1489 = ORIENTED_EDGE ( 'NONE', *, *, #8583, .F. ) ;
#1490 = DIRECTION ( 'NONE',  ( 1.224646799147353207E-16, 0.000000000000000000, -1.000000000000000000 ) ) ;
#1491 = COLOUR_RGB ( '',0.7921568627450980005, 0.8196078431372548767, 0.9333333333333333481 ) ;
#1492 = DIRECTION ( 'NONE',  ( 0.000000000000000000, -1.000000000000000000, 0.000000000000000000 ) ) ;
#1493 = CIRCLE ( 'NONE', #5400, 0.1870828693386972497 ) ;
#1494 = DIRECTION ( 'NONE',  ( -0.000000000000000000, 1.000000000000000000, -0.000000000000000000 ) ) ;
#1495 = SURFACE_SIDE_STYLE ('',( #5954 ) ) ;
#1496 = EDGE_LOOP ( 'NONE', ( #7821, #514, #3056 ) ) ;
#1497 = DIRECTION ( 'NONE',  ( 1.000000000000000000, 0.000000000000000000, 0.000000000000000000 ) ) ;
#1498 = ORIENTED_EDGE ( 'NONE', *, *, #8344, .F. ) ;
#1499 = SPHERICAL_SURFACE ( 'NONE', #10378, 0.3750000000000000000 ) ;
#1500 = EDGE_CURVE ( 'NONE', #9658, #268, #6470, .T. ) ;
#1501 =( NAMED_UNIT ( * ) PLANE_ANGLE_UNIT ( ) SI_UNIT ( $, .RADIAN. ) );
#1502 = ORIENTED_EDGE ( 'NONE', *, *, #8252, .F. ) ;
#1503 = CARTESIAN_POINT ( 'NONE',  ( -5.715000000000000746, 0.6999999999999999556, 1.905000000000000471 ) ) ;
#1504 = SURFACE_STYLE_USAGE ( .BOTH. , #8097 ) ;
#1505 = ORIENTED_EDGE ( 'NONE', *, *, #1894, .T. ) ;
#1506 = EDGE_LOOP ( 'NONE', ( #4862, #237, #5611 ) ) ;
#1507 = DIRECTION ( 'NONE',  ( 0.000000000000000000, 0.000000000000000000, 1.000000000000000000 ) ) ;
#1508 = EDGE_LOOP ( 'NONE', ( #8925, #11034, #9058 ) ) ;
#1509 = DIRECTION ( 'NONE',  ( 0.000000000000000000, -1.000000000000000000, 0.000000000000000000 ) ) ;
#1510 = CIRCLE ( 'NONE', #2944, 0.1870828693386972497 ) ;
#1511 = UNCERTAINTY_MEASURE_WITH_UNIT (LENGTH_MEASURE( 1.000000000000000082E-05 ), #3604, 'distance_accuracy_value', 'NONE');
#1512 = ORIENTED_EDGE ( 'NONE', *, *, #1276, .T. ) ;
#1513 = ORIENTED_EDGE ( 'NONE', *, *, #2590, .F. ) ;
#1514 = ADVANCED_FACE ( 'NONE', ( #7861 ), #6816, .T. ) ;
#1515 = DIRECTION ( 'NONE',  ( 1.000000000000000000, 0.000000000000000000, 0.000000000000000000 ) ) ;
#1516 = CARTESIAN_POINT ( 'NONE',  ( 5.715000000000000746, 0.3750000000000000000, 4.445000000000001172 ) ) ;
#1517 = AXIS2_PLACEMENT_3D ( 'NONE', #3066, #9886, #2267 ) ;
#1518 = DIRECTION ( 'NONE',  ( -1.000000000000000000, 0.000000000000000000, 0.000000000000000000 ) ) ;
#1519 = CARTESIAN_POINT ( 'NONE',  ( 5.715000000000000746, 0.6999999999999998446, -5.714999999999999858 ) ) ;
#1520 = CARTESIAN_POINT ( 'NONE',  ( 6.797917130661303098, 0.6999999999999998446, -4.444999999999999396 ) ) ;
#1521 = SURFACE_STYLE_FILL_AREA ( #4212 ) ;
#1522 = COLOUR_RGB ( '',0.7921568627450980005, 0.8196078431372548767, 0.9333333333333333481 ) ;
#1523 = CARTESIAN_POINT ( 'NONE',  ( 5.715000000000000746, 0.3750000000000000000, 1.905000000000000471 ) ) ;
#1524 = AXIS2_PLACEMENT_3D ( 'NONE', #7656, #9294, #648 ) ;
#1525 = EDGE_LOOP ( 'NONE', ( #4909, #3248, #4904 ) ) ;
#1526 = DIRECTION ( 'NONE',  ( 1.000000000000000000, 0.000000000000000000, 0.000000000000000000 ) ) ;
#1527 = FILL_AREA_STYLE_COLOUR ( '', #10959 ) ;
#1528 = DIRECTION ( 'NONE',  ( 0.000000000000000000, 0.000000000000000000, 1.000000000000000000 ) ) ;
#1529 = DIRECTION ( 'NONE',  ( -0.000000000000000000, 1.000000000000000000, -0.000000000000000000 ) ) ;
#1530 = AXIS2_PLACEMENT_3D ( 'NONE', #9849, #2232, #9671 ) ;
#1531 = CARTESIAN_POINT ( 'NONE',  ( -6.000000000000005329, 5.070000000000000284, -6.599999999999997868 ) ) ;
#1532 = AXIS2_PLACEMENT_3D ( 'NONE', #3008, #9217, #5778 ) ;
#1533 = SURFACE_STYLE_USAGE ( .BOTH. , #3336 ) ;
#1534 = VERTEX_POINT ( 'NONE', #5172 ) ;
#1535 = VERTEX_POINT ( 'NONE', #132 ) ;
#1536 = AXIS2_PLACEMENT_3D ( 'NONE', #4510, #6920, #1924 ) ;
#1537 = DIRECTION ( 'NONE',  ( 1.000000000000000000, 0.000000000000000000, 0.000000000000000000 ) ) ;
#1538 =( GEOMETRIC_REPRESENTATION_CONTEXT ( 3 ) GLOBAL_UNCERTAINTY_ASSIGNED_CONTEXT ( ( #8444 ) ) GLOBAL_UNIT_ASSIGNED_CONTEXT ( ( #9336, #7701, #5432 ) ) REPRESENTATION_CONTEXT ( 'NONE', 'WORKASPACE' ) );
#1539 = ORIENTED_EDGE ( 'NONE', *, *, #7424, .F. ) ;
#1540 = DIRECTION ( 'NONE',  ( -0.000000000000000000, 1.000000000000000000, -0.000000000000000000 ) ) ;
#1541 = DIRECTION ( 'NONE',  ( 0.000000000000000000, 0.000000000000000000, 1.000000000000000000 ) ) ;
#1542 = DIRECTION ( 'NONE',  ( 1.224646799147353207E-16, 0.000000000000000000, -1.000000000000000000 ) ) ;
#1543 =( GEOMETRIC_REPRESENTATION_CONTEXT ( 3 ) GLOBAL_UNCERTAINTY_ASSIGNED_CONTEXT ( ( #7973 ) ) GLOBAL_UNIT_ASSIGNED_CONTEXT ( ( #223, #9735, #3659 ) ) REPRESENTATION_CONTEXT ( 'NONE', 'WORKASPACE' ) );
#1544 = SURFACE_SIDE_STYLE ('',( #10915 ) ) ;
#1545 = EDGE_CURVE ( 'NONE', #9348, #10359, #6285, .T. ) ;
#1546 = SURFACE_SIDE_STYLE ('',( #5007 ) ) ;
#1547 = DIRECTION ( 'NONE',  ( 1.000000000000000000, 0.000000000000000000, 0.000000000000000000 ) ) ;
#1548 = ORIENTED_EDGE ( 'NONE', *, *, #7333, .T. ) ;
#1549 = DIRECTION ( 'NONE',  ( 1.000000000000000000, 0.000000000000000000, 0.000000000000000000 ) ) ;
#1550 = DIRECTION ( 'NONE',  ( 1.224646799147353207E-16, 0.000000000000000000, -1.000000000000000000 ) ) ;
#1551 = VERTEX_POINT ( 'NONE', #2674 ) ;
#1552 = CARTESIAN_POINT ( 'NONE',  ( 0.4479171306613019543, 0.6999999999999998446, -4.444999999999999396 ) ) ;
#1553 = PRESENTATION_STYLE_ASSIGNMENT (( #8964 ) ) ;
#1554 = ORIENTED_EDGE ( 'NONE', *, *, #6324, .T. ) ;
#1555 = AXIS2_PLACEMENT_3D ( 'NONE', #6044, #7005, #10332 ) ;
#1556 = CARTESIAN_POINT ( 'NONE',  ( 3.174999999999999822, 0.3750000000000000000, -5.714999999999999858 ) ) ;
#1557 = ADVANCED_FACE ( 'NONE', ( #9446 ), #2786, .F. ) ;
#1558 = EDGE_CURVE ( 'NONE', #3685, #8981, #7742, .T. ) ;
#1559 = ADVANCED_FACE ( 'NONE', ( #2733 ), #3570, .T. ) ;
#1560 = ORIENTED_EDGE ( 'NONE', *, *, #10902, .F. ) ;
#1561 = AXIS2_PLACEMENT_3D ( 'NONE', #1572, #6716, #2468 ) ;
#1562 = ORIENTED_EDGE ( 'NONE', *, *, #10132, .F. ) ;
#1563 = SPHERICAL_SURFACE ( 'NONE', #5719, 0.3750000000000000000 ) ;
#1564 = EDGE_LOOP ( 'NONE', ( #626, #7393, #2790 ) ) ;
#1565 = DIRECTION ( 'NONE',  ( 0.000000000000000000, 0.000000000000000000, 1.000000000000000000 ) ) ;
#1566 = ORIENTED_EDGE ( 'NONE', *, *, #4618, .F. ) ;
#1567 = ORIENTED_EDGE ( 'NONE', *, *, #9389, .T. ) ;
#1568 = CARTESIAN_POINT ( 'NONE',  ( 6.985000000000000320, 0.3750000000000000000, -1.904999999999999583 ) ) ;
#1569 = CARTESIAN_POINT ( 'NONE',  ( -5.715000000000000746, 0.000000000000000000, -1.904999999999999583 ) ) ;
#1570 = DIRECTION ( 'NONE',  ( 1.000000000000000000, 0.000000000000000000, 0.000000000000000000 ) ) ;
#1571 = DIRECTION ( 'NONE',  ( 1.224646799147353207E-16, 0.000000000000000000, -1.000000000000000000 ) ) ;
#1572 = CARTESIAN_POINT ( 'NONE',  ( -6.985000000000000320, 0.3750000000000000000, -6.985000000000000320 ) ) ;
#1573 = STYLED_ITEM ( 'NONE', ( #4527 ), #6015 ) ;
#1574 = SPHERICAL_SURFACE ( 'NONE', #538, 0.3750000000000000000 ) ;
#1575 = DIRECTION ( 'NONE',  ( 0.000000000000000000, 0.000000000000000000, 1.000000000000000000 ) ) ;
#1576 = COLOUR_RGB ( '',0.7921568627450980005, 0.8196078431372548767, 0.9333333333333333481 ) ;
#1577 = EDGE_CURVE ( 'NONE', #11001, #10044, #3983, .T. ) ;
#1578 = CARTESIAN_POINT ( 'NONE',  ( 4.445000000000000284, 0.3750000000000000000, 1.905000000000000471 ) ) ;
#1579 = VERTEX_POINT ( 'NONE', #7757 ) ;
#1580 = FACE_OUTER_BOUND ( 'NONE', #8241, .T. ) ;
#1581 = CIRCLE ( 'NONE', #1220, 0.1870828693386972497 ) ;
#1582 = EDGE_LOOP ( 'NONE', ( #2082, #575 ) ) ;
#1583 = FACE_OUTER_BOUND ( 'NONE', #10169, .T. ) ;
#1584 = DIRECTION ( 'NONE',  ( 0.000000000000000000, 0.000000000000000000, 1.000000000000000000 ) ) ;
#1585 = CARTESIAN_POINT ( 'NONE',  ( 4.445000000000000284, 0.6999999999999998446, 5.715000000000001634 ) ) ;
#1586 = DIRECTION ( 'NONE',  ( 0.000000000000000000, -1.000000000000000000, 0.000000000000000000 ) ) ;
#1587 = EDGE_CURVE ( 'NONE', #8548, #1939, #574, .T. ) ;
#1588 = AXIS2_PLACEMENT_3D ( 'NONE', #8676, #1035, #4450 ) ;
#1589 = AXIS2_PLACEMENT_3D ( 'NONE', #794, #2476, #4219 ) ;
#1590 = EDGE_CURVE ( 'NONE', #3471, #3081, #765, .T. ) ;
#1591 =( NAMED_UNIT ( * ) SI_UNIT ( $, .STERADIAN. ) SOLID_ANGLE_UNIT ( ) );
#1592 = EDGE_LOOP ( 'NONE', ( #6330, #9134, #5208 ) ) ;
#1593 = PLANE ( 'NONE',  #4102 ) ;
#1594 = ORIENTED_EDGE ( 'NONE', *, *, #3576, .F. ) ;
#1595 = DIRECTION ( 'NONE',  ( -0.000000000000000000, 1.000000000000000000, -0.000000000000000000 ) ) ;
#1596 = DIRECTION ( 'NONE',  ( 1.000000000000000000, 0.000000000000000000, 0.000000000000000000 ) ) ;
#1597 = FACE_OUTER_BOUND ( 'NONE', #8512, .T. ) ;
#1598 = CLOSED_SHELL ( 'NONE', ( #4689, #8811, #9263 ) ) ;
#1599 = DIRECTION ( 'NONE',  ( 1.000000000000000000, 0.000000000000000000, 0.000000000000000000 ) ) ;
#1600 = SURFACE_STYLE_FILL_AREA ( #9282 ) ;
#1601 = ORIENTED_EDGE ( 'NONE', *, *, #945, .F. ) ;
#1602 = ORIENTED_EDGE ( 'NONE', *, *, #10564, .T. ) ;
#1603 = EDGE_CURVE ( 'NONE', #10688, #4885, #10211, .T. ) ;
#1604 = CLOSED_SHELL ( 'NONE', ( #10278, #8096, #9278 ) ) ;
#1605 = FACE_OUTER_BOUND ( 'NONE', #8457, .T. ) ;
#1606 = ORIENTED_EDGE ( 'NONE', *, *, #5206, .F. ) ;
#1607 = AXIS2_PLACEMENT_3D ( 'NONE', #6894, #6725, #3546 ) ;
#1608 = SURFACE_STYLE_USAGE ( .BOTH. , #1669 ) ;
#1609 = AXIS2_PLACEMENT_3D ( 'NONE', #7119, #7184, #6961 ) ;
#1610 = UNCERTAINTY_MEASURE_WITH_UNIT (LENGTH_MEASURE( 1.000000000000000082E-05 ), #5487, 'distance_accuracy_value', 'NONE');
#1611 = EDGE_LOOP ( 'NONE', ( #7401, #9450, #1601 ) ) ;
#1612 = AXIS2_PLACEMENT_3D ( 'NONE', #52, #3703, #7099 ) ;
#1613 = DIRECTION ( 'NONE',  ( 1.000000000000000000, 0.000000000000000000, 0.000000000000000000 ) ) ;
#1614 = MECHANICAL_DESIGN_GEOMETRIC_PRESENTATION_REPRESENTATION (  '', ( #6795 ), #1955 ) ;
#1615 = AXIS2_PLACEMENT_3D ( 'NONE', #8060, #1350, #2299 ) ;
#1616 = EDGE_LOOP ( 'NONE', ( #5617, #6094 ) ) ;
#1617 =( NAMED_UNIT ( * ) PLANE_ANGLE_UNIT ( ) SI_UNIT ( $, .RADIAN. ) );
#1618 = ORIENTED_EDGE ( 'NONE', *, *, #8169, .F. ) ;
#1619 = SPHERICAL_SURFACE ( 'NONE', #6248, 0.3750000000000000000 ) ;
#1620 = VERTEX_POINT ( 'NONE', #6163 ) ;
#1621 = CARTESIAN_POINT ( 'NONE',  ( -0.6350000000000001199, 0.3750000000000000000, -6.985000000000000320 ) ) ;
#1622 = AXIS2_PLACEMENT_3D ( 'NONE', #4911, #8315, #4075 ) ;
#1623 = PRESENTATION_LAYER_ASSIGNMENT (  '', '', ( #6241 ) ) ;
#1624 = UNCERTAINTY_MEASURE_WITH_UNIT (LENGTH_MEASURE( 1.000000000000000082E-05 ), #2982, 'distance_accuracy_value', 'NONE');
#1625 = ORIENTED_EDGE ( 'NONE', *, *, #3506, .F. ) ;
#1626 = VERTEX_POINT ( 'NONE', #3514 ) ;
#1627 = ADVANCED_FACE ( 'NONE', ( #7026 ), #5389, .T. ) ;
#1628 = PRESENTATION_STYLE_ASSIGNMENT (( #5969 ) ) ;
#1629 = SPHERICAL_SURFACE ( 'NONE', #9458, 0.3750000000000000000 ) ;
#1630 = AXIS2_PLACEMENT_3D ( 'NONE', #8196, #3086, #6411 ) ;
#1631 =( LENGTH_UNIT ( ) NAMED_UNIT ( * ) SI_UNIT ( .MILLI., .METRE. ) );
#1632 = CARTESIAN_POINT ( 'NONE',  ( 6.985000000000000320, 0.6999999999999998446, -6.985000000000000320 ) ) ;
#1633 = CARTESIAN_POINT ( 'NONE',  ( -6.985000000000000320, 0.3750000000000000000, 0.6350000000000001199 ) ) ;
#1634 = PRESENTATION_LAYER_ASSIGNMENT (  '', '', ( #10180 ) ) ;
#1635 = CARTESIAN_POINT ( 'NONE',  ( -5.715000000000000746, 0.6999999999999998446, -5.714999999999999858 ) ) ;
#1636 = STYLED_ITEM ( 'NONE', ( #1628 ), #9559 ) ;
#1637 = DIRECTION ( 'NONE',  ( 0.000000000000000000, 0.000000000000000000, -1.000000000000000000 ) ) ;
#1638 = EDGE_CURVE ( 'NONE', #4471, #198, #2567, .T. ) ;
#1639 = VERTEX_POINT ( 'NONE', #7240 ) ;
#1640 =( GEOMETRIC_REPRESENTATION_CONTEXT ( 3 ) GLOBAL_UNCERTAINTY_ASSIGNED_CONTEXT ( ( #5414 ) ) GLOBAL_UNIT_ASSIGNED_CONTEXT ( ( #8469, #10231, #809 ) ) REPRESENTATION_CONTEXT ( 'NONE', 'WORKASPACE' ) );
#1641 = FACE_OUTER_BOUND ( 'NONE', #5523, .T. ) ;
#1642 = FACE_OUTER_BOUND ( 'NONE', #10481, .T. ) ;
#1643 = ORIENTED_EDGE ( 'NONE', *, *, #1947, .F. ) ;
#1644 = EDGE_CURVE ( 'NONE', #6079, #9976, #4517, .T. ) ;
#1645 = CARTESIAN_POINT ( 'NONE',  ( -4.445000000000001172, 0.3750000000000000000, -3.174999999999999822 ) ) ;
#1646 = EDGE_CURVE ( 'NONE', #10782, #9028, #10743, .T. ) ;
#1647 = FACE_OUTER_BOUND ( 'NONE', #6361, .T. ) ;
#1648 = CIRCLE ( 'NONE', #4665, 0.3750000000000000000 ) ;
#1649 = DIRECTION ( 'NONE',  ( 0.000000000000000000, 0.000000000000000000, -1.000000000000000000 ) ) ;
#1650 = DIRECTION ( 'NONE',  ( 0.000000000000000000, -0.000000000000000000, -1.000000000000000000 ) ) ;
#1651 = DIRECTION ( 'NONE',  ( 0.000000000000000000, 0.000000000000000000, 1.000000000000000000 ) ) ;
#1652 = ORIENTED_EDGE ( 'NONE', *, *, #3134, .F. ) ;
#1653 = SPHERICAL_SURFACE ( 'NONE', #156, 0.3750000000000000000 ) ;
#1654 = CIRCLE ( 'NONE', #2729, 0.1870828693386972497 ) ;
#1655 = EDGE_CURVE ( 'NONE', #7592, #3055, #5939, .T. ) ;
#1656 = EDGE_LOOP ( 'NONE', ( #8364, #2861, #8185 ) ) ;
#1657 = SURFACE_SIDE_STYLE ('',( #2375 ) ) ;
#1658 = STYLED_ITEM ( 'NONE', ( #8034 ), #3085 ) ;
#1659 = DIRECTION ( 'NONE',  ( 1.000000000000000000, 0.000000000000000000, 0.000000000000000000 ) ) ;
#1660 = SURFACE_SIDE_STYLE ('',( #4890 ) ) ;
#1661 = FACE_OUTER_BOUND ( 'NONE', #6681, .T. ) ;
#1662 = CARTESIAN_POINT ( 'NONE',  ( 5.715000000000000746, 0.3750000000000000000, -6.985000000000000320 ) ) ;
#1663 = DIRECTION ( 'NONE',  ( -0.000000000000000000, 1.000000000000000000, -0.000000000000000000 ) ) ;
#1664 = ORIENTED_EDGE ( 'NONE', *, *, #4897, .F. ) ;
#1665 = AXIS2_PLACEMENT_3D ( 'NONE', #4185, #5839, #584 ) ;
#1666 = STYLED_ITEM ( 'NONE', ( #133 ), #2603 ) ;
#1667 = SURFACE_STYLE_USAGE ( .BOTH. , #7421 ) ;
#1668 = SURFACE_STYLE_FILL_AREA ( #9289 ) ;
#1669 = SURFACE_SIDE_STYLE ('',( #7710 ) ) ;
#1670 = AXIS2_PLACEMENT_3D ( 'NONE', #8563, #8515, #799 ) ;
#1671 = VERTEX_POINT ( 'NONE', #7191 ) ;
#1672 = DIRECTION ( 'NONE',  ( 1.000000000000000000, 0.000000000000000000, 0.000000000000000000 ) ) ;
#1673 = COLOUR_RGB ( '',0.7921568627450980005, 0.8196078431372548767, 0.9333333333333333481 ) ;
#1674 = EDGE_LOOP ( 'NONE', ( #6978, #773 ) ) ;
#1675 = SURFACE_STYLE_FILL_AREA ( #6013 ) ;
#1676 = ORIENTED_EDGE ( 'NONE', *, *, #5305, .T. ) ;
#1677 = CARTESIAN_POINT ( 'NONE',  ( 3.362082869338697044, 0.6999999999999998446, -0.6349999999999992317 ) ) ;
#1678 = ORIENTED_EDGE ( 'NONE', *, *, #6537, .F. ) ;
#1679 = DIRECTION ( 'NONE',  ( 0.000000000000000000, 0.000000000000000000, 1.000000000000000000 ) ) ;
#1680 = ORIENTED_EDGE ( 'NONE', *, *, #2297, .F. ) ;
#1681 = DIRECTION ( 'NONE',  ( 1.000000000000000000, 0.000000000000000000, 0.000000000000000000 ) ) ;
#1682 = DIRECTION ( 'NONE',  ( 0.000000000000000000, 0.000000000000000000, 1.000000000000000000 ) ) ;
#1683 = CARTESIAN_POINT ( 'NONE',  ( -1.905000000000000471, 0.6999999999999999556, 5.715000000000001634 ) ) ;
#1684 = CARTESIAN_POINT ( 'NONE',  ( -3.175000000000000711, 0.3750000000000000000, 6.985000000000001208 ) ) ;
#1685 = DIRECTION ( 'NONE',  ( 1.224646799147353207E-16, 0.000000000000000000, -1.000000000000000000 ) ) ;
#1686 = ADVANCED_FACE ( 'NONE', ( #8016 ), #7917, .T. ) ;
#1687 = DIRECTION ( 'NONE',  ( -1.000000000000000000, 0.000000000000000000, 0.000000000000000000 ) ) ;
#1688 = EDGE_LOOP ( 'NONE', ( #10920, #2283, #7036 ) ) ;
#1689 = DIRECTION ( 'NONE',  ( 1.000000000000000000, 0.000000000000000000, 0.000000000000000000 ) ) ;
#1690 = ORIENTED_EDGE ( 'NONE', *, *, #753, .T. ) ;
#1691 = CIRCLE ( 'NONE', #74, 0.1870828693386972497 ) ;
#1692 = FACE_OUTER_BOUND ( 'NONE', #3478, .T. ) ;
#1693 = DIRECTION ( 'NONE',  ( 0.000000000000000000, -1.000000000000000000, 0.000000000000000000 ) ) ;
#1694 = CARTESIAN_POINT ( 'NONE',  ( 5.715000000000000746, 0.3750000000000000000, -3.174999999999999822 ) ) ;
#1695 = STYLED_ITEM ( 'NONE', ( #8065 ), #2773 ) ;
#1696 = FACE_OUTER_BOUND ( 'NONE', #8257, .T. ) ;
#1698 = EDGE_CURVE ( 'NONE', #2581, #3081, #9641, .T. ) ;
#1697 = STYLED_ITEM ( 'NONE', ( #5246 ), #6462 ) ;
#1699 = DIRECTION ( 'NONE',  ( 0.000000000000000000, -0.000000000000000000, -1.000000000000000000 ) ) ;
#1700 = CARTESIAN_POINT ( 'NONE',  ( -4.445000000000001172, 0.6999999999999998446, -3.174999999999999822 ) ) ;
#1701 = ORIENTED_EDGE ( 'NONE', *, *, #874, .F. ) ;
#1702 = DIRECTION ( 'NONE',  ( 0.000000000000000000, 0.000000000000000000, 1.000000000000000000 ) ) ;
#1703 = DIRECTION ( 'NONE',  ( 1.000000000000000000, 0.000000000000000000, 0.000000000000000000 ) ) ;
#1704 = COLOUR_RGB ( '',0.7921568627450980005, 0.8196078431372548767, 0.9333333333333333481 ) ;
#1705 = FACE_OUTER_BOUND ( 'NONE', #4077, .T. ) ;
#1706 = DIRECTION ( 'NONE',  ( 1.000000000000000000, 0.000000000000000000, 0.000000000000000000 ) ) ;
#1707 = SURFACE_STYLE_USAGE ( .BOTH. , #227 ) ;
#1708 = ADVANCED_FACE ( 'NONE', ( #354 ), #3058, .T. ) ;
#1709 = CARTESIAN_POINT ( 'NONE',  ( -4.445000000000001172, 0.3750000000000000000, 6.985000000000001208 ) ) ;
#1710 = AXIS2_PLACEMENT_3D ( 'NONE', #1054, #8696, #6125 ) ;
#1711 = ORIENTED_EDGE ( 'NONE', *, *, #6310, .F. ) ;
#1712 = DIRECTION ( 'NONE',  ( -1.000000000000000000, 0.000000000000000000, 0.000000000000000000 ) ) ;
#1713 = PRESENTATION_LAYER_ASSIGNMENT (  '', '', ( #7619 ) ) ;
#1714 = EDGE_CURVE ( 'NONE', #545, #82, #3025, .T. ) ;
#1715 = VERTEX_POINT ( 'NONE', #8794 ) ;
#1716 = DIRECTION ( 'NONE',  ( 1.000000000000000000, 0.000000000000000000, 0.000000000000000000 ) ) ;
#1717 =( LENGTH_UNIT ( ) NAMED_UNIT ( * ) SI_UNIT ( .MILLI., .METRE. ) );
#1718 = DIRECTION ( 'NONE',  ( 1.000000000000000000, 0.000000000000000000, 0.000000000000000000 ) ) ;
#1719 = ORIENTED_EDGE ( 'NONE', *, *, #1587, .F. ) ;
#1720 = AXIS2_PLACEMENT_3D ( 'NONE', #5278, #9444, #5226 ) ;
#1721 = AXIS2_PLACEMENT_3D ( 'NONE', #2538, #4772, #9364 ) ;
#1722 = MECHANICAL_DESIGN_GEOMETRIC_PRESENTATION_REPRESENTATION (  '', ( #6530 ), #9361 ) ;
#1723 = CARTESIAN_POINT ( 'NONE',  ( -1.905000000000000471, 0.6999999999999999556, -4.444999999999999396 ) ) ;
#1724 = ADVANCED_FACE ( 'NONE', ( #2210 ), #2946, .T. ) ;
#1725 = EDGE_CURVE ( 'NONE', #82, #2901, #6943, .T. ) ;
#1726 = DIRECTION ( 'NONE',  ( 0.000000000000000000, -1.000000000000000000, 0.000000000000000000 ) ) ;
#1727 = ORIENTED_EDGE ( 'NONE', *, *, #5631, .F. ) ;
#1728 = CIRCLE ( 'NONE', #2451, 0.1870828693386972497 ) ;
#1729 = ORIENTED_EDGE ( 'NONE', *, *, #9314, .T. ) ;
#1730 = DIRECTION ( 'NONE',  ( 0.000000000000000000, 0.000000000000000000, 1.000000000000000000 ) ) ;
#1731 = UNCERTAINTY_MEASURE_WITH_UNIT (LENGTH_MEASURE( 1.000000000000000082E-05 ), #1857, 'distance_accuracy_value', 'NONE');
#1732 = ORIENTED_EDGE ( 'NONE', *, *, #8638, .T. ) ;
#1733 = FACE_OUTER_BOUND ( 'NONE', #1508, .T. ) ;
#1734 = DIRECTION ( 'NONE',  ( -0.000000000000000000, 1.000000000000000000, -0.000000000000000000 ) ) ;
#1735 = SPHERICAL_SURFACE ( 'NONE', #5661, 0.3750000000000000000 ) ;
#1736 = DIRECTION ( 'NONE',  ( -0.000000000000000000, 1.000000000000000000, -0.000000000000000000 ) ) ;
#1737 = DIRECTION ( 'NONE',  ( 0.000000000000000000, 0.000000000000000000, 1.000000000000000000 ) ) ;
#1738 = AXIS2_PLACEMENT_3D ( 'NONE', #9708, #1736, #245 ) ;
#1739 = CARTESIAN_POINT ( 'NONE',  ( 0.6349999999999992317, 0.6999999999999998446, -5.714999999999999858 ) ) ;
#1740 = AXIS2_PLACEMENT_3D ( 'NONE', #5598, #8119, #1143 ) ;
#1741 = ORIENTED_EDGE ( 'NONE', *, *, #5429, .F. ) ;
#1742 = DIRECTION ( 'NONE',  ( 0.000000000000000000, 0.000000000000000000, 1.000000000000000000 ) ) ;
#1743 = FILL_AREA_STYLE_COLOUR ( '', #10372 ) ;
#1744 = ORIENTED_EDGE ( 'NONE', *, *, #240, .F. ) ;
#1745 = CARTESIAN_POINT ( 'NONE',  ( -5.902082869338697968, 0.6999999999999998446, 5.715000000000001634 ) ) ;
#1746 = DIRECTION ( 'NONE',  ( -0.000000000000000000, 1.000000000000000000, -0.000000000000000000 ) ) ;
#1747 = SPHERICAL_SURFACE ( 'NONE', #508, 0.3750000000000000000 ) ;
#1748 = CIRCLE ( 'NONE', #8694, 0.1870828693386972497 ) ;
#1749 = SPHERICAL_SURFACE ( 'NONE', #7833, 0.3750000000000000000 ) ;
#1750 = CARTESIAN_POINT ( 'NONE',  ( -1.905000000000000471, 0.3750000000000000000, -4.444999999999999396 ) ) ;
#1751 =( NAMED_UNIT ( * ) SI_UNIT ( $, .STERADIAN. ) SOLID_ANGLE_UNIT ( ) );
#1752 = AXIS2_PLACEMENT_3D ( 'NONE', #1165, #3854, #4113 ) ;
#1753 = AXIS2_PLACEMENT_3D ( 'NONE', #9232, #1726, #7549 ) ;
#1754 = ORIENTED_EDGE ( 'NONE', *, *, #7000, .F. ) ;
#1755 = DIRECTION ( 'NONE',  ( 0.000000000000000000, -1.000000000000000000, 0.000000000000000000 ) ) ;
#1756 = CARTESIAN_POINT ( 'NONE',  ( -7.500000000000005329, 1.070000000000000284, -7.499999999999998224 ) ) ;
#1757 = EDGE_CURVE ( 'NONE', #4611, #10044, #8712, .T. ) ;
#1758 = ADVANCED_FACE ( 'NONE', ( #10522 ), #4719, .T. ) ;
#1759 = PLANE ( 'NONE',  #9040 ) ;
#1760 = CIRCLE ( 'NONE', #9564, 0.3750000000000003331 ) ;
#1761 = DIRECTION ( 'NONE',  ( -0.000000000000000000, 1.000000000000000000, -0.000000000000000000 ) ) ;
#1762 = CLOSED_SHELL ( 'NONE', ( #8329, #8019, #4429 ) ) ;
#1763 = FILL_AREA_STYLE_COLOUR ( '', #6556 ) ;
#1764 = DIRECTION ( 'NONE',  ( 1.000000000000000000, 0.000000000000000000, 0.000000000000000000 ) ) ;
#1765 = VERTEX_POINT ( 'NONE', #7071 ) ;
#1766 = DIRECTION ( 'NONE',  ( 0.000000000000000000, -0.000000000000000000, -1.000000000000000000 ) ) ;
#1767 = CARTESIAN_POINT ( 'NONE',  ( -4.445000000000001172, 0.6999999999999998446, 3.175000000000000711 ) ) ;
#1768 = AXIS2_PLACEMENT_3D ( 'NONE', #6308, #1910, #7004 ) ;
#1769 = CARTESIAN_POINT ( 'NONE',  ( 7.499999999999994671, 5.120000000000000107, 7.500000000000001776 ) ) ;
#1770 = PRESENTATION_STYLE_ASSIGNMENT (( #1608 ) ) ;
#1771 = CLOSED_SHELL ( 'NONE', ( #3701, #10360, #9840 ) ) ;
#1772 = ORIENTED_EDGE ( 'NONE', *, *, #265, .F. ) ;
#1773 = ADVANCED_FACE ( 'NONE', ( #2837 ), #2084, .T. ) ;
#1774 = STYLED_ITEM ( 'NONE', ( #7456 ), #9947 ) ;
#1775 = CARTESIAN_POINT ( 'NONE',  ( -6.985000000000000320, 0.3750000000000000000, 0.6350000000000001199 ) ) ;
#1776 = CLOSED_SHELL ( 'NONE', ( #8853, #10013, #1097 ) ) ;
#1777 = CARTESIAN_POINT ( 'NONE',  ( 3.174999999999999822, 0.3750000000000000000, 6.985000000000001208 ) ) ;
#1778 = ORIENTED_EDGE ( 'NONE', *, *, #2390, .T. ) ;
#1779 = CIRCLE ( 'NONE', #8021, 0.3749999999999998890 ) ;
#1780 = CARTESIAN_POINT ( 'NONE',  ( -5.715000000000000746, 0.3750000000000000000, 6.985000000000001208 ) ) ;
#1781 = ORIENTED_EDGE ( 'NONE', *, *, #9512, .F. ) ;
#1782 = CARTESIAN_POINT ( 'NONE',  ( 6.985000000000000320, 0.000000000000000000, 3.175000000000000711 ) ) ;
#1783 = VERTEX_POINT ( 'NONE', #9701 ) ;
#1784 =( NAMED_UNIT ( * ) SI_UNIT ( $, .STERADIAN. ) SOLID_ANGLE_UNIT ( ) );
#1785 = ADVANCED_FACE ( 'NONE', ( #8076 ), #2996, .F. ) ;
#1786 = DIRECTION ( 'NONE',  ( 1.000000000000000000, 0.000000000000000000, 0.000000000000000000 ) ) ;
#1787 = AXIS2_PLACEMENT_3D ( 'NONE', #9864, #1474, #9097 ) ;
#1788 = FILL_AREA_STYLE_COLOUR ( '', #5640 ) ;
#1789 = DIRECTION ( 'NONE',  ( -1.000000000000000000, 0.000000000000000000, 0.000000000000000000 ) ) ;
#1790 = CARTESIAN_POINT ( 'NONE',  ( 3.174999999999999822, 0.3750000000000000000, -6.985000000000000320 ) ) ;
#1791 = AXIS2_PLACEMENT_3D ( 'NONE', #6455, #9825, #2214 ) ;
#1792 = AXIS2_PLACEMENT_3D ( 'NONE', #5938, #5764, #6729 ) ;
#1793 = CARTESIAN_POINT ( 'NONE',  ( 1.904999999999999583, 0.3750000000000000000, 5.715000000000001634 ) ) ;
#1794 = CIRCLE ( 'NONE', #2145, 0.5999999999999998668 ) ;
#1795 = AXIS2_PLACEMENT_3D ( 'NONE', #4829, #8175, #6389 ) ;
#1796 = DIRECTION ( 'NONE',  ( 0.000000000000000000, -0.000000000000000000, -1.000000000000000000 ) ) ;
#1797 = ORIENTED_EDGE ( 'NONE', *, *, #2032, .F. ) ;
#1798 = COLOUR_RGB ( '',0.7921568627450980005, 0.8196078431372548767, 0.9333333333333333481 ) ;
#1799 = AXIS2_PLACEMENT_3D ( 'NONE', #10426, #9557, #9411 ) ;
#1800 = ORIENTED_EDGE ( 'NONE', *, *, #9996, .T. ) ;
#1801 = SPHERICAL_SURFACE ( 'NONE', #9759, 0.3750000000000000000 ) ;
#1802 = DIRECTION ( 'NONE',  ( 0.000000000000000000, 0.000000000000000000, 1.000000000000000000 ) ) ;
#1803 = VERTEX_POINT ( 'NONE', #5872 ) ;
#1804 = FILL_AREA_STYLE_COLOUR ( '', #6050 ) ;
#1805 = PLANE ( 'NONE',  #3207 ) ;
#1806 = AXIS2_PLACEMENT_3D ( 'NONE', #9832, #9609, #10702 ) ;
#1807 = STYLED_ITEM ( 'NONE', ( #3663 ), #6289 ) ;
#1808 = CARTESIAN_POINT ( 'NONE',  ( 0.6349999999999992317, 0.3750000000000000000, 1.905000000000000471 ) ) ;
#1809 = CIRCLE ( 'NONE', #6413, 0.3750000000000003331 ) ;
#1810 = AXIS2_PLACEMENT_3D ( 'NONE', #884, #29, #2738 ) ;
#1811 = CARTESIAN_POINT ( 'NONE',  ( 3.174999999999999822, 0.3750000000000000000, -0.6349999999999992317 ) ) ;
#1812 = MECHANICAL_DESIGN_GEOMETRIC_PRESENTATION_REPRESENTATION (  '', ( #8589 ), #192 ) ;
#1813 = VERTEX_POINT ( 'NONE', #11002 ) ;
#1814 = CARTESIAN_POINT ( 'NONE',  ( -3.175000000000000711, 0.3750000000000000000, 5.715000000000001634 ) ) ;
#1815 = LINE ( 'NONE', #1756, #2190 ) ;
#1816 = CARTESIAN_POINT ( 'NONE',  ( 5.715000000000000746, 0.6999999999999998446, 1.905000000000000471 ) ) ;
#1817 = AXIS2_PLACEMENT_3D ( 'NONE', #8921, #10488, #10716 ) ;
#1818 = DIRECTION ( 'NONE',  ( -0.000000000000000000, 1.000000000000000000, -0.000000000000000000 ) ) ;
#1819 = EDGE_CURVE ( 'NONE', #8278, #9549, #139, .T. ) ;
#1820 = SURFACE_STYLE_USAGE ( .BOTH. , #6216 ) ;
#1821 = CIRCLE ( 'NONE', #203, 0.3749999999999998890 ) ;
#1822 = ORIENTED_EDGE ( 'NONE', *, *, #2086, .F. ) ;
#1823 = SPHERICAL_SURFACE ( 'NONE', #1536, 0.3750000000000000000 ) ;
#1824 = ADVANCED_FACE ( 'NONE', ( #512 ), #9001, .T. ) ;
#1825 = AXIS2_PLACEMENT_3D ( 'NONE', #3988, #2132, #4812 ) ;
#1826 = DIRECTION ( 'NONE',  ( 0.000000000000000000, -1.000000000000000000, 0.000000000000000000 ) ) ;
#1827 = FILL_AREA_STYLE ('',( #2675 ) ) ;
#1828 = ORIENTED_EDGE ( 'NONE', *, *, #6336, .F. ) ;
#1829 = MECHANICAL_DESIGN_GEOMETRIC_PRESENTATION_REPRESENTATION (  '', ( #5934 ), #569 ) ;
#1830 = PRESENTATION_LAYER_ASSIGNMENT (  '', '', ( #10571 ) ) ;
#1831 = ORIENTED_EDGE ( 'NONE', *, *, #7523, .F. ) ;
#1832 = SURFACE_SIDE_STYLE ('',( #9546 ) ) ;
#1833 = ADVANCED_FACE ( 'NONE', ( #1641 ), #9880, .T. ) ;
#1834 = ORIENTED_EDGE ( 'NONE', *, *, #5785, .F. ) ;
#1835 = ADVANCED_FACE ( 'NONE', ( #5664 ), #1428, .T. ) ;
#1836 = AXIS2_PLACEMENT_3D ( 'NONE', #342, #3722, #3667 ) ;
#1837 = DIRECTION ( 'NONE',  ( 0.000000000000000000, 0.000000000000000000, -1.000000000000000000 ) ) ;
#1838 = VERTEX_POINT ( 'NONE', #8238 ) ;
#1839 =( NAMED_UNIT ( * ) PLANE_ANGLE_UNIT ( ) SI_UNIT ( $, .RADIAN. ) );
#1840 = UNCERTAINTY_MEASURE_WITH_UNIT (LENGTH_MEASURE( 1.000000000000000082E-05 ), #1631, 'distance_accuracy_value', 'NONE');
#1841 = ORIENTED_EDGE ( 'NONE', *, *, #9634, .F. ) ;
#1842 = STYLED_ITEM ( 'NONE', ( #9543 ), #2572 ) ;
#1843 = DIRECTION ( 'NONE',  ( -0.000000000000000000, 1.000000000000000000, -0.000000000000000000 ) ) ;
#1844 = AXIS2_PLACEMENT_3D ( 'NONE', #9639, #1031, #7903 ) ;
#1845 = DIRECTION ( 'NONE',  ( 0.000000000000000000, -0.000000000000000000, -1.000000000000000000 ) ) ;
#1846 = SURFACE_STYLE_FILL_AREA ( #3537 ) ;
#1847 = EDGE_CURVE ( 'NONE', #1441, #198, #10671, .T. ) ;
#1848 = DIRECTION ( 'NONE',  ( 0.000000000000000000, -1.000000000000000000, 0.000000000000000000 ) ) ;
#1849 = EDGE_CURVE ( 'NONE', #7965, #9341, #9222, .T. ) ;
#1850 = DIRECTION ( 'NONE',  ( 0.000000000000000000, 0.000000000000000000, 1.000000000000000000 ) ) ;
#1851 = UNCERTAINTY_MEASURE_WITH_UNIT (LENGTH_MEASURE( 1.000000000000000082E-05 ), #2854, 'distance_accuracy_value', 'NONE');
#1852 = ORIENTED_EDGE ( 'NONE', *, *, #9247, .T. ) ;
#1853 = DIRECTION ( 'NONE',  ( 0.000000000000000000, -0.000000000000000000, -1.000000000000000000 ) ) ;
#1854 = CARTESIAN_POINT ( 'NONE',  ( 5.715000000000000746, 0.3750000000000000000, -4.444999999999999396 ) ) ;
#1855 = EDGE_LOOP ( 'NONE', ( #2463, #9850, #736 ) ) ;
#1856 = CARTESIAN_POINT ( 'NONE',  ( 3.362082869338697044, 0.6999999999999998446, -6.985000000000000320 ) ) ;
#1857 =( LENGTH_UNIT ( ) NAMED_UNIT ( * ) SI_UNIT ( .MILLI., .METRE. ) );
#1858 = DIRECTION ( 'NONE',  ( 0.000000000000000000, 0.000000000000000000, -1.000000000000000000 ) ) ;
#1859 = SURFACE_STYLE_USAGE ( .BOTH. , #379 ) ;
#1860 = ADVANCED_FACE ( 'NONE', ( #572 ), #3381, .T. ) ;
#1861 = DIRECTION ( 'NONE',  ( 1.224646799147353207E-16, 0.000000000000000000, -1.000000000000000000 ) ) ;
#1862 = FILL_AREA_STYLE_COLOUR ( '', #10910 ) ;
#1863 = ORIENTED_EDGE ( 'NONE', *, *, #550, .T. ) ;
#1864 = CARTESIAN_POINT ( 'NONE',  ( 1.904999999999999583, 0.6999999999999998446, -6.985000000000000320 ) ) ;
#1865 = DIRECTION ( 'NONE',  ( 0.000000000000000000, -1.000000000000000000, 0.000000000000000000 ) ) ;
#1866 = STYLED_ITEM ( 'NONE', ( #2987 ), #2756 ) ;
#1867 = DIRECTION ( 'NONE',  ( 0.000000000000000000, 0.000000000000000000, 1.000000000000000000 ) ) ;
#1868 = CARTESIAN_POINT ( 'NONE',  ( 3.174999999999999822, 0.3750000000000000000, 1.905000000000000471 ) ) ;
#1869 = DIRECTION ( 'NONE',  ( 0.000000000000000000, -1.000000000000000000, 0.000000000000000000 ) ) ;
#1870 = CIRCLE ( 'NONE', #2949, 0.1870828693386972497 ) ;
#1871 = FILL_AREA_STYLE ('',( #10238 ) ) ;
#1872 = PRESENTATION_LAYER_ASSIGNMENT (  '', '', ( #10056 ) ) ;
#1873 = EDGE_LOOP ( 'NONE', ( #8054, #864 ) ) ;
#1874 = DIRECTION ( 'NONE',  ( 0.000000000000000000, 1.000000000000000000, 0.000000000000000000 ) ) ;
#1875 = DIRECTION ( 'NONE',  ( 0.000000000000000000, 0.000000000000000000, 1.000000000000000000 ) ) ;
#1876 = AXIS2_PLACEMENT_3D ( 'NONE', #6700, #7605, #4854 ) ;
#1877 = CARTESIAN_POINT ( 'NONE',  ( -7.500000000000005329, 5.120000000000000107, 7.500000000000001776 ) ) ;
#1878 =( NAMED_UNIT ( * ) PLANE_ANGLE_UNIT ( ) SI_UNIT ( $, .RADIAN. ) );
#1879 = ORIENTED_EDGE ( 'NONE', *, *, #6491, .F. ) ;
#1880 = CIRCLE ( 'NONE', #3333, 0.3749999999999998890 ) ;
#1881 = ORIENTED_EDGE ( 'NONE', *, *, #251, .T. ) ;
#1882 = CARTESIAN_POINT ( 'NONE',  ( -4.445000000000001172, 0.6999999999999998446, -1.904999999999999583 ) ) ;
#1883 = AXIS2_PLACEMENT_3D ( 'NONE', #4231, #9939, #10055 ) ;
#1884 = VERTEX_POINT ( 'NONE', #5978 ) ;
#1885 = SURFACE_SIDE_STYLE ('',( #8753 ) ) ;
#1886 = ORIENTED_EDGE ( 'NONE', *, *, #868, .F. ) ;
#1887 = MECHANICAL_DESIGN_GEOMETRIC_PRESENTATION_REPRESENTATION (  '', ( #9882 ), #1538 ) ;
#1888 = FACE_OUTER_BOUND ( 'NONE', #4190, .T. ) ;
#1889 = DIRECTION ( 'NONE',  ( 0.000000000000000000, 0.000000000000000000, -1.000000000000000000 ) ) ;
#1890 = DIRECTION ( 'NONE',  ( -0.000000000000000000, 1.000000000000000000, -0.000000000000000000 ) ) ;
#1891 = EDGE_CURVE ( 'NONE', #10165, #2517, #10303, .T. ) ;
#1892 = PRESENTATION_STYLE_ASSIGNMENT (( #314 ) ) ;
#1893 = EDGE_CURVE ( 'NONE', #9108, #7467, #4578, .T. ) ;
#1894 = EDGE_CURVE ( 'NONE', #2098, #9391, #8508, .T. ) ;
#1895 = FACE_OUTER_BOUND ( 'NONE', #8492, .T. ) ;
#1896 = MECHANICAL_DESIGN_GEOMETRIC_PRESENTATION_REPRESENTATION (  '', ( #5282 ), #6915 ) ;
#1897 = SURFACE_STYLE_USAGE ( .BOTH. , #1946 ) ;
#1898 = CIRCLE ( 'NONE', #10453, 0.3750000000000003331 ) ;
#1899 = PLANE ( 'NONE',  #8395 ) ;
#1900 = EDGE_LOOP ( 'NONE', ( #9415, #4221 ) ) ;
#1901 = DIRECTION ( 'NONE',  ( 0.000000000000000000, 0.000000000000000000, -1.000000000000000000 ) ) ;
#1902 = EDGE_LOOP ( 'NONE', ( #2400, #6582 ) ) ;
#1903 = AXIS2_PLACEMENT_3D ( 'NONE', #4118, #5730, #7590 ) ;
#1904 = DIRECTION ( 'NONE',  ( 0.000000000000000000, 0.000000000000000000, -1.000000000000000000 ) ) ;
#1905 = DIRECTION ( 'NONE',  ( 0.000000000000000000, 0.000000000000000000, -1.000000000000000000 ) ) ;
#1906 = VERTEX_POINT ( 'NONE', #853 ) ;
#1907 = FACE_OUTER_BOUND ( 'NONE', #8836, .T. ) ;
#1908 = AXIS2_PLACEMENT_3D ( 'NONE', #8824, #2243, #5642 ) ;
#1909 = EDGE_CURVE ( 'NONE', #3471, #2581, #8835, .T. ) ;
#1910 = DIRECTION ( 'NONE',  ( 0.000000000000000000, -1.000000000000000000, 0.000000000000000000 ) ) ;
#1911 =( NAMED_UNIT ( * ) SI_UNIT ( $, .STERADIAN. ) SOLID_ANGLE_UNIT ( ) );
#1912 = CARTESIAN_POINT ( 'NONE',  ( -3.175000000000000711, 0.6999999999999998446, -3.174999999999999822 ) ) ;
#1913 =( NAMED_UNIT ( * ) SI_UNIT ( $, .STERADIAN. ) SOLID_ANGLE_UNIT ( ) );
#1914 = CIRCLE ( 'NONE', #8151, 0.1870828693386972497 ) ;
#1915 = CARTESIAN_POINT ( 'NONE',  ( -0.6350000000000001199, 0.6999999999999998446, -1.904999999999999583 ) ) ;
#1916 = DIRECTION ( 'NONE',  ( -1.000000000000000000, 0.000000000000000000, 0.000000000000000000 ) ) ;
#1917 = CARTESIAN_POINT ( 'NONE',  ( 0.6349999999999992317, 0.3750000000000000000, -1.904999999999999583 ) ) ;
#1918 = SPHERICAL_SURFACE ( 'NONE', #8702, 0.3750000000000000000 ) ;
#1919 = PRODUCT_DEFINITION ( 'UNKNOWN', '', #3509, #4953 ) ;
#1920 = DIRECTION ( 'NONE',  ( -0.000000000000000000, 1.000000000000000000, -0.000000000000000000 ) ) ;
#1921 = CIRCLE ( 'NONE', #9036, 0.1870828693386972497 ) ;
#1922 = PLANE ( 'NONE',  #264 ) ;
#1923 = VERTEX_POINT ( 'NONE', #5 ) ;
#1924 = DIRECTION ( 'NONE',  ( 1.000000000000000000, 0.000000000000000000, 0.000000000000000000 ) ) ;
#1925 = AXIS2_PLACEMENT_3D ( 'NONE', #6120, #2744, #9657 ) ;
#1926 = DIRECTION ( 'NONE',  ( 1.000000000000000000, 0.000000000000000000, 0.000000000000000000 ) ) ;
#1927 = DIRECTION ( 'NONE',  ( 0.000000000000000000, 0.000000000000000000, -1.000000000000000000 ) ) ;
#1928 = AXIS2_PLACEMENT_3D ( 'NONE', #1816, #4400, #6959 ) ;
#1929 = ORIENTED_EDGE ( 'NONE', *, *, #3881, .F. ) ;
#1930 = CLOSED_SHELL ( 'NONE', ( #1966, #10288, #6973 ) ) ;
#1931 = AXIS2_PLACEMENT_3D ( 'NONE', #10806, #7307, #10697 ) ;
#1932 = AXIS2_PLACEMENT_3D ( 'NONE', #3879, #5655, #2990 ) ;
#1933 = EDGE_LOOP ( 'NONE', ( #4684, #7469 ) ) ;
#1934 = CLOSED_SHELL ( 'NONE', ( #750, #9165, #4049 ) ) ;
#1935 = CARTESIAN_POINT ( 'NONE',  ( -3.175000000000000711, 0.3750000000000000000, 4.445000000000001172 ) ) ;
#1936 = ORIENTED_EDGE ( 'NONE', *, *, #2380, .F. ) ;
#1937 = DIRECTION ( 'NONE',  ( 0.000000000000000000, 1.000000000000000000, 0.000000000000000000 ) ) ;
#1938 = UNCERTAINTY_MEASURE_WITH_UNIT (LENGTH_MEASURE( 1.000000000000000082E-05 ), #3954, 'distance_accuracy_value', 'NONE');
#1939 = VERTEX_POINT ( 'NONE', #3443 ) ;
#1940 = CARTESIAN_POINT ( 'NONE',  ( -4.445000000000001172, 0.3750000000000000000, 4.445000000000001172 ) ) ;
#1941 = CARTESIAN_POINT ( 'NONE',  ( 6.797917130661303098, 0.6999999999999998446, -6.985000000000000320 ) ) ;
#1942 =( NAMED_UNIT ( * ) SI_UNIT ( $, .STERADIAN. ) SOLID_ANGLE_UNIT ( ) );
#1943 = DIRECTION ( 'NONE',  ( 0.000000000000000000, 0.000000000000000000, 1.000000000000000000 ) ) ;
#1944 = CLOSED_SHELL ( 'NONE', ( #10276, #5998, #8311 ) ) ;
#1945 = DIRECTION ( 'NONE',  ( 1.000000000000000000, 0.000000000000000000, 0.000000000000000000 ) ) ;
#1946 = SURFACE_SIDE_STYLE ('',( #6938 ) ) ;
#1947 = EDGE_CURVE ( 'NONE', #9540, #6400, #633, .T. ) ;
#1948 = CARTESIAN_POINT ( 'NONE',  ( 0.8220828693386965647, 0.6999999999999998446, 6.985000000000001208 ) ) ;
#1949 = ADVANCED_FACE ( 'NONE', ( #4336 ), #7733, .F. ) ;
#1950 = ORIENTED_EDGE ( 'NONE', *, *, #4107, .F. ) ;
#1951 = CARTESIAN_POINT ( 'NONE',  ( -5.715000000000000746, 0.3750000000000000000, 4.445000000000001172 ) ) ;
#1952 = CLOSED_SHELL ( 'NONE', ( #8233, #6564, #10292 ) ) ;
#1953 = UNCERTAINTY_MEASURE_WITH_UNIT (LENGTH_MEASURE( 1.000000000000000082E-05 ), #9160, 'distance_accuracy_value', 'NONE');
#1954 = VERTEX_POINT ( 'NONE', #3118 ) ;
#1955 =( GEOMETRIC_REPRESENTATION_CONTEXT ( 3 ) GLOBAL_UNCERTAINTY_ASSIGNED_CONTEXT ( ( #5745 ) ) GLOBAL_UNIT_ASSIGNED_CONTEXT ( ( #1006, #466, #1058 ) ) REPRESENTATION_CONTEXT ( 'NONE', 'WORKASPACE' ) );
#1956 = CARTESIAN_POINT ( 'NONE',  ( 6.985000000000000320, 0.6999999999999998446, -0.6349999999999992317 ) ) ;
#1957 = EDGE_LOOP ( 'NONE', ( #9139, #477, #9663 ) ) ;
#1958 = CIRCLE ( 'NONE', #7689, 0.1870828693386972497 ) ;
#1959 = DIRECTION ( 'NONE',  ( 1.000000000000000000, -0.000000000000000000, 0.000000000000000000 ) ) ;
#1960 = CARTESIAN_POINT ( 'NONE',  ( 5.715000000000000746, 0.6999999999999998446, -3.174999999999999822 ) ) ;
#1961 = DIRECTION ( 'NONE',  ( -0.000000000000000000, 1.000000000000000000, -0.000000000000000000 ) ) ;
#1962 = FACE_OUTER_BOUND ( 'NONE', #7293, .T. ) ;
#1963 =( NAMED_UNIT ( * ) PLANE_ANGLE_UNIT ( ) SI_UNIT ( $, .RADIAN. ) );
#1964 = AXIS2_PLACEMENT_3D ( 'NONE', #6608, #8455, #9252 ) ;
#1965 = CIRCLE ( 'NONE', #1261, 0.1870828693386972497 ) ;
#1966 = ADVANCED_FACE ( 'NONE', ( #1066 ), #10321, .T. ) ;
#1967 = CIRCLE ( 'NONE', #4114, 0.1870828693386972497 ) ;
#1968 = AXIS2_PLACEMENT_3D ( 'NONE', #3551, #6045, #10333 ) ;
#1969 = DIRECTION ( 'NONE',  ( 0.000000000000000000, 0.000000000000000000, 1.000000000000000000 ) ) ;
#1970 = EDGE_CURVE ( 'NONE', #4124, #8548, #2252, .T. ) ;
#1971 = ADVANCED_FACE ( 'NONE', ( #6033 ), #2646, .T. ) ;
#1972 = SURFACE_STYLE_USAGE ( .BOTH. , #5425 ) ;
#1973 = DIRECTION ( 'NONE',  ( 0.000000000000000000, 0.000000000000000000, -1.000000000000000000 ) ) ;
#1974 = AXIS2_PLACEMENT_3D ( 'NONE', #6358, #8816, #1176 ) ;
#1975 = COLOUR_RGB ( '',0.7921568627450980005, 0.8196078431372548767, 0.9333333333333333481 ) ;
#1976 = SURFACE_SIDE_STYLE ('',( #6441 ) ) ;
#1977 = DIRECTION ( 'NONE',  ( 0.000000000000000000, 0.000000000000000000, 1.000000000000000000 ) ) ;
#1978 = AXIS2_PLACEMENT_3D ( 'NONE', #4584, #9782, #1333 ) ;
#1979 = CARTESIAN_POINT ( 'NONE',  ( 5.715000000000000746, 0.3750000000000000000, -5.714999999999999858 ) ) ;
#1980 = FILL_AREA_STYLE_COLOUR ( '', #1025 ) ;
#1981 = SURFACE_STYLE_USAGE ( .BOTH. , #7234 ) ;
#1982 = STYLED_ITEM ( 'NONE', ( #522 ), #6231 ) ;
#1983 = EDGE_LOOP ( 'NONE', ( #2565, #8757, #710 ) ) ;
#1984 = ORIENTED_EDGE ( 'NONE', *, *, #2438, .F. ) ;
#1985 = DIRECTION ( 'NONE',  ( -0.000000000000000000, -0.000000000000000000, 1.000000000000000000 ) ) ;
#1986 = CIRCLE ( 'NONE', #519, 0.1870828693386972497 ) ;
#1987 = DIRECTION ( 'NONE',  ( 1.000000000000000000, 0.000000000000000000, 0.000000000000000000 ) ) ;
#1988 = AXIS2_PLACEMENT_3D ( 'NONE', #119, #2879, #9638 ) ;
#1989 =( NAMED_UNIT ( * ) SI_UNIT ( $, .STERADIAN. ) SOLID_ANGLE_UNIT ( ) );
#1990 = CARTESIAN_POINT ( 'NONE',  ( 5.715000000000000746, 0.3750000000000000000, 6.985000000000001208 ) ) ;
#1991 = CARTESIAN_POINT ( 'NONE',  ( -6.985000000000000320, 0.3750000000000000000, 6.985000000000001208 ) ) ;
#1992 = AXIS2_PLACEMENT_3D ( 'NONE', #2074, #8113, #447 ) ;
#1993 = ORIENTED_EDGE ( 'NONE', *, *, #6890, .F. ) ;
#1994 = CARTESIAN_POINT ( 'NONE',  ( 7.172082869338698430, 0.6999999999999998446, 5.715000000000001634 ) ) ;
#1995 = ORIENTED_EDGE ( 'NONE', *, *, #7370, .F. ) ;
#1996 = SURFACE_STYLE_USAGE ( .BOTH. , #7769 ) ;
#1997 = AXIS2_PLACEMENT_3D ( 'NONE', #6773, #10940, #844 ) ;
#1998 = VERTEX_POINT ( 'NONE', #4431 ) ;
#1999 = CARTESIAN_POINT ( 'NONE',  ( 3.362082869338697044, 0.6999999999999998446, 1.905000000000000471 ) ) ;
#2000 = SURFACE_STYLE_FILL_AREA ( #9665 ) ;
#2001 =( LENGTH_UNIT ( ) NAMED_UNIT ( * ) SI_UNIT ( .MILLI., .METRE. ) );
#2002 = PLANE ( 'NONE',  #722 ) ;
#2003 = CIRCLE ( 'NONE', #211, 0.1870828693386972497 ) ;
#2004 = DIRECTION ( 'NONE',  ( 0.000000000000000000, -0.000000000000000000, -1.000000000000000000 ) ) ;
#2005 = AXIS2_PLACEMENT_3D ( 'NONE', #3888, #1260, #1987 ) ;
#2006 = EDGE_LOOP ( 'NONE', ( #7438, #4181 ) ) ;
#2007 = DIRECTION ( 'NONE',  ( 1.000000000000000000, 0.000000000000000000, 0.000000000000000000 ) ) ;
#2008 = ORIENTED_EDGE ( 'NONE', *, *, #2403, .T. ) ;
#2009 = DIRECTION ( 'NONE',  ( 0.000000000000000000, 0.000000000000000000, 1.000000000000000000 ) ) ;
#2010 = DIRECTION ( 'NONE',  ( -0.000000000000000000, 1.000000000000000000, -0.000000000000000000 ) ) ;
#2011 = CIRCLE ( 'NONE', #4704, 0.1870828693386972497 ) ;
#2012 = ORIENTED_EDGE ( 'NONE', *, *, #10361, .F. ) ;
#2013 = DIRECTION ( 'NONE',  ( 0.000000000000000000, -0.000000000000000000, -1.000000000000000000 ) ) ;
#2014 = DIRECTION ( 'NONE',  ( 0.000000000000000000, 0.000000000000000000, 1.000000000000000000 ) ) ;
#2015 = DIRECTION ( 'NONE',  ( 1.000000000000000000, 0.000000000000000000, 0.000000000000000000 ) ) ;
#2016 = EDGE_CURVE ( 'NONE', #4124, #1939, #8342, .T. ) ;
#2017 = EDGE_CURVE ( 'NONE', #6736, #3584, #5477, .T. ) ;
#2018 = LINE ( 'NONE', #1135, #10324 ) ;
#2019 = FACE_OUTER_BOUND ( 'NONE', #10922, .T. ) ;
#2020 = PLANE ( 'NONE',  #1305 ) ;
#2021 =( LENGTH_UNIT ( ) NAMED_UNIT ( * ) SI_UNIT ( .MILLI., .METRE. ) );
#2022 = CARTESIAN_POINT ( 'NONE',  ( 3.174999999999999822, 0.000000000000000000, -3.174999999999999822 ) ) ;
#2023 = DIRECTION ( 'NONE',  ( -0.000000000000000000, 1.000000000000000000, -0.000000000000000000 ) ) ;
#2024 = EDGE_CURVE ( 'NONE', #5101, #9545, #296, .T. ) ;
#2025 = DIRECTION ( 'NONE',  ( 0.000000000000000000, 0.000000000000000000, 1.000000000000000000 ) ) ;
#2026 = ORIENTED_EDGE ( 'NONE', *, *, #6602, .T. ) ;
#2027 = EDGE_LOOP ( 'NONE', ( #10957, #1444 ) ) ;
#2028 = DIRECTION ( 'NONE',  ( 0.000000000000000000, 0.000000000000000000, -1.000000000000000000 ) ) ;
#2029 =( LENGTH_UNIT ( ) NAMED_UNIT ( * ) SI_UNIT ( .MILLI., .METRE. ) );
#2030 = DIRECTION ( 'NONE',  ( -0.000000000000000000, 1.000000000000000000, -0.000000000000000000 ) ) ;
#2031 = CIRCLE ( 'NONE', #3665, 0.3750000000000003331 ) ;
#2032 = EDGE_CURVE ( 'NONE', #9816, #1906, #9385, .T. ) ;
#2033 = DIRECTION ( 'NONE',  ( 0.000000000000000000, 0.000000000000000000, 1.000000000000000000 ) ) ;
#2034 =( GEOMETRIC_REPRESENTATION_CONTEXT ( 3 ) GLOBAL_UNCERTAINTY_ASSIGNED_CONTEXT ( ( #8207 ) ) GLOBAL_UNIT_ASSIGNED_CONTEXT ( ( #19, #6801, #4447 ) ) REPRESENTATION_CONTEXT ( 'NONE', 'WORKASPACE' ) );
#2035 = ADVANCED_FACE ( 'NONE', ( #7831 ), #8610, .F. ) ;
#2036 = VERTEX_POINT ( 'NONE', #1124 ) ;
#2037 =( LENGTH_UNIT ( ) NAMED_UNIT ( * ) SI_UNIT ( .MILLI., .METRE. ) );
#2038 = AXIS2_PLACEMENT_3D ( 'NONE', #7383, #10141, #1455 ) ;
#2039 = EDGE_LOOP ( 'NONE', ( #10984, #8749 ) ) ;
#2040 = EDGE_LOOP ( 'NONE', ( #305, #952, #2577 ) ) ;
#2041 = CARTESIAN_POINT ( 'NONE',  ( -1.905000000000000471, 0.6999999999999998446, -4.444999999999999396 ) ) ;
#2042 = DIRECTION ( 'NONE',  ( 1.000000000000000000, 0.000000000000000000, 0.000000000000000000 ) ) ;
#2043 = ORIENTED_EDGE ( 'NONE', *, *, #8167, .F. ) ;
#2044 = SPHERICAL_SURFACE ( 'NONE', #3555, 0.3750000000000000000 ) ;
#2045 = MECHANICAL_DESIGN_GEOMETRIC_PRESENTATION_REPRESENTATION (  '', ( #618 ), #2054 ) ;
#2046 = COLOUR_RGB ( '',0.7921568627450980005, 0.8196078431372548767, 0.9333333333333333481 ) ;
#2047 = SPHERICAL_SURFACE ( 'NONE', #10523, 0.3750000000000000000 ) ;
#2048 = ADVANCED_FACE ( 'NONE', ( #1178 ), #4534, .F. ) ;
#2049 = CARTESIAN_POINT ( 'NONE',  ( 4.445000000000000284, 0.3750000000000000000, 4.445000000000001172 ) ) ;
#2050 = DIRECTION ( 'NONE',  ( -0.000000000000000000, 1.000000000000000000, -0.000000000000000000 ) ) ;
#2051 = FILL_AREA_STYLE ('',( #9376 ) ) ;
#2052 = AXIS2_PLACEMENT_3D ( 'NONE', #9219, #5732, #7593 ) ;
#2053 = CARTESIAN_POINT ( 'NONE',  ( -0.6350000000000001199, 0.3750000000000000000, 1.905000000000000471 ) ) ;
#2054 =( GEOMETRIC_REPRESENTATION_CONTEXT ( 3 ) GLOBAL_UNCERTAINTY_ASSIGNED_CONTEXT ( ( #4860 ) ) GLOBAL_UNIT_ASSIGNED_CONTEXT ( ( #3690, #1839, #1002 ) ) REPRESENTATION_CONTEXT ( 'NONE', 'WORKASPACE' ) );
#2055 = CARTESIAN_POINT ( 'NONE',  ( 4.445000000000000284, 0.3750000000000000000, 1.905000000000000471 ) ) ;
#2056 = MECHANICAL_DESIGN_GEOMETRIC_PRESENTATION_REPRESENTATION (  '', ( #8131 ), #4925 ) ;
#2057 = EDGE_LOOP ( 'NONE', ( #4022, #8867 ) ) ;
#2058 = FACE_OUTER_BOUND ( 'NONE', #8821, .T. ) ;
#2059 = UNCERTAINTY_MEASURE_WITH_UNIT (LENGTH_MEASURE( 1.000000000000000082E-05 ), #5605, 'distance_accuracy_value', 'NONE');
#2060 = ORIENTED_EDGE ( 'NONE', *, *, #2856, .F. ) ;
#2061 = CARTESIAN_POINT ( 'NONE',  ( -5.715000000000000746, 0.3750000000000000000, 5.715000000000001634 ) ) ;
#2062 = CARTESIAN_POINT ( 'NONE',  ( -0.6350000000000001199, 0.6999999999999998446, -0.6349999999999992317 ) ) ;
#2063 = ORIENTED_EDGE ( 'NONE', *, *, #9340, .F. ) ;
#2064 = DIRECTION ( 'NONE',  ( 0.000000000000000000, 0.000000000000000000, -1.000000000000000000 ) ) ;
#2065 = PRESENTATION_LAYER_ASSIGNMENT (  '', '', ( #97 ) ) ;
#2066 = CARTESIAN_POINT ( 'NONE',  ( -3.175000000000000711, 0.6999999999999999556, -0.6349999999999992317 ) ) ;
#2067 = DIRECTION ( 'NONE',  ( 0.000000000000000000, 0.000000000000000000, -1.000000000000000000 ) ) ;
#2068 = AXIS2_PLACEMENT_3D ( 'NONE', #6842, #6892, #3942 ) ;
#2069 = FACE_OUTER_BOUND ( 'NONE', #1386, .T. ) ;
#2070 =( NAMED_UNIT ( * ) PLANE_ANGLE_UNIT ( ) SI_UNIT ( $, .RADIAN. ) );
#2071 = ADVANCED_FACE ( 'NONE', ( #6092 ), #6998, .T. ) ;
#2072 = CARTESIAN_POINT ( 'NONE',  ( -0.6350000000000001199, 0.6999999999999998446, 4.445000000000001172 ) ) ;
#2073 = AXIS2_PLACEMENT_3D ( 'NONE', #7209, #5296, #5455 ) ;
#2074 = CARTESIAN_POINT ( 'NONE',  ( 3.174999999999999822, 0.3750000000000000000, 5.715000000000001634 ) ) ;
#2075 = AXIS2_PLACEMENT_3D ( 'NONE', #3322, #4869, #3273 ) ;
#2076 = DIRECTION ( 'NONE',  ( 0.000000000000000000, 0.000000000000000000, 1.000000000000000000 ) ) ;
#2077 = DIRECTION ( 'NONE',  ( 1.000000000000000000, 0.000000000000000000, 0.000000000000000000 ) ) ;
#2078 = DIRECTION ( 'NONE',  ( 0.000000000000000000, 0.000000000000000000, 1.000000000000000000 ) ) ;
#2079 = CIRCLE ( 'NONE', #1738, 0.1870828693386972497 ) ;
#2080 = SURFACE_STYLE_USAGE ( .BOTH. , #3885 ) ;
#2081 = ADVANCED_FACE ( 'NONE', ( #7988 ), #2812, .T. ) ;
#2082 = ORIENTED_EDGE ( 'NONE', *, *, #2590, .T. ) ;
#2083 = ORIENTED_EDGE ( 'NONE', *, *, #8180, .T. ) ;
#2084 = SPHERICAL_SURFACE ( 'NONE', #7834, 0.3750000000000000000 ) ;
#2085 = SURFACE_STYLE_FILL_AREA ( #3943 ) ;
#2086 = EDGE_CURVE ( 'NONE', #6785, #2576, #4710, .T. ) ;
#2087 = COLOUR_RGB ( '',0.7921568627450980005, 0.8196078431372548767, 0.9333333333333333481 ) ;
#2088 = CARTESIAN_POINT ( 'NONE',  ( 0.6349999999999992317, 0.6999999999999998446, -1.904999999999999583 ) ) ;
#2089 = SURFACE_STYLE_USAGE ( .BOTH. , #8018 ) ;
#2090 = CIRCLE ( 'NONE', #1037, 0.3750000000000003331 ) ;
#2091 = CARTESIAN_POINT ( 'NONE',  ( 6.985000000000000320, 0.3750000000000000000, -5.714999999999999858 ) ) ;
#2092 = FACE_OUTER_BOUND ( 'NONE', #1611, .T. ) ;
#2093 = PRESENTATION_LAYER_ASSIGNMENT (  '', '', ( #6926 ) ) ;
#2094 =( NAMED_UNIT ( * ) PLANE_ANGLE_UNIT ( ) SI_UNIT ( $, .RADIAN. ) );
#2095 = PRODUCT_DEFINITION_SHAPE ( 'NONE', 'NONE',  #1919 ) ;
#2096 = PLANE ( 'NONE',  #4962 ) ;
#2097 = EDGE_CURVE ( 'NONE', #9613, #5232, #9680, .T. ) ;
#2098 = VERTEX_POINT ( 'NONE', #6138 ) ;
#2099 = DIRECTION ( 'NONE',  ( -0.000000000000000000, 1.000000000000000000, -0.000000000000000000 ) ) ;
#2100 = AXIS2_PLACEMENT_3D ( 'NONE', #7805, #5116, #125 ) ;
#2101 = EDGE_CURVE ( 'NONE', #4571, #3245, #8299, .T. ) ;
#2102 = EDGE_CURVE ( 'NONE', #8208, #2510, #7046, .T. ) ;
#2103 = FILL_AREA_STYLE_COLOUR ( '', #4565 ) ;
#2104 =( LENGTH_UNIT ( ) NAMED_UNIT ( * ) SI_UNIT ( .MILLI., .METRE. ) );
#2105 = ORIENTED_EDGE ( 'NONE', *, *, #249, .F. ) ;
#2106 = SPHERICAL_SURFACE ( 'NONE', #10477, 0.3750000000000000000 ) ;
#2107 = CIRCLE ( 'NONE', #315, 0.1870828693386972497 ) ;
#2108 = AXIS2_PLACEMENT_3D ( 'NONE', #1207, #2028, #7961 ) ;
#2109 = CARTESIAN_POINT ( 'NONE',  ( -5.715000000000000746, 0.6999999999999998446, 4.445000000000001172 ) ) ;
#2110 = DIRECTION ( 'NONE',  ( 0.000000000000000000, -1.000000000000000000, 0.000000000000000000 ) ) ;
#2111 = CLOSED_SHELL ( 'NONE', ( #6906, #1247, #1152 ) ) ;
#2112 = DIRECTION ( 'NONE',  ( 1.224646799147353207E-16, 0.000000000000000000, -1.000000000000000000 ) ) ;
#2113 = SURFACE_SIDE_STYLE ('',( #9727 ) ) ;
#2114 = DIRECTION ( 'NONE',  ( 1.224646799147353207E-16, 0.000000000000000000, -1.000000000000000000 ) ) ;
#2115 = EDGE_CURVE ( 'NONE', #1405, #1123, #10963, .T. ) ;
#2116 = VERTEX_POINT ( 'NONE', #8267 ) ;
#2117 = CARTESIAN_POINT ( 'NONE',  ( -1.905000000000000471, 0.3750000000000000000, 0.6350000000000001199 ) ) ;
#2118 = VERTEX_POINT ( 'NONE', #595 ) ;
#2119 = FACE_OUTER_BOUND ( 'NONE', #3317, .T. ) ;
#2120 = FACE_BOUND ( 'NONE', #5217, .T. ) ;
#2121 = ORIENTED_EDGE ( 'NONE', *, *, #2191, .F. ) ;
#2122 = CLOSED_SHELL ( 'NONE', ( #4974, #8159, #2546 ) ) ;
#2123 = FILL_AREA_STYLE ('',( #165 ) ) ;
#2124 = DIRECTION ( 'NONE',  ( 0.000000000000000000, 0.000000000000000000, 1.000000000000000000 ) ) ;
#2125 = DIRECTION ( 'NONE',  ( 1.000000000000000000, 0.000000000000000000, 0.000000000000000000 ) ) ;
#2126 = COLOUR_RGB ( '',0.7921568627450980005, 0.8196078431372548767, 0.9333333333333333481 ) ;
#2127 = DIRECTION ( 'NONE',  ( 1.000000000000000000, 0.000000000000000000, 0.000000000000000000 ) ) ;
#2128 = DIRECTION ( 'NONE',  ( 0.000000000000000000, 0.000000000000000000, 1.000000000000000000 ) ) ;
#2129 = CIRCLE ( 'NONE', #8734, 0.1870828693386972497 ) ;
#2130 = PLANE ( 'NONE',  #2872 ) ;
#2131 = AXIS2_PLACEMENT_3D ( 'NONE', #8579, #6806, #5223 ) ;
#2132 = DIRECTION ( 'NONE',  ( 0.000000000000000000, 0.000000000000000000, 1.000000000000000000 ) ) ;
#2133 = CARTESIAN_POINT ( 'NONE',  ( -3.175000000000000711, 0.3750000000000000000, 6.985000000000001208 ) ) ;
#2134 = SURFACE_SIDE_STYLE ('',( #9746 ) ) ;
#2135 = DIRECTION ( 'NONE',  ( 0.000000000000000000, 0.000000000000000000, 1.000000000000000000 ) ) ;
#2136 = AXIS2_PLACEMENT_3D ( 'NONE', #7781, #7731, #1121 ) ;
#2137 = DIRECTION ( 'NONE',  ( 0.000000000000000000, 0.000000000000000000, 1.000000000000000000 ) ) ;
#2138 = AXIS2_PLACEMENT_3D ( 'NONE', #8244, #4172, #8293 ) ;
#2139 = AXIS2_PLACEMENT_3D ( 'NONE', #1912, #10446, #5421 ) ;
#2140 = DIRECTION ( 'NONE',  ( 0.000000000000000000, 0.000000000000000000, -1.000000000000000000 ) ) ;
#2141 = PLANE ( 'NONE',  #6162 ) ;
#2142 = ORIENTED_EDGE ( 'NONE', *, *, #241, .F. ) ;
#2143 = EDGE_LOOP ( 'NONE', ( #6614, #11012, #7536 ) ) ;
#2144 = CARTESIAN_POINT ( 'NONE',  ( -0.4479171306613028425, 0.6999999999999998446, -4.444999999999999396 ) ) ;
#2145 = AXIS2_PLACEMENT_3D ( 'NONE', #10655, #7985, #10765 ) ;
#2146 = DIRECTION ( 'NONE',  ( 0.000000000000000000, 0.000000000000000000, 1.000000000000000000 ) ) ;
#2147 = FILL_AREA_STYLE ('',( #5665 ) ) ;
#2148 = SPHERICAL_SURFACE ( 'NONE', #6280, 0.3750000000000000000 ) ;
#2149 = AXIS2_PLACEMENT_3D ( 'NONE', #2641, #151, #3591 ) ;
#2150 = COLOUR_RGB ( '',0.7921568627450980005, 0.8196078431372548767, 0.9333333333333333481 ) ;
#2151 = ADVANCED_FACE ( 'NONE', ( #8101 ), #10720, .F. ) ;
#2152 = DIRECTION ( 'NONE',  ( 1.000000000000000000, 0.000000000000000000, 0.000000000000000000 ) ) ;
#2153 =( NAMED_UNIT ( * ) SI_UNIT ( $, .STERADIAN. ) SOLID_ANGLE_UNIT ( ) );
#2154 = CIRCLE ( 'NONE', #8044, 0.3750000000000003331 ) ;
#2155 = CIRCLE ( 'NONE', #6077, 0.3750000000000003331 ) ;
#2156 = EDGE_CURVE ( 'NONE', #10700, #6830, #7780, .T. ) ;
#2157 = AXIS2_PLACEMENT_3D ( 'NONE', #8461, #2541, #2648 ) ;
#2158 = VERTEX_POINT ( 'NONE', #4023 ) ;
#2159 = CARTESIAN_POINT ( 'NONE',  ( -4.445000000000001172, 0.6999999999999999556, -4.444999999999999396 ) ) ;
#2160 = STYLED_ITEM ( 'NONE', ( #10452 ), #2948 ) ;
#2161 = ORIENTED_EDGE ( 'NONE', *, *, #8251, .T. ) ;
#2162 = FILL_AREA_STYLE ('',( #9772 ) ) ;
#2163 = ORIENTED_EDGE ( 'NONE', *, *, #8483, .T. ) ;
#2164 = FILL_AREA_STYLE ('',( #10590 ) ) ;
#2165 = MANIFOLD_SOLID_BREP ( 'LPattern1[121]', #1604 ) ;
#2166 = MECHANICAL_DESIGN_GEOMETRIC_PRESENTATION_REPRESENTATION (  '', ( #6826 ), #2719 ) ;
#2167 = UNCERTAINTY_MEASURE_WITH_UNIT (LENGTH_MEASURE( 1.000000000000000082E-05 ), #2601, 'distance_accuracy_value', 'NONE');
#2168 = ORIENTED_EDGE ( 'NONE', *, *, #6697, .T. ) ;
#2169 = DIRECTION ( 'NONE',  ( 0.000000000000000000, -1.000000000000000000, 0.000000000000000000 ) ) ;
#2170 = CARTESIAN_POINT ( 'NONE',  ( 1.904999999999999583, 0.6999999999999998446, 0.6350000000000001199 ) ) ;
#2171 = PRESENTATION_LAYER_ASSIGNMENT (  '', '', ( #10731 ) ) ;
#2172 = CARTESIAN_POINT ( 'NONE',  ( 1.904999999999999583, 0.3750000000000000000, -1.904999999999999583 ) ) ;
#2173 = ADVANCED_FACE ( 'NONE', ( #9027 ), #6301, .F. ) ;
#2174 = SURFACE_STYLE_FILL_AREA ( #3754 ) ;
#2175 = ADVANCED_FACE ( 'NONE', ( #7328 ), #1462, .T. ) ;
#2176 = FACE_OUTER_BOUND ( 'NONE', #11045, .T. ) ;
#2177 = AXIS2_PLACEMENT_3D ( 'NONE', #8501, #5919, #2404 ) ;
#2178 = CARTESIAN_POINT ( 'NONE',  ( 6.797917130661303098, 0.6999999999999998446, -3.174999999999999822 ) ) ;
#2179 = ORIENTED_EDGE ( 'NONE', *, *, #2368, .F. ) ;
#2180 = CIRCLE ( 'NONE', #8436, 0.3749999999999998890 ) ;
#2181 = DIRECTION ( 'NONE',  ( 0.000000000000000000, 0.000000000000000000, -1.000000000000000000 ) ) ;
#2182 = UNCERTAINTY_MEASURE_WITH_UNIT (LENGTH_MEASURE( 1.000000000000000082E-05 ), #8744, 'distance_accuracy_value', 'NONE');
#2183 = ORIENTED_EDGE ( 'NONE', *, *, #5659, .F. ) ;
#2184 = CARTESIAN_POINT ( 'NONE',  ( 5.715000000000000746, 0.3750000000000000000, 6.985000000000001208 ) ) ;
#2185 = DIRECTION ( 'NONE',  ( -0.000000000000000000, 1.000000000000000000, -0.000000000000000000 ) ) ;
#2186 = ORIENTED_EDGE ( 'NONE', *, *, #2403, .F. ) ;
#2187 =( NAMED_UNIT ( * ) SI_UNIT ( $, .STERADIAN. ) SOLID_ANGLE_UNIT ( ) );
#2188 = CARTESIAN_POINT ( 'NONE',  ( 0.000000000000000000, 0.7000000000000000666, 0.000000000000000000 ) ) ;
#2189 = SPHERICAL_SURFACE ( 'NONE', #2986, 0.3750000000000000000 ) ;
#2190 = VECTOR ( 'NONE', #8354, 1000.000000000000000 ) ;
#2191 = EDGE_CURVE ( 'NONE', #9918, #7519, #9162, .T. ) ;
#2192 = DIRECTION ( 'NONE',  ( 0.000000000000000000, -1.000000000000000000, 0.000000000000000000 ) ) ;
#2193 = ADVANCED_FACE ( 'NONE', ( #2058 ), #5465, .T. ) ;
#2194 = ADVANCED_FACE ( 'NONE', ( #8926 ), #6419, .T. ) ;
#2195 = EDGE_CURVE ( 'NONE', #2391, #9004, #6886, .T. ) ;
#2196 = EDGE_CURVE ( 'NONE', #10626, #1123, #4398, .T. ) ;
#2197 = AXIS2_PLACEMENT_3D ( 'NONE', #10923, #4949, #5733 ) ;
#2198 = AXIS2_PLACEMENT_3D ( 'NONE', #2621, #7029, #4307 ) ;
#2199 = DIRECTION ( 'NONE',  ( -0.000000000000000000, 1.000000000000000000, -0.000000000000000000 ) ) ;
#2200 = AXIS2_PLACEMENT_3D ( 'NONE', #6671, #672, #3493 ) ;
#2201 = FILL_AREA_STYLE ('',( #8990 ) ) ;
#2202 = DIRECTION ( 'NONE',  ( -0.000000000000000000, 1.000000000000000000, -0.000000000000000000 ) ) ;
#2203 = DIRECTION ( 'NONE',  ( 0.000000000000000000, 0.000000000000000000, -1.000000000000000000 ) ) ;
#2204 = CIRCLE ( 'NONE', #8454, 0.3749999999999998890 ) ;
#2205 = CARTESIAN_POINT ( 'NONE',  ( 6.985000000000000320, 0.6999999999999998446, 5.715000000000001634 ) ) ;
#2206 = ADVANCED_FACE ( 'NONE', ( #8318 ), #8382, .T. ) ;
#2207 = DIRECTION ( 'NONE',  ( 0.000000000000000000, 0.000000000000000000, 1.000000000000000000 ) ) ;
#2208 = VERTEX_POINT ( 'NONE', #4964 ) ;
#2209 = ORIENTED_EDGE ( 'NONE', *, *, #5262, .T. ) ;
#2210 = FACE_OUTER_BOUND ( 'NONE', #3171, .T. ) ;
#2211 = CARTESIAN_POINT ( 'NONE',  ( -0.6350000000000001199, 0.6999999999999998446, 3.175000000000000711 ) ) ;
#2212 = ORIENTED_EDGE ( 'NONE', *, *, #8032, .F. ) ;
#2213 = SPHERICAL_SURFACE ( 'NONE', #8946, 0.3750000000000000000 ) ;
#2214 = DIRECTION ( 'NONE',  ( 1.000000000000000000, 0.000000000000000000, 0.000000000000000000 ) ) ;
#2215 = ADVANCED_FACE ( 'NONE', ( #4261 ), #7664, .T. ) ;
#2216 = DIRECTION ( 'NONE',  ( 0.000000000000000000, 0.000000000000000000, -1.000000000000000000 ) ) ;
#2217 = PRESENTATION_STYLE_ASSIGNMENT (( #6460 ) ) ;
#2218 = CARTESIAN_POINT ( 'NONE',  ( 1.904999999999999583, 0.6999999999999998446, -0.6349999999999992317 ) ) ;
#2219 = VERTEX_POINT ( 'NONE', #5087 ) ;
#2220 = DIRECTION ( 'NONE',  ( 0.000000000000000000, 0.000000000000000000, -1.000000000000000000 ) ) ;
#2221 = CIRCLE ( 'NONE', #2595, 0.3750000000000003331 ) ;
#2222 = EDGE_LOOP ( 'NONE', ( #9363, #7783, #9011 ) ) ;
#2223 = ORIENTED_EDGE ( 'NONE', *, *, #7302, .F. ) ;
#2224 = FACE_OUTER_BOUND ( 'NONE', #1001, .T. ) ;
#2225 = STYLED_ITEM ( 'NONE', ( #6958 ), #2739 ) ;
#2226 =( NAMED_UNIT ( * ) SI_UNIT ( $, .STERADIAN. ) SOLID_ANGLE_UNIT ( ) );
#2227 = SPHERICAL_SURFACE ( 'NONE', #2279, 0.3750000000000000000 ) ;
#2228 = SURFACE_STYLE_USAGE ( .BOTH. , #3089 ) ;
#2229 = AXIS2_PLACEMENT_3D ( 'NONE', #10783, #4931, #2417 ) ;
#2230 = DIRECTION ( 'NONE',  ( -0.000000000000000000, 1.000000000000000000, -0.000000000000000000 ) ) ;
#2231 = ORIENTED_EDGE ( 'NONE', *, *, #3353, .F. ) ;
#2232 = DIRECTION ( 'NONE',  ( 0.000000000000000000, -1.000000000000000000, 0.000000000000000000 ) ) ;
#2233 = MECHANICAL_DESIGN_GEOMETRIC_PRESENTATION_REPRESENTATION (  '', ( #4914 ), #3503 ) ;
#2234 = ORIENTED_EDGE ( 'NONE', *, *, #10887, .F. ) ;
#2236 = EDGE_CURVE ( 'NONE', #5743, #8609, #2608, .T. ) ;
#2235 = STYLED_ITEM ( 'NONE', ( #5283 ), #6575 ) ;
#2237 = CARTESIAN_POINT ( 'NONE',  ( 1.904999999999999583, 0.6999999999999999556, -6.985000000000000320 ) ) ;
#2238 = EDGE_CURVE ( 'NONE', #10808, #7237, #2785, .T. ) ;
#2239 = EDGE_CURVE ( 'NONE', #3814, #2458, #5610, .T. ) ;
#2240 = FACE_OUTER_BOUND ( 'NONE', #10146, .T. ) ;
#2241 = EDGE_LOOP ( 'NONE', ( #5123, #8148, #7069 ) ) ;
#2242 = CARTESIAN_POINT ( 'NONE',  ( -4.445000000000001172, 0.6999999999999999556, -6.985000000000000320 ) ) ;
#2243 = DIRECTION ( 'NONE',  ( 0.000000000000000000, 0.000000000000000000, -1.000000000000000000 ) ) ;
#2244 = CARTESIAN_POINT ( 'NONE',  ( -0.6350000000000001199, 0.6999999999999999556, -5.714999999999999858 ) ) ;
#2245 = AXIS2_PLACEMENT_3D ( 'NONE', #7312, #5618, #9897 ) ;
#2246 = PRESENTATION_LAYER_ASSIGNMENT (  '', '', ( #3335 ) ) ;
#2247 = PLANE ( 'NONE',  #1787 ) ;
#2248 = SPHERICAL_SURFACE ( 'NONE', #2358, 0.3750000000000000000 ) ;
#2249 = EDGE_CURVE ( 'NONE', #1012, #9589, #10066, .T. ) ;
#2250 = CIRCLE ( 'NONE', #6157, 0.3749999999999998890 ) ;
#2251 = FACE_OUTER_BOUND ( 'NONE', #407, .T. ) ;
#2252 = CIRCLE ( 'NONE', #3692, 0.3749999999999998890 ) ;
#2253 =( GEOMETRIC_REPRESENTATION_CONTEXT ( 3 ) GLOBAL_UNCERTAINTY_ASSIGNED_CONTEXT ( ( #7555 ) ) GLOBAL_UNIT_ASSIGNED_CONTEXT ( ( #4553, #349, #4607 ) ) REPRESENTATION_CONTEXT ( 'NONE', 'WORKASPACE' ) );
#2254 = CARTESIAN_POINT ( 'NONE',  ( -1.717917130661303249, 0.6999999999999998446, 6.985000000000001208 ) ) ;
#2255 = FACE_OUTER_BOUND ( 'NONE', #1145, .T. ) ;
#2256 = AXIS2_PLACEMENT_3D ( 'NONE', #2818, #8718, #2922 ) ;
#2257 = MANIFOLD_SOLID_BREP ( 'LPattern1[16]', #1944 ) ;
#2258 = ORIENTED_EDGE ( 'NONE', *, *, #1355, .F. ) ;
#2259 = VERTEX_POINT ( 'NONE', #3370 ) ;
#2260 =( GEOMETRIC_REPRESENTATION_CONTEXT ( 3 ) GLOBAL_UNCERTAINTY_ASSIGNED_CONTEXT ( ( #1162 ) ) GLOBAL_UNIT_ASSIGNED_CONTEXT ( ( #10956, #5766, #1482 ) ) REPRESENTATION_CONTEXT ( 'NONE', 'WORKASPACE' ) );
#2261 = CARTESIAN_POINT ( 'NONE',  ( -4.445000000000001172, 0.3750000000000000000, 1.905000000000000471 ) ) ;
#2262 = DIRECTION ( 'NONE',  ( 0.000000000000000000, -1.000000000000000000, 0.000000000000000000 ) ) ;
#2263 = EDGE_CURVE ( 'NONE', #5158, #8320, #5975, .T. ) ;
#2264 = ORIENTED_EDGE ( 'NONE', *, *, #6491, .T. ) ;
#2265 = FILL_AREA_STYLE ('',( #6566 ) ) ;
#2266 = FILL_AREA_STYLE ('',( #4834 ) ) ;
#2267 = DIRECTION ( 'NONE',  ( 0.000000000000000000, 0.000000000000000000, 1.000000000000000000 ) ) ;
#2268 = CIRCLE ( 'NONE', #6546, 0.3750000000000003331 ) ;
#2269 = DIRECTION ( 'NONE',  ( 1.000000000000000000, 0.000000000000000000, 0.000000000000000000 ) ) ;
#2270 =( LENGTH_UNIT ( ) NAMED_UNIT ( * ) SI_UNIT ( .MILLI., .METRE. ) );
#2271 = DIRECTION ( 'NONE',  ( 0.000000000000000000, 0.000000000000000000, 1.000000000000000000 ) ) ;
#2272 = STYLED_ITEM ( 'NONE', ( #8629 ), #10268 ) ;
#2273 = EDGE_LOOP ( 'NONE', ( #6032, #3342 ) ) ;
#2274 = CARTESIAN_POINT ( 'NONE',  ( 6.985000000000000320, 0.3750000000000000000, -0.6349999999999992317 ) ) ;
#2275 = ORIENTED_EDGE ( 'NONE', *, *, #3434, .T. ) ;
#2276 = SPHERICAL_SURFACE ( 'NONE', #2245, 0.3750000000000000000 ) ;
#2277 = AXIS2_PLACEMENT_3D ( 'NONE', #9034, #3149, #2124 ) ;
#2278 = ORIENTED_EDGE ( 'NONE', *, *, #8251, .F. ) ;
#2279 = AXIS2_PLACEMENT_3D ( 'NONE', #3859, #10817, #3909 ) ;
#2280 = DIRECTION ( 'NONE',  ( 1.000000000000000000, 0.000000000000000000, 0.000000000000000000 ) ) ;
#2281 = SPHERICAL_SURFACE ( 'NONE', #2527, 0.3750000000000000000 ) ;
#2282 = AXIS2_PLACEMENT_3D ( 'NONE', #8699, #10259, #9462 ) ;
#2283 = ORIENTED_EDGE ( 'NONE', *, *, #6952, .T. ) ;
#2284 = DIRECTION ( 'NONE',  ( 0.000000000000000000, -0.000000000000000000, -1.000000000000000000 ) ) ;
#2285 =( GEOMETRIC_REPRESENTATION_CONTEXT ( 3 ) GLOBAL_UNCERTAINTY_ASSIGNED_CONTEXT ( ( #5843 ) ) GLOBAL_UNIT_ASSIGNED_CONTEXT ( ( #2037, #8750, #8591 ) ) REPRESENTATION_CONTEXT ( 'NONE', 'WORKASPACE' ) );
#2286 = VERTEX_POINT ( 'NONE', #5744 ) ;
#2287 = CARTESIAN_POINT ( 'NONE',  ( 1.904999999999999583, 0.3750000000000000000, -6.985000000000000320 ) ) ;
#2288 = UNCERTAINTY_MEASURE_WITH_UNIT (LENGTH_MEASURE( 1.000000000000000082E-05 ), #531, 'distance_accuracy_value', 'NONE');
#2289 = ORIENTED_EDGE ( 'NONE', *, *, #10791, .T. ) ;
#2290 = ORIENTED_EDGE ( 'NONE', *, *, #712, .T. ) ;
#2291 = CARTESIAN_POINT ( 'NONE',  ( -6.985000000000000320, 0.000000000000000000, -0.6349999999999992317 ) ) ;
#2292 = DIRECTION ( 'NONE',  ( 0.000000000000000000, 0.000000000000000000, 1.000000000000000000 ) ) ;
#2293 = ORIENTED_EDGE ( 'NONE', *, *, #1354, .F. ) ;
#2294 = AXIS2_PLACEMENT_3D ( 'NONE', #1417, #2135, #4046 ) ;
#2295 = DIRECTION ( 'NONE',  ( 0.000000000000000000, 0.000000000000000000, -1.000000000000000000 ) ) ;
#2296 = DIRECTION ( 'NONE',  ( 1.224646799147353207E-16, 0.000000000000000000, -1.000000000000000000 ) ) ;
#2297 = EDGE_CURVE ( 'NONE', #8376, #1884, #994, .T. ) ;
#2298 = CLOSED_SHELL ( 'NONE', ( #9003, #6765, #317 ) ) ;
#2299 = DIRECTION ( 'NONE',  ( 0.000000000000000000, 0.000000000000000000, 1.000000000000000000 ) ) ;
#2300 = ADVANCED_FACE ( 'NONE', ( #10876 ), #10937, .F. ) ;
#2301 = CIRCLE ( 'NONE', #5687, 0.1870828693386972497 ) ;
#2302 = LINE ( 'NONE', #6547, #345 ) ;
#2303 = ORIENTED_EDGE ( 'NONE', *, *, #660, .T. ) ;
#2304 = CLOSED_SHELL ( 'NONE', ( #3132, #2457, #10836 ) ) ;
#2305 = ORIENTED_EDGE ( 'NONE', *, *, #6500, .F. ) ;
#2306 = PRESENTATION_STYLE_ASSIGNMENT (( #3220 ) ) ;
#2307 = DIRECTION ( 'NONE',  ( 1.000000000000000000, 0.000000000000000000, 0.000000000000000000 ) ) ;
#2308 =( NAMED_UNIT ( * ) SI_UNIT ( $, .STERADIAN. ) SOLID_ANGLE_UNIT ( ) );
#2309 = DIRECTION ( 'NONE',  ( -0.000000000000000000, 1.000000000000000000, -0.000000000000000000 ) ) ;
#2310 = DIRECTION ( 'NONE',  ( 0.000000000000000000, 0.000000000000000000, -1.000000000000000000 ) ) ;
#2311 = CIRCLE ( 'NONE', #9758, 0.1870828693386972497 ) ;
#2312 = EDGE_CURVE ( 'NONE', #10688, #8801, #5270, .T. ) ;
#2313 =( LENGTH_UNIT ( ) NAMED_UNIT ( * ) SI_UNIT ( .MILLI., .METRE. ) );
#2314 = EDGE_CURVE ( 'NONE', #1202, #8460, #5436, .T. ) ;
#2315 = CIRCLE ( 'NONE', #1609, 0.1870828693386972497 ) ;
#2316 = VERTEX_POINT ( 'NONE', #783 ) ;
#2317 = ORIENTED_EDGE ( 'NONE', *, *, #5381, .T. ) ;
#2318 = DIRECTION ( 'NONE',  ( 1.224646799147353207E-16, 0.000000000000000000, -1.000000000000000000 ) ) ;
#2319 = EDGE_LOOP ( 'NONE', ( #2231, #10245, #4073 ) ) ;
#2320 = PRESENTATION_STYLE_ASSIGNMENT (( #10799 ) ) ;
#2321 = DIRECTION ( 'NONE',  ( 1.000000000000000000, 0.000000000000000000, 0.000000000000000000 ) ) ;
#2322 = AXIS2_PLACEMENT_3D ( 'NONE', #115, #8623, #338 ) ;
#2323 = DIRECTION ( 'NONE',  ( -0.000000000000000000, 1.000000000000000000, -0.000000000000000000 ) ) ;
#2324 = MECHANICAL_DESIGN_GEOMETRIC_PRESENTATION_REPRESENTATION (  '', ( #7139 ), #9966 ) ;
#2325 = CIRCLE ( 'NONE', #7506, 0.1870828693386972497 ) ;
#2326 = CARTESIAN_POINT ( 'NONE',  ( -6.985000000000000320, 0.3750000000000000000, 5.715000000000001634 ) ) ;
#2327 = SPHERICAL_SURFACE ( 'NONE', #467, 0.3750000000000000000 ) ;
#2328 = AXIS2_PLACEMENT_3D ( 'NONE', #10377, #6187, #2644 ) ;
#2329 = CARTESIAN_POINT ( 'NONE',  ( -5.527917130661303524, 0.6999999999999998446, -4.444999999999999396 ) ) ;
#2330 = EDGE_CURVE ( 'NONE', #2650, #2316, #1880, .T. ) ;
#2331 = MECHANICAL_DESIGN_GEOMETRIC_PRESENTATION_REPRESENTATION (  '', ( #4820 ), #6242 ) ;
#2332 = AXIS2_PLACEMENT_3D ( 'NONE', #7448, #4923, #10099 ) ;
#2333 = EDGE_LOOP ( 'NONE', ( #2524, #9525, #5252 ) ) ;
#2334 = DIRECTION ( 'NONE',  ( 0.000000000000000000, 0.000000000000000000, -1.000000000000000000 ) ) ;
#2335 = EDGE_LOOP ( 'NONE', ( #4775, #8222, #5955 ) ) ;
#2336 = AXIS2_PLACEMENT_3D ( 'NONE', #1780, #39, #10205 ) ;
#2337 = AXIS2_PLACEMENT_3D ( 'NONE', #8359, #5006, #7589 ) ;
#2338 = SURFACE_STYLE_FILL_AREA ( #10078 ) ;
#2339 = CIRCLE ( 'NONE', #9437, 0.3750000000000003331 ) ;
#2340 = CARTESIAN_POINT ( 'NONE',  ( 5.715000000000000746, 0.000000000000000000, -4.444999999999999396 ) ) ;
#2341 = FACE_OUTER_BOUND ( 'NONE', #6228, .T. ) ;
#2342 = COLOUR_RGB ( '',0.7921568627450980005, 0.8196078431372548767, 0.9333333333333333481 ) ;
#2343 = SURFACE_STYLE_FILL_AREA ( #6526 ) ;
#2344 = ORIENTED_EDGE ( 'NONE', *, *, #7247, .T. ) ;
#2345 = DIRECTION ( 'NONE',  ( 1.000000000000000000, 0.000000000000000000, 0.000000000000000000 ) ) ;
#2346 = ORIENTED_EDGE ( 'NONE', *, *, #7210, .F. ) ;
#2347 = CARTESIAN_POINT ( 'NONE',  ( -1.905000000000000471, 0.3750000000000000000, -0.6349999999999992317 ) ) ;
#2348 = EDGE_LOOP ( 'NONE', ( #6689, #570, #9675 ) ) ;
#2349 = ORIENTED_EDGE ( 'NONE', *, *, #10071, .T. ) ;
#2350 = DIRECTION ( 'NONE',  ( 0.000000000000000000, 0.000000000000000000, 1.000000000000000000 ) ) ;
#2351 = DIRECTION ( 'NONE',  ( 0.000000000000000000, 0.000000000000000000, 1.000000000000000000 ) ) ;
#2352 = CARTESIAN_POINT ( 'NONE',  ( -0.6350000000000001199, 0.6999999999999998446, 0.6350000000000001199 ) ) ;
#2353 = FACE_OUTER_BOUND ( 'NONE', #10819, .T. ) ;
#2354 = DIRECTION ( 'NONE',  ( -1.000000000000000000, 0.000000000000000000, 0.000000000000000000 ) ) ;
#2355 = MANIFOLD_SOLID_BREP ( 'LPattern1[93]', #320 ) ;
#2356 = DIRECTION ( 'NONE',  ( 0.000000000000000000, 0.000000000000000000, 1.000000000000000000 ) ) ;
#2357 = FACE_OUTER_BOUND ( 'NONE', #2633, .T. ) ;
#2358 = AXIS2_PLACEMENT_3D ( 'NONE', #4656, #8064, #8223 ) ;
#2359 = DIRECTION ( 'NONE',  ( 0.000000000000000000, -0.000000000000000000, -1.000000000000000000 ) ) ;
#2360 = VERTEX_POINT ( 'NONE', #7930 ) ;
#2361 = PRESENTATION_STYLE_ASSIGNMENT (( #9992 ) ) ;
#2362 = ORIENTED_EDGE ( 'NONE', *, *, #2297, .T. ) ;
#2363 = DIRECTION ( 'NONE',  ( -0.000000000000000000, 1.000000000000000000, -0.000000000000000000 ) ) ;
#2364 = CIRCLE ( 'NONE', #8067, 0.1870828693386972497 ) ;
#2365 = EDGE_CURVE ( 'NONE', #782, #9877, #7427, .T. ) ;
#2366 = FACE_OUTER_BOUND ( 'NONE', #5256, .T. ) ;
#2367 = CARTESIAN_POINT ( 'NONE',  ( -6.985000000000000320, 0.3750000000000000000, -5.714999999999999858 ) ) ;
#2368 = EDGE_CURVE ( 'NONE', #3711, #11029, #10430, .T. ) ;
#2369 = DIRECTION ( 'NONE',  ( 0.000000000000000000, -0.000000000000000000, -1.000000000000000000 ) ) ;
#2370 = AXIS2_PLACEMENT_3D ( 'NONE', #3572, #358, #8796 ) ;
#2371 = MANIFOLD_SOLID_BREP ( 'LPattern1[59]', #8724 ) ;
#2372 = ORIENTED_EDGE ( 'NONE', *, *, #9852, .F. ) ;
#2373 = CIRCLE ( 'NONE', #8447, 0.1870828693386972497 ) ;
#2374 = ORIENTED_EDGE ( 'NONE', *, *, #5370, .F. ) ;
#2375 = SURFACE_STYLE_FILL_AREA ( #10121 ) ;
#2376 = CARTESIAN_POINT ( 'NONE',  ( 7.499999999999994671, 0.7000000000000000666, 7.500000000000001776 ) ) ;
#2377 = CIRCLE ( 'NONE', #4690, 0.1870828693386972497 ) ;
#2378 = SPHERICAL_SURFACE ( 'NONE', #7862, 0.3750000000000000000 ) ;
#2379 = EDGE_CURVE ( 'NONE', #1954, #8208, #2690, .T. ) ;
#2380 = EDGE_CURVE ( 'NONE', #894, #6303, #8499, .T. ) ;
#2381 = AXIS2_PLACEMENT_3D ( 'NONE', #5706, #10733, #1476 ) ;
#2382 = DIRECTION ( 'NONE',  ( 1.000000000000000000, 0.000000000000000000, 0.000000000000000000 ) ) ;
#2383 = DIRECTION ( 'NONE',  ( 0.000000000000000000, 0.000000000000000000, 1.000000000000000000 ) ) ;
#2384 = EDGE_LOOP ( 'NONE', ( #11003, #3728 ) ) ;
#2385 = FACE_OUTER_BOUND ( 'NONE', #3313, .T. ) ;
#2386 = EDGE_LOOP ( 'NONE', ( #7599, #10257, #5722 ) ) ;
#2387 = DIRECTION ( 'NONE',  ( -0.000000000000000000, 1.000000000000000000, -0.000000000000000000 ) ) ;
#2388 = VERTEX_POINT ( 'NONE', #1782 ) ;
#2389 = FILL_AREA_STYLE ('',( #7598 ) ) ;
#2390 = EDGE_CURVE ( 'NONE', #9540, #8615, #10795, .T. ) ;
#2391 = VERTEX_POINT ( 'NONE', #6982 ) ;
#2392 = EDGE_CURVE ( 'NONE', #4255, #11015, #2791, .T. ) ;
#2393 = FILL_AREA_STYLE_COLOUR ( '', #4216 ) ;
#2394 = CARTESIAN_POINT ( 'NONE',  ( 0.6349999999999992317, 0.6999999999999998446, 3.175000000000000711 ) ) ;
#2395 = VERTEX_POINT ( 'NONE', #9505 ) ;
#2396 = DIRECTION ( 'NONE',  ( 1.224646799147353207E-16, 0.000000000000000000, -1.000000000000000000 ) ) ;
#2397 = ORIENTED_EDGE ( 'NONE', *, *, #163, .F. ) ;
#2398 = DIRECTION ( 'NONE',  ( 1.000000000000000000, 0.000000000000000000, 0.000000000000000000 ) ) ;
#2399 = UNCERTAINTY_MEASURE_WITH_UNIT (LENGTH_MEASURE( 1.000000000000000082E-05 ), #931, 'distance_accuracy_value', 'NONE');
#2400 = ORIENTED_EDGE ( 'NONE', *, *, #7728, .T. ) ;
#2401 = ORIENTED_EDGE ( 'NONE', *, *, #4239, .F. ) ;
#2402 = FACE_OUTER_BOUND ( 'NONE', #1873, .T. ) ;
#2403 = EDGE_CURVE ( 'NONE', #1535, #1295, #7952, .T. ) ;
#2404 = DIRECTION ( 'NONE',  ( 1.000000000000000000, 0.000000000000000000, 0.000000000000000000 ) ) ;
#2405 = FACE_OUTER_BOUND ( 'NONE', #3837, .T. ) ;
#2406 = EDGE_CURVE ( 'NONE', #9993, #2395, #9351, .T. ) ;
#2407 = CIRCLE ( 'NONE', #8284, 0.1870828693386972497 ) ;
#2408 = DIRECTION ( 'NONE',  ( 0.000000000000000000, -0.000000000000000000, 1.000000000000000000 ) ) ;
#2409 = SPHERICAL_SURFACE ( 'NONE', #8336, 0.3750000000000000000 ) ;
#2410 = CARTESIAN_POINT ( 'NONE',  ( -4.257917130661303950, 0.6999999999999998446, 4.445000000000001172 ) ) ;
#2411 = DIRECTION ( 'NONE',  ( 1.000000000000000000, 0.000000000000000000, 0.000000000000000000 ) ) ;
#2412 = AXIS2_PLACEMENT_3D ( 'NONE', #3159, #4041, #5760 ) ;
#2413 = CARTESIAN_POINT ( 'NONE',  ( 5.715000000000000746, 0.000000000000000000, 5.715000000000001634 ) ) ;
#2414 = PRESENTATION_LAYER_ASSIGNMENT (  '', '', ( #9511 ) ) ;
#2415 = ORIENTED_EDGE ( 'NONE', *, *, #6538, .T. ) ;
#2416 =( NAMED_UNIT ( * ) SI_UNIT ( $, .STERADIAN. ) SOLID_ANGLE_UNIT ( ) );
#2417 = DIRECTION ( 'NONE',  ( 1.000000000000000000, 0.000000000000000000, 0.000000000000000000 ) ) ;
#2418 = DIRECTION ( 'NONE',  ( 0.000000000000000000, 1.000000000000000000, 0.000000000000000000 ) ) ;
#2419 = FACE_OUTER_BOUND ( 'NONE', #1592, .T. ) ;
#2420 = CARTESIAN_POINT ( 'NONE',  ( 0.6349999999999992317, 0.6999999999999998446, -5.714999999999999858 ) ) ;
#2421 = AXIS2_PLACEMENT_3D ( 'NONE', #6592, #1730, #3265 ) ;
#2422 = DIRECTION ( 'NONE',  ( 0.000000000000000000, -1.000000000000000000, 0.000000000000000000 ) ) ;
#2423 = ADVANCED_FACE ( 'NONE', ( #3900 ), #2276, .T. ) ;
#2424 = SURFACE_STYLE_FILL_AREA ( #7353 ) ;
#2425 = ORIENTED_EDGE ( 'NONE', *, *, #2086, .T. ) ;
#2426 = ORIENTED_EDGE ( 'NONE', *, *, #8849, .T. ) ;
#2427 = APPLICATION_PROTOCOL_DEFINITION ( 'draft international standard', 'automotive_design', 1998, #6875 ) ;
#2428 = CIRCLE ( 'NONE', #4404, 0.1870828693386972497 ) ;
#2429 = FILL_AREA_STYLE ('',( #6799 ) ) ;
#2430 = PRESENTATION_LAYER_ASSIGNMENT (  '', '', ( #93 ) ) ;
#2431 = VERTEX_POINT ( 'NONE', #9015 ) ;
#2432 = PRESENTATION_STYLE_ASSIGNMENT (( #7525 ) ) ;
#2433 = CARTESIAN_POINT ( 'NONE',  ( -3.175000000000000711, 0.6999999999999998446, 6.985000000000001208 ) ) ;
#2434 = PLANE ( 'NONE',  #1085 ) ;
#2435 = CARTESIAN_POINT ( 'NONE',  ( -6.000000000000005329, 5.070000000000000284, -5.999999999999998224 ) ) ;
#2436 = DIRECTION ( 'NONE',  ( 0.000000000000000000, 0.000000000000000000, -1.000000000000000000 ) ) ;
#2437 = CIRCLE ( 'NONE', #8513, 0.3749999999999998890 ) ;
#2438 = EDGE_CURVE ( 'NONE', #7607, #8559, #10256, .T. ) ;
#2439 =( NAMED_UNIT ( * ) PLANE_ANGLE_UNIT ( ) SI_UNIT ( $, .RADIAN. ) );
#2440 =( GEOMETRIC_REPRESENTATION_CONTEXT ( 3 ) GLOBAL_UNCERTAINTY_ASSIGNED_CONTEXT ( ( #9302 ) ) GLOBAL_UNIT_ASSIGNED_CONTEXT ( ( #3006, #6457, #2153 ) ) REPRESENTATION_CONTEXT ( 'NONE', 'WORKASPACE' ) );
#2441 = CARTESIAN_POINT ( 'NONE',  ( -7.500000000000005329, 5.120000000000000107, 7.500000000000001776 ) ) ;
#2442 = DIRECTION ( 'NONE',  ( 0.000000000000000000, 0.000000000000000000, -1.000000000000000000 ) ) ;
#2443 = ORIENTED_EDGE ( 'NONE', *, *, #5930, .F. ) ;
#2444 = DIRECTION ( 'NONE',  ( 0.000000000000000000, 0.000000000000000000, 1.000000000000000000 ) ) ;
#2445 = EDGE_CURVE ( 'NONE', #6171, #9119, #3152, .T. ) ;
#2446 = ORIENTED_EDGE ( 'NONE', *, *, #9369, .F. ) ;
#2447 = DIRECTION ( 'NONE',  ( 1.000000000000000000, 0.000000000000000000, 0.000000000000000000 ) ) ;
#2448 =( LENGTH_UNIT ( ) NAMED_UNIT ( * ) SI_UNIT ( .MILLI., .METRE. ) );
#2449 = MANIFOLD_SOLID_BREP ( 'LPattern1[67]', #1762 ) ;
#2450 = EDGE_LOOP ( 'NONE', ( #4901, #5397, #6011 ) ) ;
#2451 = AXIS2_PLACEMENT_3D ( 'NONE', #8156, #8216, #4597 ) ;
#2452 = SPHERICAL_SURFACE ( 'NONE', #8748, 0.3750000000000000000 ) ;
#2453 = AXIS2_PLACEMENT_3D ( 'NONE', #506, #7185, #5545 ) ;
#2454 = ADVANCED_FACE ( 'NONE', ( #7144 ), #8033, .F. ) ;
#2455 = CARTESIAN_POINT ( 'NONE',  ( -3.175000000000000711, 0.000000000000000000, -6.985000000000000320 ) ) ;
#2456 = EDGE_LOOP ( 'NONE', ( #4406, #4796, #8308, #2163 ) ) ;
#2457 = ADVANCED_FACE ( 'NONE', ( #5682 ), #5507, .F. ) ;
#2458 = VERTEX_POINT ( 'NONE', #3743 ) ;
#2459 = EDGE_CURVE ( 'NONE', #9297, #8546, #9472, .T. ) ;
#2460 = CARTESIAN_POINT ( 'NONE',  ( 1.904999999999999583, 0.3750000000000000000, 5.715000000000001634 ) ) ;
#2461 = ORIENTED_EDGE ( 'NONE', *, *, #2681, .F. ) ;
#2462 = ORIENTED_EDGE ( 'NONE', *, *, #6535, .F. ) ;
#2463 = ORIENTED_EDGE ( 'NONE', *, *, #6340, .F. ) ;
#2464 = MECHANICAL_DESIGN_GEOMETRIC_PRESENTATION_REPRESENTATION (  '', ( #6926 ), #11009 ) ;
#2465 = CARTESIAN_POINT ( 'NONE',  ( 0.6349999999999992317, 0.3750000000000000000, 3.175000000000000711 ) ) ;
#2466 = DIRECTION ( 'NONE',  ( 1.000000000000000000, 0.000000000000000000, 0.000000000000000000 ) ) ;
#2467 = CARTESIAN_POINT ( 'NONE',  ( -1.717917130661303249, 0.6999999999999998446, -6.985000000000000320 ) ) ;
#2468 = DIRECTION ( 'NONE',  ( 1.000000000000000000, 0.000000000000000000, 0.000000000000000000 ) ) ;
#2469 = AXIS2_PLACEMENT_3D ( 'NONE', #7893, #7052, #6200 ) ;
#2470 = CARTESIAN_POINT ( 'NONE',  ( -0.6350000000000001199, 0.3750000000000000000, -3.174999999999999822 ) ) ;
#2471 = SURFACE_STYLE_USAGE ( .BOTH. , #10217 ) ;
#2472 = CIRCLE ( 'NONE', #9551, 0.1870828693386972497 ) ;
#2473 = EDGE_CURVE ( 'NONE', #8593, #9976, #2377, .T. ) ;
#2474 = CARTESIAN_POINT ( 'NONE',  ( -5.715000000000000746, 0.6999999999999998446, 0.6350000000000001199 ) ) ;
#2475 = ORIENTED_EDGE ( 'NONE', *, *, #8127, .F. ) ;
#2476 = DIRECTION ( 'NONE',  ( 1.224646799147353207E-16, 0.000000000000000000, -1.000000000000000000 ) ) ;
#2477 = DIRECTION ( 'NONE',  ( 0.000000000000000000, 0.000000000000000000, -1.000000000000000000 ) ) ;
#2478 = CIRCLE ( 'NONE', #493, 0.1870828693386972497 ) ;
#2479 = ORIENTED_EDGE ( 'NONE', *, *, #6403, .T. ) ;
#2480 = CARTESIAN_POINT ( 'NONE',  ( 1.904999999999999583, 0.3750000000000000000, 6.985000000000001208 ) ) ;
#2481 = FACE_OUTER_BOUND ( 'NONE', #7068, .T. ) ;
#2482 = AXIS2_PLACEMENT_3D ( 'NONE', #526, #5559, #8184 ) ;
#2483 = DIRECTION ( 'NONE',  ( -0.000000000000000000, 1.000000000000000000, -0.000000000000000000 ) ) ;
#2484 = DIRECTION ( 'NONE',  ( 1.000000000000000000, 0.000000000000000000, 0.000000000000000000 ) ) ;
#2485 = CIRCLE ( 'NONE', #10492, 0.1870828693386972497 ) ;
#2486 = AXIS2_PLACEMENT_3D ( 'NONE', #9940, #9056, #8458 ) ;
#2487 = CARTESIAN_POINT ( 'NONE',  ( -4.445000000000001172, 0.6999999999999998446, 0.6350000000000001199 ) ) ;
#2488 = DIRECTION ( 'NONE',  ( 0.000000000000000000, 0.000000000000000000, 1.000000000000000000 ) ) ;
#2489 = CLOSED_SHELL ( 'NONE', ( #1421, #2793, #9582 ) ) ;
#2490 = EDGE_LOOP ( 'NONE', ( #4094, #6771, #9319 ) ) ;
#2491 = CARTESIAN_POINT ( 'NONE',  ( 5.902082869338697968, 0.6999999999999998446, 5.715000000000001634 ) ) ;
#2492 = CARTESIAN_POINT ( 'NONE',  ( -4.445000000000001172, 0.3750000000000000000, 0.6350000000000001199 ) ) ;
#2493 = ORIENTED_EDGE ( 'NONE', *, *, #897, .F. ) ;
#2494 = DIRECTION ( 'NONE',  ( -0.000000000000000000, 1.000000000000000000, -0.000000000000000000 ) ) ;
#2495 = CARTESIAN_POINT ( 'NONE',  ( -1.905000000000000471, 0.3750000000000000000, 1.905000000000000471 ) ) ;
#2496 = CLOSED_SHELL ( 'NONE', ( #3598, #10790, #5729 ) ) ;
#2497 = CARTESIAN_POINT ( 'NONE',  ( -0.6350000000000001199, 0.3750000000000000000, 5.715000000000001634 ) ) ;
#2498 =( LENGTH_UNIT ( ) NAMED_UNIT ( * ) SI_UNIT ( .MILLI., .METRE. ) );
#2499 = COLOUR_RGB ( '',0.7921568627450980005, 0.8196078431372548767, 0.9333333333333333481 ) ;
#2500 = FILL_AREA_STYLE_COLOUR ( '', #10102 ) ;
#2501 = EDGE_LOOP ( 'NONE', ( #7786, #9670, #411 ) ) ;
#2502 = DIRECTION ( 'NONE',  ( -0.000000000000000000, 1.000000000000000000, -0.000000000000000000 ) ) ;
#2503 = CIRCLE ( 'NONE', #697, 0.1870828693386972497 ) ;
#2504 =( NAMED_UNIT ( * ) PLANE_ANGLE_UNIT ( ) SI_UNIT ( $, .RADIAN. ) );
#2505 = AXIS2_PLACEMENT_3D ( 'NONE', #9259, #8514, #10270 ) ;
#2506 =( NAMED_UNIT ( * ) SI_UNIT ( $, .STERADIAN. ) SOLID_ANGLE_UNIT ( ) );
#2507 = SURFACE_SIDE_STYLE ('',( #3469 ) ) ;
#2508 = MANIFOLD_SOLID_BREP ( 'LPattern1[138]', #496 ) ;
#2509 = AXIS2_PLACEMENT_3D ( 'NONE', #10229, #1586, #4934 ) ;
#2510 = VERTEX_POINT ( 'NONE', #5841 ) ;
#2511 = EDGE_CURVE ( 'NONE', #2555, #10115, #7743, .T. ) ;
#2512 = FILL_AREA_STYLE_COLOUR ( '', #4818 ) ;
#2513 = AXIS2_PLACEMENT_3D ( 'NONE', #4695, #7326, #6529 ) ;
#2514 =( LENGTH_UNIT ( ) NAMED_UNIT ( * ) SI_UNIT ( .MILLI., .METRE. ) );
#2515 = AXIS2_PLACEMENT_3D ( 'NONE', #6127, #1116, #9509 ) ;
#2516 = AXIS2_PLACEMENT_3D ( 'NONE', #8465, #2599, #4990 ) ;
#2517 = VERTEX_POINT ( 'NONE', #4845 ) ;
#2518 = EDGE_LOOP ( 'NONE', ( #4733, #5267 ) ) ;
#2519 = FACE_OUTER_BOUND ( 'NONE', #3729, .T. ) ;
#2520 = ORIENTED_EDGE ( 'NONE', *, *, #10636, .F. ) ;
#2521 = CIRCLE ( 'NONE', #8747, 0.1870828693386972497 ) ;
#2522 = AXIS2_PLACEMENT_3D ( 'NONE', #5906, #8487, #7655 ) ;
#2523 = UNCERTAINTY_MEASURE_WITH_UNIT (LENGTH_MEASURE( 1.000000000000000082E-05 ), #6789, 'distance_accuracy_value', 'NONE');
#2524 = ORIENTED_EDGE ( 'NONE', *, *, #3016, .F. ) ;
#2525 = DIRECTION ( 'NONE',  ( 0.000000000000000000, -1.000000000000000000, 0.000000000000000000 ) ) ;
#2526 = DIRECTION ( 'NONE',  ( 1.224646799147353207E-16, 0.000000000000000000, -1.000000000000000000 ) ) ;
#2527 = AXIS2_PLACEMENT_3D ( 'NONE', #2049, #8142, #316 ) ;
#2528 =( NAMED_UNIT ( * ) PLANE_ANGLE_UNIT ( ) SI_UNIT ( $, .RADIAN. ) );
#2529 = ADVANCED_FACE ( 'NONE', ( #4013 ), #10925, .T. ) ;
#2530 = CARTESIAN_POINT ( 'NONE',  ( 7.172082869338698430, 0.6999999999999998446, 0.6350000000000001199 ) ) ;
#2531 = FACE_OUTER_BOUND ( 'NONE', #3636, .T. ) ;
#2532 = MANIFOLD_SOLID_BREP ( 'LPattern1[139]', #7309 ) ;
#2533 = DIRECTION ( 'NONE',  ( 1.000000000000000000, 0.000000000000000000, 0.000000000000000000 ) ) ;
#2534 = CIRCLE ( 'NONE', #9248, 0.3750000000000003331 ) ;
#2535 = DIRECTION ( 'NONE',  ( -0.000000000000000000, 1.000000000000000000, -0.000000000000000000 ) ) ;
#2536 = ORIENTED_EDGE ( 'NONE', *, *, #5518, .F. ) ;
#2537 = AXIS2_PLACEMENT_3D ( 'NONE', #10004, #8350, #684 ) ;
#2538 = CARTESIAN_POINT ( 'NONE',  ( 5.715000000000000746, 0.3750000000000000000, -1.904999999999999583 ) ) ;
#2539 = DIRECTION ( 'NONE',  ( 0.000000000000000000, -0.000000000000000000, -1.000000000000000000 ) ) ;
#2540 = ORIENTED_EDGE ( 'NONE', *, *, #1590, .T. ) ;
#2541 = DIRECTION ( 'NONE',  ( 0.000000000000000000, -1.000000000000000000, 0.000000000000000000 ) ) ;
#2542 = FACE_OUTER_BOUND ( 'NONE', #6329, .T. ) ;
#2543 = SURFACE_SIDE_STYLE ('',( #11006 ) ) ;
#2544 = DIRECTION ( 'NONE',  ( 0.000000000000000000, 0.000000000000000000, -1.000000000000000000 ) ) ;
#2545 = CARTESIAN_POINT ( 'NONE',  ( 1.904999999999999583, 0.6999999999999999556, 1.905000000000000471 ) ) ;
#2546 = ADVANCED_FACE ( 'NONE', ( #3305 ), #9224, .T. ) ;
#2547 = CIRCLE ( 'NONE', #1992, 0.3749999999999998890 ) ;
#2548 = DIRECTION ( 'NONE',  ( 1.000000000000000000, 0.000000000000000000, 0.000000000000000000 ) ) ;
#2549 = CARTESIAN_POINT ( 'NONE',  ( 4.445000000000000284, 0.6999999999999998446, 4.445000000000001172 ) ) ;
#2550 = MANIFOLD_SOLID_BREP ( 'LPattern1[65]', #5157 ) ;
#2551 = VERTEX_POINT ( 'NONE', #827 ) ;
#2552 = ORIENTED_EDGE ( 'NONE', *, *, #1970, .F. ) ;
#2553 = AXIS2_PLACEMENT_3D ( 'NONE', #8872, #1237, #3978 ) ;
#2554 = SURFACE_STYLE_FILL_AREA ( #2429 ) ;
#2555 = VERTEX_POINT ( 'NONE', #5735 ) ;
#2556 = SURFACE_STYLE_FILL_AREA ( #10340 ) ;
#2557 = PLANE ( 'NONE',  #10376 ) ;
#2558 = CARTESIAN_POINT ( 'NONE',  ( -0.6350000000000001199, 0.3750000000000000000, -0.6349999999999992317 ) ) ;
#2559 = DIRECTION ( 'NONE',  ( -1.000000000000000000, 0.000000000000000000, 0.000000000000000000 ) ) ;
#2560 = ADVANCED_FACE ( 'NONE', ( #10196 ), #4951, .T. ) ;
#2561 = CARTESIAN_POINT ( 'NONE',  ( -6.985000000000000320, 0.6999999999999998446, 0.6350000000000001199 ) ) ;
#2562 = PRESENTATION_STYLE_ASSIGNMENT (( #1707 ) ) ;
#2563 = CIRCLE ( 'NONE', #2741, 0.1870828693386972497 ) ;
#2564 = CARTESIAN_POINT ( 'NONE',  ( 6.985000000000000320, 0.3750000000000000000, -6.985000000000000320 ) ) ;
#2565 = ORIENTED_EDGE ( 'NONE', *, *, #4265, .F. ) ;
#2566 = CARTESIAN_POINT ( 'NONE',  ( -0.8220828693386974528, 0.6999999999999998446, -3.174999999999999822 ) ) ;
#2567 = CIRCLE ( 'NONE', #9305, 0.1870828693386972497 ) ;
#2568 = CARTESIAN_POINT ( 'NONE',  ( 0.8220828693386965647, 0.6999999999999998446, 3.175000000000000711 ) ) ;
#2569 = CARTESIAN_POINT ( 'NONE',  ( 6.985000000000000320, 0.3750000000000000000, 6.985000000000001208 ) ) ;
#2570 = FILL_AREA_STYLE_COLOUR ( '', #2150 ) ;
#2571 = AXIS2_PLACEMENT_3D ( 'NONE', #10784, #8280, #6439 ) ;
#2572 = MANIFOLD_SOLID_BREP ( 'LPattern1[34]', #2846 ) ;
#2573 = ORIENTED_EDGE ( 'NONE', *, *, #7523, .T. ) ;
#2574 =( GEOMETRIC_REPRESENTATION_CONTEXT ( 3 ) GLOBAL_UNCERTAINTY_ASSIGNED_CONTEXT ( ( #2059 ) ) GLOBAL_UNIT_ASSIGNED_CONTEXT ( ( #5605, #5390, #2947 ) ) REPRESENTATION_CONTEXT ( 'NONE', 'WORKASPACE' ) );
#2575 = SURFACE_SIDE_STYLE ('',( #705 ) ) ;
#2576 = VERTEX_POINT ( 'NONE', #1043 ) ;
#2577 = ORIENTED_EDGE ( 'NONE', *, *, #10979, .F. ) ;
#2578 = SPHERICAL_SURFACE ( 'NONE', #5177, 0.3750000000000000000 ) ;
#2579 = ORIENTED_EDGE ( 'NONE', *, *, #10621, .F. ) ;
#2580 = SURFACE_SIDE_STYLE ('',( #4201 ) ) ;
#2581 = VERTEX_POINT ( 'NONE', #1552 ) ;
#2582 = DIRECTION ( 'NONE',  ( -0.000000000000000000, 1.000000000000000000, -0.000000000000000000 ) ) ;
#2583 = SURFACE_SIDE_STYLE ('',( #9243 ) ) ;
#2584 = PLANE ( 'NONE',  #8532 ) ;
#2585 = CARTESIAN_POINT ( 'NONE',  ( -1.905000000000000471, 0.6999999999999998446, -1.904999999999999583 ) ) ;
#2586 = MANIFOLD_SOLID_BREP ( 'LPattern1[133]', #9226 ) ;
#2587 = CARTESIAN_POINT ( 'NONE',  ( -0.6350000000000001199, 0.3750000000000000000, -4.444999999999999396 ) ) ;
#2588 = DIRECTION ( 'NONE',  ( 1.000000000000000000, 0.000000000000000000, 0.000000000000000000 ) ) ;
#2589 = EDGE_CURVE ( 'NONE', #8324, #10240, #6867, .T. ) ;
#2590 = EDGE_CURVE ( 'NONE', #1448, #7519, #3286, .T. ) ;
#2591 = EDGE_LOOP ( 'NONE', ( #638, #766 ) ) ;
#2592 = CARTESIAN_POINT ( 'NONE',  ( -1.905000000000000471, 0.3750000000000000000, 4.445000000000001172 ) ) ;
#2593 = PRESENTATION_STYLE_ASSIGNMENT (( #6722 ) ) ;
#2594 = VERTEX_POINT ( 'NONE', #1769 ) ;
#2595 = AXIS2_PLACEMENT_3D ( 'NONE', #8601, #6884, #1107 ) ;
#2596 = SPHERICAL_SURFACE ( 'NONE', #3926, 0.3750000000000000000 ) ;
#2597 = CYLINDRICAL_SURFACE ( 'NONE', #1670, 0.5999999999999998668 ) ;
#2598 = CIRCLE ( 'NONE', #5779, 0.1870828693386972497 ) ;
#2599 = DIRECTION ( 'NONE',  ( 0.000000000000000000, -1.000000000000000000, 0.000000000000000000 ) ) ;
#2600 = AXIS2_PLACEMENT_3D ( 'NONE', #9229, #10871, #1613 ) ;
#2601 =( LENGTH_UNIT ( ) NAMED_UNIT ( * ) SI_UNIT ( .MILLI., .METRE. ) );
#2602 = ADVANCED_FACE ( 'NONE', ( #4512 ), #8585, .F. ) ;
#2603 = MANIFOLD_SOLID_BREP ( 'LPattern1[3]', #6793 ) ;
#2604 = ORIENTED_EDGE ( 'NONE', *, *, #1264, .T. ) ;
#2605 = ADVANCED_FACE ( 'NONE', ( #3060 ), #7361, .T. ) ;
#2606 = SURFACE_SIDE_STYLE ('',( #2554 ) ) ;
#2607 = DIRECTION ( 'NONE',  ( 0.000000000000000000, 0.000000000000000000, 1.000000000000000000 ) ) ;
#2608 = CIRCLE ( 'NONE', #443, 0.3750000000000003331 ) ;
#2609 = PRESENTATION_LAYER_ASSIGNMENT (  '', '', ( #5624 ) ) ;
#2610 = CARTESIAN_POINT ( 'NONE',  ( 5.527917130661303524, 0.6999999999999998446, -6.985000000000000320 ) ) ;
#2611 = CARTESIAN_POINT ( 'NONE',  ( 1.904999999999999583, 0.6999999999999999556, -1.904999999999999583 ) ) ;
#2612 = AXIS2_PLACEMENT_3D ( 'NONE', #7959, #7024, #8582 ) ;
#2613 =( NAMED_UNIT ( * ) SI_UNIT ( $, .STERADIAN. ) SOLID_ANGLE_UNIT ( ) );
#2614 = DIRECTION ( 'NONE',  ( 1.224646799147353207E-16, 0.000000000000000000, -1.000000000000000000 ) ) ;
#2615 = PRESENTATION_LAYER_ASSIGNMENT (  '', '', ( #262 ) ) ;
#2616 = ORIENTED_EDGE ( 'NONE', *, *, #532, .F. ) ;
#2617 = DIRECTION ( 'NONE',  ( 0.000000000000000000, -1.000000000000000000, 0.000000000000000000 ) ) ;
#2618 = AXIS2_PLACEMENT_3D ( 'NONE', #9440, #24, #7022 ) ;
#2619 = ADVANCED_FACE ( 'NONE', ( #4671 ), #1373, .T. ) ;
#2620 = DIRECTION ( 'NONE',  ( 0.000000000000000000, -0.000000000000000000, -1.000000000000000000 ) ) ;
#2621 = CARTESIAN_POINT ( 'NONE',  ( -1.905000000000000471, 0.6999999999999998446, 0.6350000000000001199 ) ) ;
#2622 = SPHERICAL_SURFACE ( 'NONE', #8413, 0.3750000000000000000 ) ;
#2623 = MANIFOLD_SOLID_BREP ( 'LPattern1[128]', #9743 ) ;
#2624 = ORIENTED_EDGE ( 'NONE', *, *, #10361, .T. ) ;
#2625 = CIRCLE ( 'NONE', #9176, 0.1870828693386972497 ) ;
#2626 = STYLED_ITEM ( 'NONE', ( #10584 ), #6881 ) ;
#2627 =( LENGTH_UNIT ( ) NAMED_UNIT ( * ) SI_UNIT ( .MILLI., .METRE. ) );
#2628 = AXIS2_PLACEMENT_3D ( 'NONE', #3822, #1959, #2064 ) ;
#2629 = EDGE_LOOP ( 'NONE', ( #6293, #6828 ) ) ;
#2630 = ORIENTED_EDGE ( 'NONE', *, *, #2406, .F. ) ;
#2631 = FACE_OUTER_BOUND ( 'NONE', #4771, .T. ) ;
#2632 = CIRCLE ( 'NONE', #10273, 0.1870828693386972497 ) ;
#2633 = EDGE_LOOP ( 'NONE', ( #6549, #3640, #8691 ) ) ;
#2634 = CARTESIAN_POINT ( 'NONE',  ( -1.905000000000000471, 0.6999999999999998446, 4.445000000000001172 ) ) ;
#2635 = UNCERTAINTY_MEASURE_WITH_UNIT (LENGTH_MEASURE( 1.000000000000000082E-05 ), #2728, 'distance_accuracy_value', 'NONE');
#2636 = ORIENTED_EDGE ( 'NONE', *, *, #5586, .T. ) ;
#2637 = FACE_OUTER_BOUND ( 'NONE', #5418, .T. ) ;
#2638 = DIRECTION ( 'NONE',  ( 1.000000000000000000, 0.000000000000000000, 0.000000000000000000 ) ) ;
#2639 = DIRECTION ( 'NONE',  ( 0.000000000000000000, 0.000000000000000000, 1.000000000000000000 ) ) ;
#2640 = MANIFOLD_SOLID_BREP ( 'LPattern1[127]', #516 ) ;
#2641 = CARTESIAN_POINT ( 'NONE',  ( -3.175000000000000711, 0.3750000000000000000, 4.445000000000001172 ) ) ;
#2642 = CIRCLE ( 'NONE', #9715, 0.3750000000000003331 ) ;
#2643 = DIRECTION ( 'NONE',  ( 1.224646799147353207E-16, 0.000000000000000000, -1.000000000000000000 ) ) ;
#2644 = DIRECTION ( 'NONE',  ( 0.000000000000000000, -0.000000000000000000, -1.000000000000000000 ) ) ;
#2645 = ORIENTED_EDGE ( 'NONE', *, *, #554, .T. ) ;
#2646 = SPHERICAL_SURFACE ( 'NONE', #7460, 0.3750000000000000000 ) ;
#2647 = EDGE_LOOP ( 'NONE', ( #6658, #4257 ) ) ;
#2648 = DIRECTION ( 'NONE',  ( 0.000000000000000000, -0.000000000000000000, -1.000000000000000000 ) ) ;
#2649 = FACE_OUTER_BOUND ( 'NONE', #10281, .T. ) ;
#2650 = VERTEX_POINT ( 'NONE', #1210 ) ;
#2651 = ADVANCED_FACE ( 'NONE', ( #4613 ), #8017, .T. ) ;
#2652 = PRESENTATION_STYLE_ASSIGNMENT (( #6949 ) ) ;
#2653 = AXIS2_PLACEMENT_3D ( 'NONE', #6715, #723, #10039 ) ;
#2654 = FACE_OUTER_BOUND ( 'NONE', #4945, .T. ) ;
#2655 = DIRECTION ( 'NONE',  ( -0.000000000000000000, 1.000000000000000000, -0.000000000000000000 ) ) ;
#2656 = EDGE_CURVE ( 'NONE', #5662, #598, #5949, .T. ) ;
#2657 = FACE_OUTER_BOUND ( 'NONE', #3480, .T. ) ;
#2658 = MANIFOLD_SOLID_BREP ( 'LPattern1[87]', #8888 ) ;
#2659 = CARTESIAN_POINT ( 'NONE',  ( -0.6350000000000001199, 0.6999999999999998446, -4.444999999999999396 ) ) ;
#2660 = CARTESIAN_POINT ( 'NONE',  ( -6.000000000000005329, 5.070000000000000284, -6.599999999999997868 ) ) ;
#2661 = MECHANICAL_DESIGN_GEOMETRIC_PRESENTATION_REPRESENTATION (  '', ( #7473 ), #8360 ) ;
#2662 = ORIENTED_EDGE ( 'NONE', *, *, #7713, .F. ) ;
#2663 = SURFACE_STYLE_FILL_AREA ( #8730 ) ;
#2664 = DIRECTION ( 'NONE',  ( 0.000000000000000000, -1.000000000000000000, 0.000000000000000000 ) ) ;
#2665 = FILL_AREA_STYLE_COLOUR ( '', #6620 ) ;
#2666 = CARTESIAN_POINT ( 'NONE',  ( -6.985000000000000320, 0.6999999999999998446, -5.714999999999999858 ) ) ;
#2667 = AXIS2_PLACEMENT_3D ( 'NONE', #3389, #59, #4159 ) ;
#2668 = AXIS2_PLACEMENT_3D ( 'NONE', #7623, #1369, #10220 ) ;
#2669 = EDGE_CURVE ( 'NONE', #3853, #9157, #2204, .T. ) ;
#2670 = CARTESIAN_POINT ( 'NONE',  ( -7.500000000000005329, 1.070000000000000284, 7.500000000000001776 ) ) ;
#2671 = DIRECTION ( 'NONE',  ( -1.000000000000000000, 0.000000000000000000, 0.000000000000000000 ) ) ;
#2672 = ORIENTED_EDGE ( 'NONE', *, *, #6336, .T. ) ;
#2673 = CARTESIAN_POINT ( 'NONE',  ( -1.905000000000000471, 0.3750000000000000000, -1.904999999999999583 ) ) ;
#2674 = CARTESIAN_POINT ( 'NONE',  ( -0.8220828693386974528, 0.6999999999999998446, -4.444999999999999396 ) ) ;
#2675 = FILL_AREA_STYLE_COLOUR ( '', #6471 ) ;
#2676 = FILL_AREA_STYLE_COLOUR ( '', #2342 ) ;
#2677 = MANIFOLD_SOLID_BREP ( 'LPattern1[120]', #4630 ) ;
#2678 = CLOSED_SHELL ( 'NONE', ( #3148, #1028, #934 ) ) ;
#2679 = ORIENTED_EDGE ( 'NONE', *, *, #4618, .T. ) ;
#2680 = CIRCLE ( 'NONE', #4985, 0.1870828693386972497 ) ;
#2681 = EDGE_CURVE ( 'NONE', #8928, #9013, #4548, .T. ) ;
#2682 = EDGE_CURVE ( 'NONE', #9913, #3997, #5427, .T. ) ;
#2683 = PLANE ( 'NONE',  #6334 ) ;
#2684 = CLOSED_SHELL ( 'NONE', ( #7444, #1005, #9516 ) ) ;
#2685 = EDGE_LOOP ( 'NONE', ( #3186, #8470, #1625 ) ) ;
#2686 = SURFACE_STYLE_USAGE ( .BOTH. , #4415 ) ;
#2687 = AXIS2_PLACEMENT_3D ( 'NONE', #5711, #9104, #3934 ) ;
#2688 = FACE_OUTER_BOUND ( 'NONE', #9196, .T. ) ;
#2689 = EDGE_LOOP ( 'NONE', ( #7137, #10406, #2293 ) ) ;
#2690 = LINE ( 'NONE', #2799, #6523 ) ;
#2691 = ORIENTED_EDGE ( 'NONE', *, *, #9925, .F. ) ;
#2692 = FACE_OUTER_BOUND ( 'NONE', #6192, .T. ) ;
#2693 = DIRECTION ( 'NONE',  ( 0.000000000000000000, 1.000000000000000000, 0.000000000000000000 ) ) ;
#2694 = CIRCLE ( 'NONE', #8902, 0.1870828693386972497 ) ;
#2695 = DIRECTION ( 'NONE',  ( 0.000000000000000000, -0.000000000000000000, -1.000000000000000000 ) ) ;
#2696 = MECHANICAL_DESIGN_GEOMETRIC_PRESENTATION_REPRESENTATION (  '', ( #10164 ), #8903 ) ;
#2697 = MANIFOLD_SOLID_BREP ( 'LPattern1[81]', #9948 ) ;
#2698 = CIRCLE ( 'NONE', #1968, 0.1870828693386972497 ) ;
#2699 = DIRECTION ( 'NONE',  ( -0.000000000000000000, 1.000000000000000000, -0.000000000000000000 ) ) ;
#2700 = CIRCLE ( 'NONE', #5897, 0.3749999999999998890 ) ;
#2701 = STYLED_ITEM ( 'NONE', ( #8289 ), #6196 ) ;
#2702 = DIRECTION ( 'NONE',  ( 0.000000000000000000, 0.000000000000000000, -1.000000000000000000 ) ) ;
#2703 = ORIENTED_EDGE ( 'NONE', *, *, #4018, .F. ) ;
#2704 = ORIENTED_EDGE ( 'NONE', *, *, #6313, .F. ) ;
#2705 = CARTESIAN_POINT ( 'NONE',  ( -3.175000000000000711, 0.3750000000000000000, 3.175000000000000711 ) ) ;
#2706 = CIRCLE ( 'NONE', #9981, 0.1870828693386972497 ) ;
#2707 = VERTEX_POINT ( 'NONE', #8291 ) ;
#2708 = FACE_OUTER_BOUND ( 'NONE', #10202, .T. ) ;
#2709 =( GEOMETRIC_REPRESENTATION_CONTEXT ( 3 ) GLOBAL_UNCERTAINTY_ASSIGNED_CONTEXT ( ( #2288 ) ) GLOBAL_UNIT_ASSIGNED_CONTEXT ( ( #531, #1501, #8306 ) ) REPRESENTATION_CONTEXT ( 'NONE', 'WORKASPACE' ) );
#2710 = EDGE_LOOP ( 'NONE', ( #92, #9208 ) ) ;
#2711 = DIRECTION ( 'NONE',  ( 0.000000000000000000, 0.000000000000000000, 1.000000000000000000 ) ) ;
#2712 = DIRECTION ( 'NONE',  ( 0.000000000000000000, 0.000000000000000000, -1.000000000000000000 ) ) ;
#2713 = CIRCLE ( 'NONE', #6983, 0.1870828693386972497 ) ;
#2714 = SPHERICAL_SURFACE ( 'NONE', #7699, 0.3750000000000000000 ) ;
#2715 = VECTOR ( 'NONE', #2815, 1000.000000000000000 ) ;
#2716 = COLOUR_RGB ( '',0.7921568627450980005, 0.8196078431372548767, 0.9333333333333333481 ) ;
#2717 = MANIFOLD_SOLID_BREP ( 'LPattern1[97]', #10679 ) ;
#2718 = DIRECTION ( 'NONE',  ( 0.000000000000000000, 0.000000000000000000, 1.000000000000000000 ) ) ;
#2719 =( GEOMETRIC_REPRESENTATION_CONTEXT ( 3 ) GLOBAL_UNCERTAINTY_ASSIGNED_CONTEXT ( ( #9975 ) ) GLOBAL_UNIT_ASSIGNED_CONTEXT ( ( #4033, #2927, #6433 ) ) REPRESENTATION_CONTEXT ( 'NONE', 'WORKASPACE' ) );
#2720 = EDGE_CURVE ( 'NONE', #4290, #9549, #2598, .T. ) ;
#2721 = VERTEX_POINT ( 'NONE', #8523 ) ;
#2722 = DIRECTION ( 'NONE',  ( 0.000000000000000000, 0.000000000000000000, -1.000000000000000000 ) ) ;
#2723 = DIRECTION ( 'NONE',  ( 1.000000000000000000, 0.000000000000000000, 0.000000000000000000 ) ) ;
#2724 = MECHANICAL_DESIGN_GEOMETRIC_PRESENTATION_REPRESENTATION (  '', ( #2160 ), #737 ) ;
#2725 = ADVANCED_FACE ( 'NONE', ( #3457 ), #5947, .F. ) ;
#2726 = FACE_OUTER_BOUND ( 'NONE', #4382, .T. ) ;
#2727 =( NAMED_UNIT ( * ) PLANE_ANGLE_UNIT ( ) SI_UNIT ( $, .RADIAN. ) );
#2728 =( LENGTH_UNIT ( ) NAMED_UNIT ( * ) SI_UNIT ( .MILLI., .METRE. ) );
#2729 = AXIS2_PLACEMENT_3D ( 'NONE', #8715, #2185, #2292 ) ;
#2730 = ORIENTED_EDGE ( 'NONE', *, *, #163, .T. ) ;
#2731 = DIRECTION ( 'NONE',  ( 1.224646799147353207E-16, 0.000000000000000000, -1.000000000000000000 ) ) ;
#2732 = AXIS2_PLACEMENT_3D ( 'NONE', #854, #2477, #4276 ) ;
#2733 = FACE_OUTER_BOUND ( 'NONE', #1525, .T. ) ;
#2734 = ADVANCED_FACE ( 'NONE', ( #1030 ), #7803, .F. ) ;
#2735 = EDGE_CURVE ( 'NONE', #1123, #10626, #5248, .T. ) ;
#2736 = EDGE_CURVE ( 'NONE', #268, #9658, #8815, .T. ) ;
#2737 = SURFACE_STYLE_FILL_AREA ( #8632 ) ;
#2738 = DIRECTION ( 'NONE',  ( 0.000000000000000000, -0.000000000000000000, -1.000000000000000000 ) ) ;
#2739 = MANIFOLD_SOLID_BREP ( 'LPattern1[89]', #2122 ) ;
#2740 = ORIENTED_EDGE ( 'NONE', *, *, #4063, .F. ) ;
#2741 = AXIS2_PLACEMENT_3D ( 'NONE', #10283, #2494, #2607 ) ;
#2742 = STYLED_ITEM ( 'NONE', ( #6646 ), #2532 ) ;
#2743 = ORIENTED_EDGE ( 'NONE', *, *, #7146, .T. ) ;
#2744 = DIRECTION ( 'NONE',  ( 1.224646799147353207E-16, 0.000000000000000000, -1.000000000000000000 ) ) ;
#2745 = ORIENTED_EDGE ( 'NONE', *, *, #5796, .F. ) ;
#2746 = AXIS2_PLACEMENT_3D ( 'NONE', #8405, #3447, #1584 ) ;
#2747 = EDGE_CURVE ( 'NONE', #42, #10438, #5966, .T. ) ;
#2748 = VERTEX_POINT ( 'NONE', #7692 ) ;
#2749 = UNCERTAINTY_MEASURE_WITH_UNIT (LENGTH_MEASURE( 1.000000000000000082E-05 ), #7614, 'distance_accuracy_value', 'NONE');
#2750 = ORIENTED_EDGE ( 'NONE', *, *, #6199, .F. ) ;
#2751 = EDGE_CURVE ( 'NONE', #7435, #3456, #7760, .T. ) ;
#2752 = DIRECTION ( 'NONE',  ( 1.000000000000000000, 0.000000000000000000, 0.000000000000000000 ) ) ;
#2753 = SPHERICAL_SURFACE ( 'NONE', #9395, 0.3750000000000000000 ) ;
#2754 = STYLED_ITEM ( 'NONE', ( #10961 ), #2658 ) ;
#2755 = AXIS2_PLACEMENT_3D ( 'NONE', #9568, #9626, #6038 ) ;
#2756 = MANIFOLD_SOLID_BREP ( 'LPattern1[103]', #10505 ) ;
#2757 = FACE_OUTER_BOUND ( 'NONE', #4667, .T. ) ;
#2758 = SURFACE_STYLE_FILL_AREA ( #7095 ) ;
#2759 = AXIS2_PLACEMENT_3D ( 'NONE', #4486, #4381, #7102 ) ;
#2760 = DIRECTION ( 'NONE',  ( 0.000000000000000000, 0.000000000000000000, -1.000000000000000000 ) ) ;
#2761 = EDGE_CURVE ( 'NONE', #5914, #9589, #1510, .T. ) ;
#2762 = EDGE_LOOP ( 'NONE', ( #5600, #6137 ) ) ;
#2763 = DIRECTION ( 'NONE',  ( 0.000000000000000000, 0.000000000000000000, 1.000000000000000000 ) ) ;
#2764 = ADVANCED_FACE ( 'NONE', ( #1138 ), #6438, .F. ) ;
#2765 = ORIENTED_EDGE ( 'NONE', *, *, #8002, .F. ) ;
#2766 = PLANE ( 'NONE',  #4132 ) ;
#2767 = SPHERICAL_SURFACE ( 'NONE', #9631, 0.3750000000000000000 ) ;
#2768 = ORIENTED_EDGE ( 'NONE', *, *, #10370, .F. ) ;
#2769 = SURFACE_STYLE_USAGE ( .BOTH. , #7218 ) ;
#2770 = CARTESIAN_POINT ( 'NONE',  ( -3.175000000000000711, 0.3750000000000000000, -4.444999999999999396 ) ) ;
#2771 = FACE_OUTER_BOUND ( 'NONE', #3707, .T. ) ;
#2772 = DIRECTION ( 'NONE',  ( -0.000000000000000000, 1.000000000000000000, -0.000000000000000000 ) ) ;
#2773 = MANIFOLD_SOLID_BREP ( 'LPattern1[94]', #7485 ) ;
#2774 = CARTESIAN_POINT ( 'NONE',  ( -4.257917130661303950, 0.6999999999999998446, 3.175000000000000711 ) ) ;
#2775 = FILL_AREA_STYLE_COLOUR ( '', #10542 ) ;
#2776 = DIRECTION ( 'NONE',  ( 0.000000000000000000, 0.000000000000000000, 1.000000000000000000 ) ) ;
#2777 = AXIS2_PLACEMENT_3D ( 'NONE', #3397, #9330, #7013 ) ;
#2778 = DIRECTION ( 'NONE',  ( 1.000000000000000000, 0.000000000000000000, 0.000000000000000000 ) ) ;
#2779 = DIRECTION ( 'NONE',  ( 0.000000000000000000, -0.000000000000000000, -1.000000000000000000 ) ) ;
#2780 = CIRCLE ( 'NONE', #797, 0.1870828693386972497 ) ;
#2781 = FILL_AREA_STYLE_COLOUR ( '', #295 ) ;
#2782 = SURFACE_STYLE_USAGE ( .BOTH. , #7856 ) ;
#2783 = ORIENTED_EDGE ( 'NONE', *, *, #4713, .F. ) ;
#2784 = CARTESIAN_POINT ( 'NONE',  ( 4.445000000000000284, 0.3750000000000000000, 0.6350000000000001199 ) ) ;
#2785 = CIRCLE ( 'NONE', #5799, 0.1870828693386972497 ) ;
#2786 = PLANE ( 'NONE',  #8783 ) ;
#2787 = AXIS2_PLACEMENT_3D ( 'NONE', #7322, #9843, #540 ) ;
#2788 = DIRECTION ( 'NONE',  ( 0.000000000000000000, -1.000000000000000000, 0.000000000000000000 ) ) ;
#2789 = MANIFOLD_SOLID_BREP ( 'LPattern1[124]', #6207 ) ;
#2790 = ORIENTED_EDGE ( 'NONE', *, *, #6002, .F. ) ;
#2791 = CIRCLE ( 'NONE', #1710, 0.3750000000000000000 ) ;
#2793 = ADVANCED_FACE ( 'NONE', ( #9744 ), #6208, .F. ) ;
#2792 = AXIS2_PLACEMENT_3D ( 'NONE', #3793, #6284, #8901 ) ;
#2794 = VERTEX_POINT ( 'NONE', #1415 ) ;
#2795 = FILL_AREA_STYLE ('',( #7080 ) ) ;
#2796 = CARTESIAN_POINT ( 'NONE',  ( -1.905000000000000471, 0.000000000000000000, -5.714999999999999858 ) ) ;
#2797 = AXIS2_PLACEMENT_3D ( 'NONE', #6331, #3117, #7238 ) ;
#2798 = ORIENTED_EDGE ( 'NONE', *, *, #2115, .T. ) ;
#2799 = CARTESIAN_POINT ( 'NONE',  ( -7.500000000000005329, 0.7000000000000000666, -7.499999999999998224 ) ) ;
#2800 = SPHERICAL_SURFACE ( 'NONE', #8598, 0.3750000000000000000 ) ;
#2801 = ORIENTED_EDGE ( 'NONE', *, *, #8111, .T. ) ;
#2802 = DIRECTION ( 'NONE',  ( -0.000000000000000000, 1.000000000000000000, -0.000000000000000000 ) ) ;
#2803 = PLANE ( 'NONE',  #4676 ) ;
#2804 = DIRECTION ( 'NONE',  ( 0.000000000000000000, 0.000000000000000000, 1.000000000000000000 ) ) ;
#2805 = MANIFOLD_SOLID_BREP ( 'LPattern1[17]', #10858 ) ;
#2806 = CARTESIAN_POINT ( 'NONE',  ( 5.902082869338697968, 0.6999999999999998446, -1.904999999999999583 ) ) ;
#2807 = ADVANCED_FACE ( 'NONE', ( #10895 ), #3990, .T. ) ;
#2808 = ADVANCED_FACE ( 'NONE', ( #9994 ), #8337, .F. ) ;
#2809 = COLOUR_RGB ( '',0.7921568627450980005, 0.8196078431372548767, 0.9333333333333333481 ) ;
#2810 = CARTESIAN_POINT ( 'NONE',  ( 0.4479171306613019543, 0.6999999999999998446, -1.904999999999999583 ) ) ;
#2811 = VERTEX_POINT ( 'NONE', #5816 ) ;
#2812 = SPHERICAL_SURFACE ( 'NONE', #781, 0.3750000000000000000 ) ;
#2813 = ORIENTED_EDGE ( 'NONE', *, *, #6133, .T. ) ;
#2814 = PRESENTATION_LAYER_ASSIGNMENT (  '', '', ( #7632 ) ) ;
#2815 = DIRECTION ( 'NONE',  ( 0.000000000000000000, 0.000000000000000000, -1.000000000000000000 ) ) ;
#2816 = DIRECTION ( 'NONE',  ( 1.000000000000000000, 0.000000000000000000, 0.000000000000000000 ) ) ;
#2817 = EDGE_LOOP ( 'NONE', ( #3517, #4038, #1828 ) ) ;
#2818 = CARTESIAN_POINT ( 'NONE',  ( -1.905000000000000471, 0.6999999999999998446, 1.905000000000000471 ) ) ;
#2819 = AXIS2_PLACEMENT_3D ( 'NONE', #9527, #973, #2014 ) ;
#2820 = CARTESIAN_POINT ( 'NONE',  ( -3.175000000000000711, 0.3750000000000000000, 6.985000000000001208 ) ) ;
#2821 = FILL_AREA_STYLE ('',( #1023 ) ) ;
#2822 = MECHANICAL_DESIGN_GEOMETRIC_PRESENTATION_REPRESENTATION (  '', ( #5656 ), #10646 ) ;
#2823 = MANIFOLD_SOLID_BREP ( 'LPattern1[119]', #2496 ) ;
#2824 = DIRECTION ( 'NONE',  ( 1.224646799147353207E-16, 0.000000000000000000, -1.000000000000000000 ) ) ;
#2825 = FILL_AREA_STYLE ('',( #1137 ) ) ;
#2826 = AXIS2_PLACEMENT_3D ( 'NONE', #10727, #7446, #1468 ) ;
#2827 = DIRECTION ( 'NONE',  ( 0.000000000000000000, 0.000000000000000000, 1.000000000000000000 ) ) ;
#2828 = FILL_AREA_STYLE_COLOUR ( '', #4099 ) ;
#2829 = AXIS2_PLACEMENT_3D ( 'NONE', #7433, #7262, #3970 ) ;
#2830 = CARTESIAN_POINT ( 'NONE',  ( 0.6349999999999992317, 0.3750000000000000000, -5.714999999999999858 ) ) ;
#2831 = AXIS2_PLACEMENT_3D ( 'NONE', #2830, #2884, #9640 ) ;
#2832 = SPHERICAL_SURFACE ( 'NONE', #10467, 0.3750000000000000000 ) ;
#2833 = CARTESIAN_POINT ( 'NONE',  ( 4.445000000000000284, 0.3750000000000000000, 1.905000000000000471 ) ) ;
#2834 = ORIENTED_EDGE ( 'NONE', *, *, #8526, .F. ) ;
#2835 = ORIENTED_EDGE ( 'NONE', *, *, #1893, .T. ) ;
#2836 = CARTESIAN_POINT ( 'NONE',  ( -6.000000000000005329, 5.070000000000000284, -5.999999999999998224 ) ) ;
#2837 = FACE_OUTER_BOUND ( 'NONE', #4474, .T. ) ;
#2838 = SURFACE_STYLE_USAGE ( .BOTH. , #464 ) ;
#2839 = MANIFOLD_SOLID_BREP ( 'LPattern1[106]', #6960 ) ;
#2840 = AXIS2_PLACEMENT_3D ( 'NONE', #6351, #5566, #3296 ) ;
#2841 = CLOSED_SHELL ( 'NONE', ( #4193, #734, #1136 ) ) ;
#2842 = DIRECTION ( 'NONE',  ( 0.000000000000000000, 0.000000000000000000, -1.000000000000000000 ) ) ;
#2843 =( NAMED_UNIT ( * ) PLANE_ANGLE_UNIT ( ) SI_UNIT ( $, .RADIAN. ) );
#2844 = CIRCLE ( 'NONE', #4791, 0.3750000000000000000 ) ;
#2845 = VERTEX_POINT ( 'NONE', #6552 ) ;
#2846 = CLOSED_SHELL ( 'NONE', ( #9718, #4867, #3072 ) ) ;
#2847 = DIRECTION ( 'NONE',  ( -0.000000000000000000, 1.000000000000000000, -0.000000000000000000 ) ) ;
#2848 = ORIENTED_EDGE ( 'NONE', *, *, #818, .F. ) ;
#2849 = DIRECTION ( 'NONE',  ( 0.000000000000000000, -1.000000000000000000, 0.000000000000000000 ) ) ;
#2850 = UNCERTAINTY_MEASURE_WITH_UNIT (LENGTH_MEASURE( 1.000000000000000082E-05 ), #8227, 'distance_accuracy_value', 'NONE');
#2851 = VERTEX_POINT ( 'NONE', #6298 ) ;
#2852 = EDGE_CURVE ( 'NONE', #2517, #8716, #4213, .T. ) ;
#2853 = DIRECTION ( 'NONE',  ( 1.000000000000000000, 0.000000000000000000, 0.000000000000000000 ) ) ;
#2854 =( LENGTH_UNIT ( ) NAMED_UNIT ( * ) SI_UNIT ( .MILLI., .METRE. ) );
#2855 = MANIFOLD_SOLID_BREP ( 'LPattern1[29]', #8195 ) ;
#2856 = EDGE_CURVE ( 'NONE', #9954, #2208, #10187, .T. ) ;
#2857 = CLOSED_SHELL ( 'NONE', ( #4559, #8194, #8069 ) ) ;
#2858 = CARTESIAN_POINT ( 'NONE',  ( 6.985000000000000320, 0.6999999999999998446, 4.445000000000001172 ) ) ;
#2859 =( LENGTH_UNIT ( ) NAMED_UNIT ( * ) SI_UNIT ( .MILLI., .METRE. ) );
#2860 = CARTESIAN_POINT ( 'NONE',  ( 6.985000000000000320, 0.6999999999999998446, 3.175000000000000711 ) ) ;
#2861 = ORIENTED_EDGE ( 'NONE', *, *, #7210, .T. ) ;
#2862 = DIRECTION ( 'NONE',  ( 0.000000000000000000, 0.000000000000000000, -1.000000000000000000 ) ) ;
#2863 = CIRCLE ( 'NONE', #5881, 0.1870828693386972497 ) ;
#2864 = ORIENTED_EDGE ( 'NONE', *, *, #7804, .F. ) ;
#2865 = EDGE_CURVE ( 'NONE', #830, #3887, #9796, .T. ) ;
#2866 = CARTESIAN_POINT ( 'NONE',  ( 6.985000000000000320, 0.000000000000000000, -6.985000000000000320 ) ) ;
#2867 = FACE_OUTER_BOUND ( 'NONE', #4278, .T. ) ;
#2868 = ORIENTED_EDGE ( 'NONE', *, *, #10264, .T. ) ;
#2869 = AXIS2_PLACEMENT_3D ( 'NONE', #2497, #9280, #984 ) ;
#2870 = CARTESIAN_POINT ( 'NONE',  ( 4.445000000000000284, 0.3750000000000000000, 0.6350000000000001199 ) ) ;
#2871 = CARTESIAN_POINT ( 'NONE',  ( -2.092082869338697915, 0.6999999999999998446, -0.6349999999999992317 ) ) ;
#2872 = AXIS2_PLACEMENT_3D ( 'NONE', #5535, #8940, #4655 ) ;
#2873 = STYLED_ITEM ( 'NONE', ( #4773 ), #6172 ) ;
#2874 = STYLED_ITEM ( 'NONE', ( #9383 ), #9844 ) ;
#2875 = MANIFOLD_SOLID_BREP ( 'LPattern1[110]', #10315 ) ;
#2876 = AXIS2_PLACEMENT_3D ( 'NONE', #1808, #8721, #2015 ) ;
#2877 = CARTESIAN_POINT ( 'NONE',  ( 1.904999999999999583, 0.6999999999999998446, -1.904999999999999583 ) ) ;
#2878 = ADVANCED_FACE ( 'NONE', ( #1174 ), #9379, .T. ) ;
#2879 = DIRECTION ( 'NONE',  ( 0.000000000000000000, 0.000000000000000000, -1.000000000000000000 ) ) ;
#2880 = SURFACE_SIDE_STYLE ('',( #7227 ) ) ;
#2881 = CARTESIAN_POINT ( 'NONE',  ( 0.000000000000000000, 1.070000000000000284, 0.000000000000000000 ) ) ;
#2882 = CIRCLE ( 'NONE', #9095, 0.3749999999999998890 ) ;
#2883 = DIRECTION ( 'NONE',  ( 0.000000000000000000, 0.000000000000000000, -1.000000000000000000 ) ) ;
#2884 = DIRECTION ( 'NONE',  ( 1.224646799147353207E-16, 0.000000000000000000, -1.000000000000000000 ) ) ;
#2885 = AXIS2_PLACEMENT_3D ( 'NONE', #10374, #1008, #9513 ) ;
#2886 = CARTESIAN_POINT ( 'NONE',  ( 0.6349999999999992317, 0.6999999999999998446, -4.444999999999999396 ) ) ;
#2887 = MECHANICAL_DESIGN_GEOMETRIC_PRESENTATION_REPRESENTATION (  '', ( #10180 ), #3065 ) ;
#2888 =( NAMED_UNIT ( * ) PLANE_ANGLE_UNIT ( ) SI_UNIT ( $, .RADIAN. ) );
#2889 = SURFACE_STYLE_FILL_AREA ( #10517 ) ;
#2890 = ORIENTED_EDGE ( 'NONE', *, *, #7787, .F. ) ;
#2891 = ORIENTED_EDGE ( 'NONE', *, *, #2097, .F. ) ;
#2892 = DIRECTION ( 'NONE',  ( 1.000000000000000000, 0.000000000000000000, 0.000000000000000000 ) ) ;
#2893 = DIRECTION ( 'NONE',  ( 1.000000000000000000, 0.000000000000000000, 0.000000000000000000 ) ) ;
#2894 = ADVANCED_FACE ( 'NONE', ( #5064 ), #11013, .T. ) ;
#2895 = FILL_AREA_STYLE ('',( #3734 ) ) ;
#2896 = MANIFOLD_SOLID_BREP ( 'LPattern1[39]', #3026 ) ;
#2897 = EDGE_CURVE ( 'NONE', #9013, #8928, #7882, .T. ) ;
#2898 = DIRECTION ( 'NONE',  ( 0.000000000000000000, 0.000000000000000000, 1.000000000000000000 ) ) ;
#2899 =( GEOMETRIC_REPRESENTATION_CONTEXT ( 3 ) GLOBAL_UNCERTAINTY_ASSIGNED_CONTEXT ( ( #384 ) ) GLOBAL_UNIT_ASSIGNED_CONTEXT ( ( #3642, #9662, #3744 ) ) REPRESENTATION_CONTEXT ( 'NONE', 'WORKASPACE' ) );
#2900 = ORIENTED_EDGE ( 'NONE', *, *, #2314, .F. ) ;
#2901 = VERTEX_POINT ( 'NONE', #10118 ) ;
#2902 = CARTESIAN_POINT ( 'NONE',  ( -3.175000000000000711, 0.6999999999999999556, -6.985000000000000320 ) ) ;
#2903 = ORIENTED_EDGE ( 'NONE', *, *, #1646, .F. ) ;
#2904 = DIRECTION ( 'NONE',  ( 0.000000000000000000, 0.000000000000000000, 1.000000000000000000 ) ) ;
#2905 = AXIS2_PLACEMENT_3D ( 'NONE', #3319, #8448, #2466 ) ;
#2906 = EDGE_LOOP ( 'NONE', ( #7577, #4509 ) ) ;
#2907 = DIRECTION ( 'NONE',  ( 1.000000000000000000, 0.000000000000000000, 0.000000000000000000 ) ) ;
#2908 = SURFACE_STYLE_USAGE ( .BOTH. , #2962 ) ;
#2909 = SURFACE_SIDE_STYLE ('',( #9780 ) ) ;
#2910 = MANIFOLD_SOLID_BREP ( 'LPattern1[66]', #9573 ) ;
#2911 = EDGE_CURVE ( 'NONE', #9119, #3582, #10901, .T. ) ;
#2912 = CARTESIAN_POINT ( 'NONE',  ( 3.174999999999999822, 0.6999999999999999556, -6.985000000000000320 ) ) ;
#2913 = DIRECTION ( 'NONE',  ( 0.000000000000000000, -0.000000000000000000, -1.000000000000000000 ) ) ;
#2914 = SURFACE_SIDE_STYLE ('',( #9669 ) ) ;
#2915 = DIRECTION ( 'NONE',  ( -0.000000000000000000, 1.000000000000000000, -0.000000000000000000 ) ) ;
#2916 =( NAMED_UNIT ( * ) SI_UNIT ( $, .STERADIAN. ) SOLID_ANGLE_UNIT ( ) );
#2917 = EDGE_LOOP ( 'NONE', ( #8752, #1602, #1879 ) ) ;
#2918 = CARTESIAN_POINT ( 'NONE',  ( -0.8220828693386974528, 0.6999999999999998446, 4.445000000000001172 ) ) ;
#2919 = DIRECTION ( 'NONE',  ( 0.000000000000000000, 1.000000000000000000, 0.000000000000000000 ) ) ;
#2920 = AXIS2_PLACEMENT_3D ( 'NONE', #6494, #7682, #7573 ) ;
#2921 = VERTEX_POINT ( 'NONE', #6629 ) ;
#2922 = DIRECTION ( 'NONE',  ( 0.000000000000000000, 0.000000000000000000, 1.000000000000000000 ) ) ;
#2923 = FACE_OUTER_BOUND ( 'NONE', #5845, .T. ) ;
#2924 = SPHERICAL_SURFACE ( 'NONE', #6737, 0.3750000000000000000 ) ;
#2925 = ADVANCED_FACE ( 'NONE', ( #7579 ), #9156, .T. ) ;
#2926 = FACE_OUTER_BOUND ( 'NONE', #8362, .T. ) ;
#2927 =( NAMED_UNIT ( * ) PLANE_ANGLE_UNIT ( ) SI_UNIT ( $, .RADIAN. ) );
#2928 = EDGE_CURVE ( 'NONE', #4608, #5685, #5908, .T. ) ;
#2929 = MANIFOLD_SOLID_BREP ( 'LPattern1[30]', #6587 ) ;
#2930 = CARTESIAN_POINT ( 'NONE',  ( 4.445000000000000284, 0.000000000000000000, 0.6350000000000001199 ) ) ;
#2931 =( LENGTH_UNIT ( ) NAMED_UNIT ( * ) SI_UNIT ( .MILLI., .METRE. ) );
#2932 =( LENGTH_UNIT ( ) NAMED_UNIT ( * ) SI_UNIT ( .MILLI., .METRE. ) );
#2933 = DIRECTION ( 'NONE',  ( 1.224646799147353207E-16, 0.000000000000000000, -1.000000000000000000 ) ) ;
#2934 =( NAMED_UNIT ( * ) PLANE_ANGLE_UNIT ( ) SI_UNIT ( $, .RADIAN. ) );
#2935 = DIRECTION ( 'NONE',  ( 0.000000000000000000, 0.000000000000000000, -1.000000000000000000 ) ) ;
#2936 = PLANE ( 'NONE',  #1075 ) ;
#2937 = EDGE_CURVE ( 'NONE', #7681, #5904, #3270, .T. ) ;
#2938 = ADVANCED_FACE ( 'NONE', ( #2019 ), #4500, .T. ) ;
#2939 = SPHERICAL_SURFACE ( 'NONE', #6362, 0.3750000000000000000 ) ;
#2940 = FACE_OUTER_BOUND ( 'NONE', #1900, .T. ) ;
#2941 = VERTEX_POINT ( 'NONE', #2660 ) ;
#2942 = VERTEX_POINT ( 'NONE', #3666 ) ;
#2943 = DIRECTION ( 'NONE',  ( 0.000000000000000000, 0.000000000000000000, 1.000000000000000000 ) ) ;
#2944 = AXIS2_PLACEMENT_3D ( 'NONE', #980, #6317, #7950 ) ;
#2945 = ORIENTED_EDGE ( 'NONE', *, *, #2735, .F. ) ;
#2946 = SPHERICAL_SURFACE ( 'NONE', #680, 0.3750000000000000000 ) ;
#2947 =( NAMED_UNIT ( * ) SI_UNIT ( $, .STERADIAN. ) SOLID_ANGLE_UNIT ( ) );
#2948 = MANIFOLD_SOLID_BREP ( 'LPattern1[135]', #3226 ) ;
#2949 = AXIS2_PLACEMENT_3D ( 'NONE', #8082, #9409, #301 ) ;
#2950 = CARTESIAN_POINT ( 'NONE',  ( -5.715000000000000746, 0.3750000000000000000, 4.445000000000001172 ) ) ;
#2951 = MECHANICAL_DESIGN_GEOMETRIC_PRESENTATION_REPRESENTATION (  '', ( #4905 ), #3957 ) ;
#2952 = ADVANCED_FACE ( 'NONE', ( #6102 ), #8624, .F. ) ;
#2953 = ORIENTED_EDGE ( 'NONE', *, *, #7576, .F. ) ;
#2954 = CARTESIAN_POINT ( 'NONE',  ( 2.092082869338697027, 0.6999999999999998446, -6.985000000000000320 ) ) ;
#2955 = ORIENTED_EDGE ( 'NONE', *, *, #319, .F. ) ;
#2956 = DIRECTION ( 'NONE',  ( 0.000000000000000000, -1.000000000000000000, 0.000000000000000000 ) ) ;
#2957 = ORIENTED_EDGE ( 'NONE', *, *, #7832, .T. ) ;
#2958 = SURFACE_STYLE_FILL_AREA ( #2164 ) ;
#2959 = FILL_AREA_STYLE_COLOUR ( '', #5727 ) ;
#2960 = ORIENTED_EDGE ( 'NONE', *, *, #6602, .F. ) ;
#2961 = PLANE ( 'NONE',  #5849 ) ;
#2962 = SURFACE_SIDE_STYLE ('',( #4582 ) ) ;
#2963 = CIRCLE ( 'NONE', #825, 0.3750000000000003331 ) ;
#2964 = SPHERICAL_SURFACE ( 'NONE', #5355, 0.3750000000000000000 ) ;
#2965 = MANIFOLD_SOLID_BREP ( 'LPattern1[113]', #9068 ) ;
#2966 = CARTESIAN_POINT ( 'NONE',  ( -4.257917130661303950, 0.6999999999999998446, -3.174999999999999822 ) ) ;
#2967 = SPHERICAL_SURFACE ( 'NONE', #10780, 0.3750000000000000000 ) ;
#2968 = PRESENTATION_STYLE_ASSIGNMENT (( #3195 ) ) ;
#2969 =( NAMED_UNIT ( * ) SI_UNIT ( $, .STERADIAN. ) SOLID_ANGLE_UNIT ( ) );
#2970 = SPHERICAL_SURFACE ( 'NONE', #3425, 0.3750000000000000000 ) ;
#2971 = COLOUR_RGB ( '',0.7921568627450980005, 0.8196078431372548767, 0.9333333333333333481 ) ;
#2972 = ORIENTED_EDGE ( 'NONE', *, *, #7075, .F. ) ;
#2973 = UNCERTAINTY_MEASURE_WITH_UNIT (LENGTH_MEASURE( 1.000000000000000082E-05 ), #1249, 'distance_accuracy_value', 'NONE');
#2974 = ORIENTED_EDGE ( 'NONE', *, *, #10965, .F. ) ;
#2975 = DIRECTION ( 'NONE',  ( 0.000000000000000000, -1.000000000000000000, 0.000000000000000000 ) ) ;
#2976 = DIRECTION ( 'NONE',  ( 0.000000000000000000, -0.000000000000000000, -1.000000000000000000 ) ) ;
#2977 = ORIENTED_EDGE ( 'NONE', *, *, #10176, .F. ) ;
#2978 = AXIS2_PLACEMENT_3D ( 'NONE', #3206, #6599, #1570 ) ;
#2979 = PLANE ( 'NONE',  #4259 ) ;
#2980 = CARTESIAN_POINT ( 'NONE',  ( -6.985000000000000320, 0.6999999999999998446, 4.445000000000001172 ) ) ;
#2981 = DIRECTION ( 'NONE',  ( 0.000000000000000000, 0.000000000000000000, -1.000000000000000000 ) ) ;
#2982 =( LENGTH_UNIT ( ) NAMED_UNIT ( * ) SI_UNIT ( .MILLI., .METRE. ) );
#2983 = MANIFOLD_SOLID_BREP ( 'LPattern1[99]', #8372 ) ;
#2984 = CARTESIAN_POINT ( 'NONE',  ( -6.985000000000000320, 0.3750000000000000000, -0.6349999999999992317 ) ) ;
#2985 = ADVANCED_FACE ( 'NONE', ( #8003 ), #2248, .T. ) ;
#2986 = AXIS2_PLACEMENT_3D ( 'NONE', #7616, #9142, #9309 ) ;
#2987 = PRESENTATION_STYLE_ASSIGNMENT (( #281 ) ) ;
#2988 = DIRECTION ( 'NONE',  ( 1.000000000000000000, 0.000000000000000000, 0.000000000000000000 ) ) ;
#2989 = EDGE_CURVE ( 'NONE', #6754, #3673, #6272, .T. ) ;
#2990 = DIRECTION ( 'NONE',  ( 1.000000000000000000, 0.000000000000000000, 0.000000000000000000 ) ) ;
#2991 = CARTESIAN_POINT ( 'NONE',  ( -6.985000000000000320, 0.3750000000000000000, 4.445000000000001172 ) ) ;
#2992 =( GEOMETRIC_REPRESENTATION_CONTEXT ( 3 ) GLOBAL_UNCERTAINTY_ASSIGNED_CONTEXT ( ( #1610 ) ) GLOBAL_UNIT_ASSIGNED_CONTEXT ( ( #5487, #2888, #9646 ) ) REPRESENTATION_CONTEXT ( 'NONE', 'WORKASPACE' ) );
#2993 =( NAMED_UNIT ( * ) PLANE_ANGLE_UNIT ( ) SI_UNIT ( $, .RADIAN. ) );
#2994 = EDGE_LOOP ( 'NONE', ( #7236, #1414, #3836 ) ) ;
#2995 = ORIENTED_EDGE ( 'NONE', *, *, #6850, .F. ) ;
#2996 = PLANE ( 'NONE',  #4452 ) ;
#2997 = DIRECTION ( 'NONE',  ( 1.224646799147353207E-16, 0.000000000000000000, -1.000000000000000000 ) ) ;
#2998 = CIRCLE ( 'NONE', #2829, 0.1870828693386972497 ) ;
#2999 = CARTESIAN_POINT ( 'NONE',  ( 1.904999999999999583, 0.3750000000000000000, 4.445000000000001172 ) ) ;
#3000 = CARTESIAN_POINT ( 'NONE',  ( -3.175000000000000711, 0.3750000000000000000, 1.905000000000000471 ) ) ;
#3001 = MANIFOLD_SOLID_BREP ( 'LPattern1[51]', #9410 ) ;
#3002 = ADVANCED_FACE ( 'NONE', ( #340 ), #1306, .F. ) ;
#3003 = EDGE_CURVE ( 'NONE', #9157, #3939, #3277, .T. ) ;
#3004 = PRESENTATION_LAYER_ASSIGNMENT (  '', '', ( #1573 ) ) ;
#3005 = DIRECTION ( 'NONE',  ( -0.000000000000000000, 1.000000000000000000, -0.000000000000000000 ) ) ;
#3006 =( LENGTH_UNIT ( ) NAMED_UNIT ( * ) SI_UNIT ( .MILLI., .METRE. ) );
#3007 = MECHANICAL_DESIGN_GEOMETRIC_PRESENTATION_REPRESENTATION (  '', ( #7998 ), #2285 ) ;
#3008 = CARTESIAN_POINT ( 'NONE',  ( 6.985000000000000320, 0.3750000000000000000, 5.715000000000001634 ) ) ;
#3009 = ORIENTED_EDGE ( 'NONE', *, *, #6711, .F. ) ;
#3010 = CARTESIAN_POINT ( 'NONE',  ( -5.715000000000000746, 0.3750000000000000000, -0.6349999999999992317 ) ) ;
#3011 = AXIS2_PLACEMENT_3D ( 'NONE', #7182, #1196, #2778 ) ;
#3012 = ORIENTED_EDGE ( 'NONE', *, *, #191, .T. ) ;
#3013 = DIRECTION ( 'NONE',  ( 0.000000000000000000, 0.000000000000000000, 1.000000000000000000 ) ) ;
#3014 = PRESENTATION_STYLE_ASSIGNMENT (( #10643 ) ) ;
#3015 = ORIENTED_EDGE ( 'NONE', *, *, #6749, .T. ) ;
#3016 = EDGE_CURVE ( 'NONE', #1626, #8546, #2547, .T. ) ;
#3017 = CIRCLE ( 'NONE', #9215, 0.3749999999999998890 ) ;
#3018 = ADVANCED_FACE ( 'NONE', ( #5479 ), #3876, .F. ) ;
#3019 = DIRECTION ( 'NONE',  ( 0.000000000000000000, -0.000000000000000000, -1.000000000000000000 ) ) ;
#3020 = ADVANCED_FACE ( 'NONE', ( #1580 ), #3382, .T. ) ;
#3021 = ADVANCED_FACE ( 'NONE', ( #1642 ), #3444, .T. ) ;
#3022 = CARTESIAN_POINT ( 'NONE',  ( 7.172082869338698430, 0.6999999999999998446, -5.714999999999999858 ) ) ;
#3023 = MANIFOLD_SOLID_BREP ( 'LPattern1[84]', #2684 ) ;
#3024 = AXIS2_PLACEMENT_3D ( 'NONE', #7630, #2544, #5105 ) ;
#3025 = CIRCLE ( 'NONE', #1049, 0.3750000000000003331 ) ;
#3026 = CLOSED_SHELL ( 'NONE', ( #2175, #3297, #3365 ) ) ;
#3027 = SPHERICAL_SURFACE ( 'NONE', #304, 0.3750000000000000000 ) ;
#3028 = FILL_AREA_STYLE ('',( #1284 ) ) ;
#3029 = CARTESIAN_POINT ( 'NONE',  ( -2.092082869338697915, 0.6999999999999998446, 4.445000000000001172 ) ) ;
#3030 = ORIENTED_EDGE ( 'NONE', *, *, #6834, .F. ) ;
#3031 = CARTESIAN_POINT ( 'NONE',  ( -5.715000000000000746, 0.6999999999999998446, -0.6349999999999992317 ) ) ;
#3032 = VERTEX_POINT ( 'NONE', #5979 ) ;
#3033 = FACE_OUTER_BOUND ( 'NONE', #4696, .T. ) ;
#3034 = EDGE_CURVE ( 'NONE', #10576, #9508, #7362, .T. ) ;
#3035 = PLANE ( 'NONE',  #6275 ) ;
#3036 = ORIENTED_EDGE ( 'NONE', *, *, #10053, .T. ) ;
#3037 = CLOSED_SHELL ( 'NONE', ( #10086, #4987, #8038 ) ) ;
#3038 = DIRECTION ( 'NONE',  ( -1.000000000000000000, 0.000000000000000000, 0.000000000000000000 ) ) ;
#3039 = FACE_OUTER_BOUND ( 'NONE', #6781, .T. ) ;
#3040 = DIRECTION ( 'NONE',  ( 1.000000000000000000, 0.000000000000000000, 0.000000000000000000 ) ) ;
#3041 = PRESENTATION_LAYER_ASSIGNMENT (  '', '', ( #8191 ) ) ;
#3042 = DIRECTION ( 'NONE',  ( 1.224646799147353207E-16, 0.000000000000000000, -1.000000000000000000 ) ) ;
#3043 = MANIFOLD_SOLID_BREP ( 'LPattern1[12]', #2678 ) ;
#3044 = CIRCLE ( 'NONE', #4465, 0.1870828693386972497 ) ;
#3045 = DIRECTION ( 'NONE',  ( 0.000000000000000000, 0.000000000000000000, 1.000000000000000000 ) ) ;
#3046 = AXIS2_PLACEMENT_3D ( 'NONE', #8562, #10949, #3330 ) ;
#3047 = CIRCLE ( 'NONE', #9249, 0.3750000000000003331 ) ;
#3048 = CARTESIAN_POINT ( 'NONE',  ( -5.902082869338697968, 0.6999999999999998446, 3.175000000000000711 ) ) ;
#3049 = SURFACE_STYLE_USAGE ( .BOTH. , #5428 ) ;
#3050 = AXIS2_PLACEMENT_3D ( 'NONE', #10945, #5869, #4532 ) ;
#3051 = DIRECTION ( 'NONE',  ( 1.000000000000000000, 0.000000000000000000, 0.000000000000000000 ) ) ;
#3052 = CIRCLE ( 'NONE', #7688, 0.1870828693386972497 ) ;
#3053 = AXIS2_PLACEMENT_3D ( 'NONE', #6953, #6263, #9632 ) ;
#3054 =( LENGTH_UNIT ( ) NAMED_UNIT ( * ) SI_UNIT ( .MILLI., .METRE. ) );
#3055 = VERTEX_POINT ( 'NONE', #612 ) ;
#3056 = ORIENTED_EDGE ( 'NONE', *, *, #3003, .F. ) ;
#3057 = CIRCLE ( 'NONE', #1090, 0.3749999999999998890 ) ;
#3058 = SPHERICAL_SURFACE ( 'NONE', #2108, 0.3750000000000000000 ) ;
#3059 = ORIENTED_EDGE ( 'NONE', *, *, #4177, .T. ) ;
#3060 = FACE_OUTER_BOUND ( 'NONE', #3501, .T. ) ;
#3061 = DIRECTION ( 'NONE',  ( 0.000000000000000000, -1.000000000000000000, 0.000000000000000000 ) ) ;
#3062 = MANIFOLD_SOLID_BREP ( 'LPattern1[130]', #141 ) ;
#3063 = EDGE_CURVE ( 'NONE', #2551, #5548, #9110, .T. ) ;
#3064 = AXIS2_PLACEMENT_3D ( 'NONE', #2858, #2699, #6185 ) ;
#3065 =( GEOMETRIC_REPRESENTATION_CONTEXT ( 3 ) GLOBAL_UNCERTAINTY_ASSIGNED_CONTEXT ( ( #9083 ) ) GLOBAL_UNIT_ASSIGNED_CONTEXT ( ( #4308, #6755, #5842 ) ) REPRESENTATION_CONTEXT ( 'NONE', 'WORKASPACE' ) );
#3066 = CARTESIAN_POINT ( 'NONE',  ( -5.715000000000000746, 0.6999999999999998446, -6.985000000000000320 ) ) ;
#3067 = DIRECTION ( 'NONE',  ( 1.224646799147353207E-16, 0.000000000000000000, -1.000000000000000000 ) ) ;
#3068 = PRESENTATION_STYLE_ASSIGNMENT (( #9654 ) ) ;
#3069 = AXIS2_PLACEMENT_3D ( 'NONE', #9419, #8403, #9320 ) ;
#3070 = DIRECTION ( 'NONE',  ( 0.000000000000000000, 0.000000000000000000, 1.000000000000000000 ) ) ;
#3071 = ADVANCED_FACE ( 'NONE', ( #8754 ), #10591, .F. ) ;
#3072 = ADVANCED_FACE ( 'NONE', ( #420 ), #2800, .T. ) ;
#3073 = EDGE_CURVE ( 'NONE', #8460, #4644, #10550, .T. ) ;
#3074 = COLOUR_RGB ( '',0.7921568627450980005, 0.8196078431372548767, 0.9333333333333333481 ) ;
#3075 = VERTEX_POINT ( 'NONE', #1161 ) ;
#3076 = DIRECTION ( 'NONE',  ( 0.000000000000000000, -0.000000000000000000, -1.000000000000000000 ) ) ;
#3077 = EDGE_LOOP ( 'NONE', ( #3219, #1053 ) ) ;
#3078 =( NAMED_UNIT ( * ) SI_UNIT ( $, .STERADIAN. ) SOLID_ANGLE_UNIT ( ) );
#3079 = STYLED_ITEM ( 'NONE', ( #7779 ), #6426 ) ;
#3080 = UNCERTAINTY_MEASURE_WITH_UNIT (LENGTH_MEASURE( 1.000000000000000082E-05 ), #10462, 'distance_accuracy_value', 'NONE');
#3081 = VERTEX_POINT ( 'NONE', #6235 ) ;
#3082 = DIRECTION ( 'NONE',  ( 1.000000000000000000, 0.000000000000000000, 0.000000000000000000 ) ) ;
#3083 = FACE_OUTER_BOUND ( 'NONE', #1933, .T. ) ;
#3084 = MECHANICAL_DESIGN_GEOMETRIC_PRESENTATION_REPRESENTATION (  '', ( #4852 ), #5215 ) ;
#3085 = MANIFOLD_SOLID_BREP ( 'Cut-Extrude1', #1422 ) ;
#3086 = DIRECTION ( 'NONE',  ( -0.000000000000000000, 1.000000000000000000, -0.000000000000000000 ) ) ;
#3087 = CARTESIAN_POINT ( 'NONE',  ( 5.715000000000000746, 0.3750000000000000000, 0.6350000000000001199 ) ) ;
#3088 = EDGE_CURVE ( 'NONE', #2360, #5240, #2180, .T. ) ;
#3089 = SURFACE_SIDE_STYLE ('',( #9846 ) ) ;
#3090 = AXIS2_PLACEMENT_3D ( 'NONE', #3601, #1905, #5308 ) ;
#3091 = CARTESIAN_POINT ( 'NONE',  ( 5.715000000000000746, 0.000000000000000000, 0.6350000000000001199 ) ) ;
#3092 = ORIENTED_EDGE ( 'NONE', *, *, #3847, .F. ) ;
#3093 = DIRECTION ( 'NONE',  ( 1.224646799147353207E-16, 0.000000000000000000, -1.000000000000000000 ) ) ;
#3094 = UNCERTAINTY_MEASURE_WITH_UNIT (LENGTH_MEASURE( 1.000000000000000082E-05 ), #5991, 'distance_accuracy_value', 'NONE');
#3095 = EDGE_LOOP ( 'NONE', ( #10906, #7987 ) ) ;
#3096 = LINE ( 'NONE', #8930, #10560 ) ;
#3097 = ORIENTED_EDGE ( 'NONE', *, *, #1603, .T. ) ;
#3098 = SURFACE_SIDE_STYLE ('',( #10726 ) ) ;
#3099 = FACE_OUTER_BOUND ( 'NONE', #7369, .T. ) ;
#3100 = FACE_OUTER_BOUND ( 'NONE', #4831, .T. ) ;
#3101 = CIRCLE ( 'NONE', #9298, 0.1870828693386972497 ) ;
#3102 = DIRECTION ( 'NONE',  ( 1.000000000000000000, 0.000000000000000000, 0.000000000000000000 ) ) ;
#3103 = CARTESIAN_POINT ( 'NONE',  ( 6.985000000000000320, 0.6999999999999998446, 6.985000000000001208 ) ) ;
#3104 = AXIS2_PLACEMENT_3D ( 'NONE', #79, #1875, #1926 ) ;
#3105 = MANIFOLD_SOLID_BREP ( 'LPattern1[1]', #1771 ) ;
#3106 = PRESENTATION_LAYER_ASSIGNMENT (  '', '', ( #1666 ) ) ;
#3107 = DIRECTION ( 'NONE',  ( 1.000000000000000000, 0.000000000000000000, 0.000000000000000000 ) ) ;
#3108 = CIRCLE ( 'NONE', #3987, 0.3750000000000003331 ) ;
#3109 = CARTESIAN_POINT ( 'NONE',  ( 0.6349999999999992317, 0.6999999999999999556, 1.905000000000000471 ) ) ;
#3110 = CARTESIAN_POINT ( 'NONE',  ( 5.715000000000000746, 0.6999999999999998446, -1.904999999999999583 ) ) ;
#3111 = DIRECTION ( 'NONE',  ( 1.000000000000000000, 0.000000000000000000, 0.000000000000000000 ) ) ;
#3112 = DIRECTION ( 'NONE',  ( -1.000000000000000000, 0.000000000000000000, 0.000000000000000000 ) ) ;
#3113 = DIRECTION ( 'NONE',  ( -1.000000000000000000, 0.000000000000000000, 0.000000000000000000 ) ) ;
#3114 = DIRECTION ( 'NONE',  ( 1.224646799147353207E-16, 0.000000000000000000, -1.000000000000000000 ) ) ;
#3115 = ORIENTED_EDGE ( 'NONE', *, *, #1587, .T. ) ;
#3116 = ORIENTED_EDGE ( 'NONE', *, *, #10344, .F. ) ;
#3117 = DIRECTION ( 'NONE',  ( 0.000000000000000000, -1.000000000000000000, 0.000000000000000000 ) ) ;
#3118 = CARTESIAN_POINT ( 'NONE',  ( -7.500000000000005329, 0.7000000000000000666, -7.499999999999998224 ) ) ;
#3119 = ORIENTED_EDGE ( 'NONE', *, *, #3034, .F. ) ;
#3120 = SURFACE_STYLE_FILL_AREA ( #4109 ) ;
#3121 = CARTESIAN_POINT ( 'NONE',  ( -3.175000000000000711, 0.3750000000000000000, 0.6350000000000001199 ) ) ;
#3122 = MANIFOLD_SOLID_BREP ( 'LPattern1[82]', #3573 ) ;
#3123 = FACE_OUTER_BOUND ( 'NONE', #5768, .T. ) ;
#3124 = PLANE ( 'NONE',  #4545 ) ;
#3125 = ORIENTED_EDGE ( 'NONE', *, *, #7662, .T. ) ;
#3126 = FILL_AREA_STYLE_COLOUR ( '', #1041 ) ;
#3127 = ORIENTED_EDGE ( 'NONE', *, *, #4048, .T. ) ;
#3128 = CARTESIAN_POINT ( 'NONE',  ( -4.445000000000001172, 0.3750000000000000000, -0.6349999999999992317 ) ) ;
#3129 = CIRCLE ( 'NONE', #426, 0.1870828693386972497 ) ;
#3130 = DIRECTION ( 'NONE',  ( 1.000000000000000000, 0.000000000000000000, 0.000000000000000000 ) ) ;
#3131 = CARTESIAN_POINT ( 'NONE',  ( -1.905000000000000471, 0.6999999999999998446, 1.905000000000000471 ) ) ;
#3132 = ADVANCED_FACE ( 'NONE', ( #1328 ), #4067, .T. ) ;
#3133 = VERTEX_POINT ( 'NONE', #8138 ) ;
#3134 = EDGE_CURVE ( 'NONE', #7410, #8588, #4328, .T. ) ;
#3135 = FACE_OUTER_BOUND ( 'NONE', #7425, .T. ) ;
#3136 = MANIFOLD_SOLID_BREP ( 'LPattern1[55]', #4980 ) ;
#3137 = DIRECTION ( 'NONE',  ( 1.000000000000000000, 0.000000000000000000, 0.000000000000000000 ) ) ;
#3138 = MECHANICAL_DESIGN_GEOMETRIC_PRESENTATION_REPRESENTATION (  '', ( #8486 ), #4907 ) ;
#3139 = PLANE ( 'NONE',  #7604 ) ;
#3140 = ORIENTED_EDGE ( 'NONE', *, *, #10750, .T. ) ;
#3141 = CARTESIAN_POINT ( 'NONE',  ( -5.715000000000000746, 0.3750000000000000000, 4.445000000000001172 ) ) ;
#3142 = ORIENTED_EDGE ( 'NONE', *, *, #2656, .T. ) ;
#3143 = VECTOR ( 'NONE', #3706, 1000.000000000000000 ) ;
#3144 = ORIENTED_EDGE ( 'NONE', *, *, #5371, .F. ) ;
#3145 = EDGE_CURVE ( 'NONE', #6702, #8139, #5363, .T. ) ;
#3146 = SPHERICAL_SURFACE ( 'NONE', #10734, 0.3750000000000000000 ) ;
#3147 = ORIENTED_EDGE ( 'NONE', *, *, #975, .T. ) ;
#3148 = ADVANCED_FACE ( 'NONE', ( #5683 ), #8255, .T. ) ;
#3149 = DIRECTION ( 'NONE',  ( -0.000000000000000000, 1.000000000000000000, -0.000000000000000000 ) ) ;
#3150 = EDGE_CURVE ( 'NONE', #655, #5638, #10715, .T. ) ;
#3151 = LINE ( 'NONE', #8984, #172 ) ;
#3152 = CIRCLE ( 'NONE', #5106, 0.3750000000000003331 ) ;
#3153 = MANIFOLD_SOLID_BREP ( 'LPattern1[64]', #8717 ) ;
#3154 = CARTESIAN_POINT ( 'NONE',  ( 4.445000000000000284, 0.6999999999999999556, 6.985000000000001208 ) ) ;
#3155 = ORIENTED_EDGE ( 'NONE', *, *, #7773, .F. ) ;
#3156 = PRESENTATION_STYLE_ASSIGNMENT (( #561 ) ) ;
#3157 = ORIENTED_EDGE ( 'NONE', *, *, #397, .F. ) ;
#3158 = AXIS2_PLACEMENT_3D ( 'NONE', #8740, #6220, #9591 ) ;
#3159 = CARTESIAN_POINT ( 'NONE',  ( 0.6349999999999992317, 0.6999999999999999556, 4.445000000000001172 ) ) ;
#3160 = DIRECTION ( 'NONE',  ( 1.000000000000000000, 0.000000000000000000, 0.000000000000000000 ) ) ;
#3161 = FACE_OUTER_BOUND ( 'NONE', #3529, .T. ) ;
#3162 = DIRECTION ( 'NONE',  ( 0.000000000000000000, -0.000000000000000000, -1.000000000000000000 ) ) ;
#3163 = EDGE_CURVE ( 'NONE', #2388, #5635, #3782, .T. ) ;
#3164 =( GEOMETRIC_REPRESENTATION_CONTEXT ( 3 ) GLOBAL_UNCERTAINTY_ASSIGNED_CONTEXT ( ( #9183 ) ) GLOBAL_UNIT_ASSIGNED_CONTEXT ( ( #8214, #8982, #2187 ) ) REPRESENTATION_CONTEXT ( 'NONE', 'WORKASPACE' ) );
#3165 = FILL_AREA_STYLE ('',( #3996 ) ) ;
#3166 = FILL_AREA_STYLE_COLOUR ( '', #9699 ) ;
#3167 = EDGE_LOOP ( 'NONE', ( #8708, #10379, #8172 ) ) ;
#3168 = EDGE_LOOP ( 'NONE', ( #5051, #6177, #8847 ) ) ;
#3169 = AXIS2_PLACEMENT_3D ( 'NONE', #6146, #7109, #60 ) ;
#3170 =( NAMED_UNIT ( * ) PLANE_ANGLE_UNIT ( ) SI_UNIT ( $, .RADIAN. ) );
#3171 = EDGE_LOOP ( 'NONE', ( #2063, #694, #7168 ) ) ;
#3172 = FACE_OUTER_BOUND ( 'NONE', #10368, .T. ) ;
#3173 = MANIFOLD_SOLID_BREP ( 'LPattern1[23]', #6955 ) ;
#3174 = CARTESIAN_POINT ( 'NONE',  ( -0.6350000000000001199, 0.3750000000000000000, -5.714999999999999858 ) ) ;
#3175 = STYLED_ITEM ( 'NONE', ( #6295 ), #10167 ) ;
#3176 = DIRECTION ( 'NONE',  ( 0.000000000000000000, 0.000000000000000000, 1.000000000000000000 ) ) ;
#3177 = AXIS2_PLACEMENT_3D ( 'NONE', #1153, #2639, #8798 ) ;
#3178 = CARTESIAN_POINT ( 'NONE',  ( 5.715000000000000746, 0.000000000000000000, 3.175000000000000711 ) ) ;
#3179 = FILL_AREA_STYLE_COLOUR ( '', #1376 ) ;
#3180 = CARTESIAN_POINT ( 'NONE',  ( 0.4479171306613019543, 0.6999999999999998446, 0.6350000000000001199 ) ) ;
#3181 =( GEOMETRIC_REPRESENTATION_CONTEXT ( 3 ) GLOBAL_UNCERTAINTY_ASSIGNED_CONTEXT ( ( #8644 ) ) GLOBAL_UNIT_ASSIGNED_CONTEXT ( ( #1098, #937, #1038 ) ) REPRESENTATION_CONTEXT ( 'NONE', 'WORKASPACE' ) );
#3182 = AXIS2_PLACEMENT_3D ( 'NONE', #6190, #7784, #155 ) ;
#3183 = EDGE_LOOP ( 'NONE', ( #510, #9752, #2397 ) ) ;
#3184 = CARTESIAN_POINT ( 'NONE',  ( 1.904999999999999583, 0.000000000000000000, 1.905000000000000471 ) ) ;
#3185 = ORIENTED_EDGE ( 'NONE', *, *, #6962, .F. ) ;
#3186 = ORIENTED_EDGE ( 'NONE', *, *, #7662, .F. ) ;
#3187 = DIRECTION ( 'NONE',  ( 1.000000000000000000, 0.000000000000000000, 0.000000000000000000 ) ) ;
#3188 = AXIS2_PLACEMENT_3D ( 'NONE', #9555, #10314, #2804 ) ;
#3189 = EDGE_LOOP ( 'NONE', ( #2995, #10489, #9352 ) ) ;
#3190 = VECTOR ( 'NONE', #4163, 1000.000000000000000 ) ;
#3191 = DIRECTION ( 'NONE',  ( 0.000000000000000000, -0.000000000000000000, -1.000000000000000000 ) ) ;
#3192 = MANIFOLD_SOLID_BREP ( 'LPattern1[101]', #9417 ) ;
#3193 = DIRECTION ( 'NONE',  ( 0.000000000000000000, 0.000000000000000000, 1.000000000000000000 ) ) ;
#3194 = AXIS2_PLACEMENT_3D ( 'NONE', #10709, #7147, #2907 ) ;
#3195 = SURFACE_STYLE_USAGE ( .BOTH. , #6588 ) ;
#3196 = EDGE_LOOP ( 'NONE', ( #1984, #5578, #10600 ) ) ;
#3197 = SPHERICAL_SURFACE ( 'NONE', #10173, 0.3750000000000000000 ) ;
#3198 = ADVANCED_FACE ( 'NONE', ( #10137 ), #2622, .T. ) ;
#3199 = ORIENTED_EDGE ( 'NONE', *, *, #4074, .F. ) ;
#3200 = UNCERTAINTY_MEASURE_WITH_UNIT (LENGTH_MEASURE( 1.000000000000000082E-05 ), #5439, 'distance_accuracy_value', 'NONE');
#3201 = ORIENTED_EDGE ( 'NONE', *, *, #4097, .T. ) ;
#3202 = EDGE_LOOP ( 'NONE', ( #5452, #65 ) ) ;
#3203 = DIRECTION ( 'NONE',  ( 0.000000000000000000, -0.000000000000000000, -1.000000000000000000 ) ) ;
#3204 = CARTESIAN_POINT ( 'NONE',  ( -4.445000000000001172, 0.6999999999999998446, -6.985000000000000320 ) ) ;
#3205 = ADVANCED_FACE ( 'NONE', ( #11033 ), #6005, .F. ) ;
#3206 = CARTESIAN_POINT ( 'NONE',  ( -4.445000000000001172, 0.3750000000000000000, -5.714999999999999858 ) ) ;
#3207 = AXIS2_PLACEMENT_3D ( 'NONE', #10952, #7685, #4341 ) ;
#3208 = DIRECTION ( 'NONE',  ( 1.000000000000000000, 0.000000000000000000, 0.000000000000000000 ) ) ;
#3209 = CARTESIAN_POINT ( 'NONE',  ( 0.8220828693386965647, 0.6999999999999998446, 0.6350000000000001199 ) ) ;
#3210 = CLOSED_SHELL ( 'NONE', ( #4162, #2764, #7153 ) ) ;
#3211 = CARTESIAN_POINT ( 'NONE',  ( -4.632082869338698394, 0.6999999999999998446, -6.985000000000000320 ) ) ;
#3212 =( NAMED_UNIT ( * ) SI_UNIT ( $, .STERADIAN. ) SOLID_ANGLE_UNIT ( ) );
#3213 = MANIFOLD_SOLID_BREP ( 'LPattern1[28]', #1952 ) ;
#3214 = DIRECTION ( 'NONE',  ( -0.000000000000000000, 1.000000000000000000, -0.000000000000000000 ) ) ;
#3215 = ADVANCED_FACE ( 'NONE', ( #10405 ), #3629, .F. ) ;
#3216 = ORIENTED_EDGE ( 'NONE', *, *, #7713, .T. ) ;
#3217 = SURFACE_STYLE_FILL_AREA ( #5873 ) ;
#3218 = CLOSED_SHELL ( 'NONE', ( #8112, #3945, #7280 ) ) ;
#3219 = ORIENTED_EDGE ( 'NONE', *, *, #7028, .T. ) ;
#3220 = SURFACE_STYLE_USAGE ( .BOTH. , #4098 ) ;
#3221 = CARTESIAN_POINT ( 'NONE',  ( -3.175000000000000711, 0.000000000000000000, -4.444999999999999396 ) ) ;
#3222 = COLOUR_RGB ( '',0.7921568627450980005, 0.8196078431372548767, 0.9333333333333333481 ) ;
#3223 = SPHERICAL_SURFACE ( 'NONE', #8012, 0.3750000000000000000 ) ;
#3224 = PLANE ( 'NONE',  #5678 ) ;
#3225 = DIRECTION ( 'NONE',  ( 0.000000000000000000, 0.000000000000000000, 1.000000000000000000 ) ) ;
#3226 = CLOSED_SHELL ( 'NONE', ( #5503, #5712, #10429 ) ) ;
#3227 = FILL_AREA_STYLE_COLOUR ( '', #862 ) ;
#3228 = DIRECTION ( 'NONE',  ( 0.000000000000000000, 0.000000000000000000, 1.000000000000000000 ) ) ;
#3229 = CIRCLE ( 'NONE', #6059, 0.1870828693386972497 ) ;
#3230 = ORIENTED_EDGE ( 'NONE', *, *, #2852, .T. ) ;
#3231 = ORIENTED_EDGE ( 'NONE', *, *, #9038, .F. ) ;
#3232 =( NAMED_UNIT ( * ) PLANE_ANGLE_UNIT ( ) SI_UNIT ( $, .RADIAN. ) );
#3233 = VERTEX_POINT ( 'NONE', #4562 ) ;
#3234 =( NAMED_UNIT ( * ) SI_UNIT ( $, .STERADIAN. ) SOLID_ANGLE_UNIT ( ) );
#3235 = MANIFOLD_SOLID_BREP ( 'LPattern1[134]', #7482 ) ;
#3236 = AXIS2_PLACEMENT_3D ( 'NONE', #1578, #7620, #4092 ) ;
#3237 = CIRCLE ( 'NONE', #7504, 0.3750000000000000000 ) ;
#3238 = CIRCLE ( 'NONE', #10335, 0.1870828693386972497 ) ;
#3239 = CARTESIAN_POINT ( 'NONE',  ( -5.715000000000000746, 0.3750000000000000000, -0.6349999999999992317 ) ) ;
#3240 = CARTESIAN_POINT ( 'NONE',  ( 1.904999999999999583, 0.3750000000000000000, 1.905000000000000471 ) ) ;
#3241 =( LENGTH_UNIT ( ) NAMED_UNIT ( * ) SI_UNIT ( .MILLI., .METRE. ) );
#3242 = PRESENTATION_STYLE_ASSIGNMENT (( #8298 ) ) ;
#3243 = CIRCLE ( 'NONE', #8219, 0.1870828693386972497 ) ;
#3244 = CIRCLE ( 'NONE', #9434, 0.1870828693386972497 ) ;
#3245 = VERTEX_POINT ( 'NONE', #7130 ) ;
#3246 = DIRECTION ( 'NONE',  ( 0.000000000000000000, -1.000000000000000000, 0.000000000000000000 ) ) ;
#3247 = ADVANCED_FACE ( 'NONE', ( #7073 ), #4673, .T. ) ;
#3248 = ORIENTED_EDGE ( 'NONE', *, *, #10545, .T. ) ;
#3249 = AXIS2_PLACEMENT_3D ( 'NONE', #8915, #1282, #425 ) ;
#3250 = FACE_OUTER_BOUND ( 'NONE', #8695, .T. ) ;
#3251 = EDGE_CURVE ( 'NONE', #9508, #9071, #8614, .T. ) ;
#3252 = ORIENTED_EDGE ( 'NONE', *, *, #5583, .F. ) ;
#3253 = FILL_AREA_STYLE_COLOUR ( '', #4491 ) ;
#3254 = VERTEX_POINT ( 'NONE', #8686 ) ;
#3255 = STYLED_ITEM ( 'NONE', ( #8250 ), #1342 ) ;
#3256 = CIRCLE ( 'NONE', #729, 0.3750000000000003331 ) ;
#3257 = FACE_OUTER_BOUND ( 'NONE', #777, .T. ) ;
#3258 = MANIFOLD_SOLID_BREP ( 'LPattern1[24]', #1930 ) ;
#3259 = CIRCLE ( 'NONE', #5193, 0.3749999999999998890 ) ;
#3260 = PRESENTATION_LAYER_ASSIGNMENT (  '', '', ( #9608 ) ) ;
#3261 =( NAMED_UNIT ( * ) SI_UNIT ( $, .STERADIAN. ) SOLID_ANGLE_UNIT ( ) );
#3262 = ORIENTED_EDGE ( 'NONE', *, *, #4376, .T. ) ;
#3263 = PLANE ( 'NONE',  #6617 ) ;
#3264 = EDGE_LOOP ( 'NONE', ( #4978, #9729 ) ) ;
#3265 = DIRECTION ( 'NONE',  ( 1.000000000000000000, 0.000000000000000000, 0.000000000000000000 ) ) ;
#3266 = EDGE_LOOP ( 'NONE', ( #5857, #7612, #10036 ) ) ;
#3267 = EDGE_LOOP ( 'NONE', ( #2740, #8641, #4243 ) ) ;
#3268 = CARTESIAN_POINT ( 'NONE',  ( -6.985000000000000320, 0.3750000000000000000, 1.905000000000000471 ) ) ;
#3269 = DIRECTION ( 'NONE',  ( 1.000000000000000000, 0.000000000000000000, 0.000000000000000000 ) ) ;
#3270 = CIRCLE ( 'NONE', #8062, 0.1870828693386972497 ) ;
#3271 = EDGE_CURVE ( 'NONE', #5447, #8401, #3807, .T. ) ;
#3272 = CARTESIAN_POINT ( 'NONE',  ( 3.174999999999999822, 0.3750000000000000000, 5.715000000000001634 ) ) ;
#3273 = DIRECTION ( 'NONE',  ( 1.000000000000000000, 0.000000000000000000, 0.000000000000000000 ) ) ;
#3274 = DIRECTION ( 'NONE',  ( -1.000000000000000000, 0.000000000000000000, 0.000000000000000000 ) ) ;
#3275 =( NAMED_UNIT ( * ) PLANE_ANGLE_UNIT ( ) SI_UNIT ( $, .RADIAN. ) );
#3276 = AXIS2_PLACEMENT_3D ( 'NONE', #5696, #6364, #4865 ) ;
#3277 = CIRCLE ( 'NONE', #3620, 0.1870828693386972497 ) ;
#3278 = DIRECTION ( 'NONE',  ( -1.000000000000000000, 0.000000000000000000, 0.000000000000000000 ) ) ;
#3279 = ORIENTED_EDGE ( 'NONE', *, *, #1970, .T. ) ;
#3280 = DIRECTION ( 'NONE',  ( -0.000000000000000000, 1.000000000000000000, -0.000000000000000000 ) ) ;
#3281 = EDGE_CURVE ( 'NONE', #4370, #838, #8440, .T. ) ;
#3282 = COLOUR_RGB ( '',0.7921568627450980005, 0.8196078431372548767, 0.9333333333333333481 ) ;
#3283 = CARTESIAN_POINT ( 'NONE',  ( 6.985000000000000320, 0.3750000000000000000, -5.714999999999999858 ) ) ;
#3284 = PLANE ( 'NONE',  #2516 ) ;
#3285 = ADVANCED_FACE ( 'NONE', ( #5723 ), #9824, .F. ) ;
#3286 = CIRCLE ( 'NONE', #2198, 0.1870828693386972497 ) ;
#3287 = PLANE ( 'NONE',  #666 ) ;
#3288 = SURFACE_STYLE_USAGE ( .BOTH. , #10002 ) ;
#3289 = CIRCLE ( 'NONE', #8262, 0.3750000000000003331 ) ;
#3290 = ORIENTED_EDGE ( 'NONE', *, *, #5128, .T. ) ;
#3291 = ORIENTED_EDGE ( 'NONE', *, *, #2865, .F. ) ;
#3292 = VERTEX_POINT ( 'NONE', #412 ) ;
#3293 = CARTESIAN_POINT ( 'NONE',  ( -4.445000000000001172, 0.3750000000000000000, 0.6350000000000001199 ) ) ;
#3294 = PRESENTATION_LAYER_ASSIGNMENT (  '', '', ( #8957 ) ) ;
#3295 = SPHERICAL_SURFACE ( 'NONE', #8399, 0.3750000000000000000 ) ;
#3296 = DIRECTION ( 'NONE',  ( 0.000000000000000000, 0.000000000000000000, 1.000000000000000000 ) ) ;
#3297 = ADVANCED_FACE ( 'NONE', ( #628 ), #6454, .F. ) ;
#3298 = CIRCLE ( 'NONE', #2755, 0.3750000000000000000 ) ;
#3299 = DIRECTION ( 'NONE',  ( 0.000000000000000000, 0.000000000000000000, 1.000000000000000000 ) ) ;
#3300 = ADVANCED_FACE ( 'NONE', ( #7242 ), #2213, .T. ) ;
#3301 = ADVANCED_FACE ( 'NONE', ( #4056 ), #2148, .T. ) ;
#3302 = CARTESIAN_POINT ( 'NONE',  ( -4.445000000000001172, 0.3750000000000000000, -6.985000000000000320 ) ) ;
#3303 = ORIENTED_EDGE ( 'NONE', *, *, #6672, .F. ) ;
#3304 = ORIENTED_EDGE ( 'NONE', *, *, #7918, .F. ) ;
#3305 = FACE_OUTER_BOUND ( 'NONE', #8381, .T. ) ;
#3306 = ORIENTED_EDGE ( 'NONE', *, *, #9225, .F. ) ;
#3307 = DIRECTION ( 'NONE',  ( -0.000000000000000000, 1.000000000000000000, -0.000000000000000000 ) ) ;
#3308 = EDGE_CURVE ( 'NONE', #10758, #896, #5753, .T. ) ;
#3309 = ORIENTED_EDGE ( 'NONE', *, *, #7382, .T. ) ;
#3310 = SURFACE_STYLE_USAGE ( .BOTH. , #8494 ) ;
#3311 = ORIENTED_EDGE ( 'NONE', *, *, #4835, .F. ) ;
#3312 = DIRECTION ( 'NONE',  ( -1.000000000000000000, 0.000000000000000000, 0.000000000000000000 ) ) ;
#3313 = EDGE_LOOP ( 'NONE', ( #8766, #7772, #3545 ) ) ;
#3314 = CARTESIAN_POINT ( 'NONE',  ( 1.904999999999999583, 0.3750000000000000000, 1.905000000000000471 ) ) ;
#3315 = STYLED_ITEM ( 'NONE', ( #2432 ), #2697 ) ;
#3316 = UNCERTAINTY_MEASURE_WITH_UNIT (LENGTH_MEASURE( 1.000000000000000082E-05 ), #98, 'distance_accuracy_value', 'NONE');
#3317 = EDGE_LOOP ( 'NONE', ( #6870, #8150, #1744 ) ) ;
#3318 = EDGE_LOOP ( 'NONE', ( #8893, #8873, #5136 ) ) ;
#3319 = CARTESIAN_POINT ( 'NONE',  ( 0.6349999999999992317, 0.3750000000000000000, -6.985000000000000320 ) ) ;
#3320 = CIRCLE ( 'NONE', #4196, 0.3750000000000000000 ) ;
#3321 = LINE ( 'NONE', #3375, #9548 ) ;
#3322 = CARTESIAN_POINT ( 'NONE',  ( -3.175000000000000711, 0.3750000000000000000, 4.445000000000001172 ) ) ;
#3323 = CARTESIAN_POINT ( 'NONE',  ( -3.362082869338697932, 0.6999999999999998446, 0.6350000000000001199 ) ) ;
#3324 = PRESENTATION_LAYER_ASSIGNMENT (  '', '', ( #618 ) ) ;
#3325 = SPHERICAL_SURFACE ( 'NONE', #908, 0.3750000000000000000 ) ;
#3326 = AXIS2_PLACEMENT_3D ( 'NONE', #5571, #2050, #8917 ) ;
#3327 = ORIENTED_EDGE ( 'NONE', *, *, #5245, .F. ) ;
#3328 = CARTESIAN_POINT ( 'NONE',  ( 3.174999999999999822, 0.3750000000000000000, -3.174999999999999822 ) ) ;
#3329 = ORIENTED_EDGE ( 'NONE', *, *, #2156, .T. ) ;
#3330 = DIRECTION ( 'NONE',  ( 1.000000000000000000, 0.000000000000000000, 0.000000000000000000 ) ) ;
#3331 = CARTESIAN_POINT ( 'NONE',  ( 5.715000000000000746, 0.6999999999999998446, 4.445000000000001172 ) ) ;
#3332 = FACE_OUTER_BOUND ( 'NONE', #9084, .T. ) ;
#3333 = AXIS2_PLACEMENT_3D ( 'NONE', #7721, #1112, #4522 ) ;
#3334 = CARTESIAN_POINT ( 'NONE',  ( -5.715000000000000746, 0.3750000000000000000, 6.985000000000001208 ) ) ;
#3335 = STYLED_ITEM ( 'NONE', ( #33 ), #6597 ) ;
#3336 = SURFACE_SIDE_STYLE ('',( #5765 ) ) ;
#3337 = ORIENTED_EDGE ( 'NONE', *, *, #10620, .T. ) ;
#3338 = SHAPE_DEFINITION_REPRESENTATION ( #2095, #7905 ) ;
#3339 = DIRECTION ( 'NONE',  ( -0.000000000000000000, 1.000000000000000000, -0.000000000000000000 ) ) ;
#3341 = ADVANCED_FACE ( 'NONE', ( #6393 ), #5606, .F. ) ;
#3340 = STYLED_ITEM ( 'NONE', ( #3242 ), #6691 ) ;
#3342 = ORIENTED_EDGE ( 'NONE', *, *, #10499, .T. ) ;
#3343 = DIRECTION ( 'NONE',  ( 1.224646799147353207E-16, 0.000000000000000000, -1.000000000000000000 ) ) ;
#3344 = CARTESIAN_POINT ( 'NONE',  ( -1.905000000000000471, 0.000000000000000000, -1.904999999999999583 ) ) ;
#3345 = DIRECTION ( 'NONE',  ( 0.000000000000000000, -0.000000000000000000, -1.000000000000000000 ) ) ;
#3346 = CARTESIAN_POINT ( 'NONE',  ( -0.4479171306613028425, 0.6999999999999998446, -6.985000000000000320 ) ) ;
#3347 = DIRECTION ( 'NONE',  ( 0.000000000000000000, 0.000000000000000000, 1.000000000000000000 ) ) ;
#3348 = CIRCLE ( 'NONE', #6909, 0.1870828693386972497 ) ;
#3349 = ORIENTED_EDGE ( 'NONE', *, *, #6731, .T. ) ;
#3350 = CARTESIAN_POINT ( 'NONE',  ( 1.904999999999999583, 0.3750000000000000000, -1.904999999999999583 ) ) ;
#3351 = EDGE_LOOP ( 'NONE', ( #1502, #8596, #10296 ) ) ;
#3352 = DIRECTION ( 'NONE',  ( -1.000000000000000000, 0.000000000000000000, 0.000000000000000000 ) ) ;
#3353 = EDGE_CURVE ( 'NONE', #7410, #6449, #4157, .T. ) ;
#3354 = AXIS2_PLACEMENT_3D ( 'NONE', #820, #9117, #11024 ) ;
#3355 = EDGE_CURVE ( 'NONE', #8615, #6400, #950, .T. ) ;
#3356 = ORIENTED_EDGE ( 'NONE', *, *, #6711, .T. ) ;
#3357 = ORIENTED_EDGE ( 'NONE', *, *, #7585, .T. ) ;
#3358 = PRESENTATION_LAYER_ASSIGNMENT (  '', '', ( #3525 ) ) ;
#3359 = FACE_OUTER_BOUND ( 'NONE', #3630, .T. ) ;
#3360 = COLOUR_RGB ( '',0.7921568627450980005, 0.8196078431372548767, 0.9333333333333333481 ) ;
#3361 = SURFACE_STYLE_USAGE ( .BOTH. , #2575 ) ;
#3362 = EDGE_LOOP ( 'NONE', ( #5086, #4421, #3795 ) ) ;
#3363 = FILL_AREA_STYLE ('',( #5027 ) ) ;
#3364 = ORIENTED_EDGE ( 'NONE', *, *, #32, .T. ) ;
#3365 = ADVANCED_FACE ( 'NONE', ( #7363 ), #465, .T. ) ;
#3366 = DIRECTION ( 'NONE',  ( -0.000000000000000000, 1.000000000000000000, -0.000000000000000000 ) ) ;
#3367 = EDGE_CURVE ( 'NONE', #9627, #2594, #8953, .T. ) ;
#3368 = ORIENTED_EDGE ( 'NONE', *, *, #1018, .T. ) ;
#3369 = ADVANCED_FACE ( 'NONE', ( #515 ), #3947, .T. ) ;
#3370 = CARTESIAN_POINT ( 'NONE',  ( -7.172082869338698430, 0.6999999999999998446, 6.985000000000001208 ) ) ;
#3371 = EDGE_LOOP ( 'NONE', ( #8581, #4410, #8035 ) ) ;
#3372 = ADVANCED_FACE ( 'NONE', ( #3172 ), #2557, .F. ) ;
#3373 = CARTESIAN_POINT ( 'NONE',  ( -6.985000000000000320, 0.6999999999999999556, 5.715000000000001634 ) ) ;
#3374 = PRESENTATION_STYLE_ASSIGNMENT (( #10153 ) ) ;
#3375 = CARTESIAN_POINT ( 'NONE',  ( -7.500000000000005329, 0.7000000000000000666, -7.499999999999998224 ) ) ;
#3376 = AXIS2_PLACEMENT_3D ( 'NONE', #603, #494, #3823 ) ;
#3377 = DIRECTION ( 'NONE',  ( -0.000000000000000000, 1.000000000000000000, -0.000000000000000000 ) ) ;
#3378 = CARTESIAN_POINT ( 'NONE',  ( -5.715000000000000746, 0.6999999999999999556, 0.6350000000000001199 ) ) ;
#3379 = ADVANCED_FACE ( 'NONE', ( #4350 ), #4171, .T. ) ;
#3380 = ORIENTED_EDGE ( 'NONE', *, *, #3416, .T. ) ;
#3381 = SPHERICAL_SURFACE ( 'NONE', #8882, 0.3750000000000000000 ) ;
#3382 = SPHERICAL_SURFACE ( 'NONE', #7887, 0.3750000000000000000 ) ;
#3383 = AXIS2_PLACEMENT_3D ( 'NONE', #3619, #8782, #2723 ) ;
#3384 = EDGE_LOOP ( 'NONE', ( #1475, #9154 ) ) ;
#3385 = FACE_OUTER_BOUND ( 'NONE', #6306, .T. ) ;
#3386 = DIRECTION ( 'NONE',  ( 0.000000000000000000, 0.000000000000000000, 1.000000000000000000 ) ) ;
#3387 = DIRECTION ( 'NONE',  ( 0.000000000000000000, 0.000000000000000000, -1.000000000000000000 ) ) ;
#3388 = AXIS2_PLACEMENT_3D ( 'NONE', #3796, #4840, #8133 ) ;
#3389 = CARTESIAN_POINT ( 'NONE',  ( 4.445000000000000284, 0.6999999999999998446, -6.985000000000000320 ) ) ;
#3390 = SPHERICAL_SURFACE ( 'NONE', #6243, 0.3750000000000000000 ) ;
#3391 = CIRCLE ( 'NONE', #6035, 0.1870828693386972497 ) ;
#3392 =( NAMED_UNIT ( * ) SI_UNIT ( $, .STERADIAN. ) SOLID_ANGLE_UNIT ( ) );
#3393 = SURFACE_SIDE_STYLE ('',( #11010 ) ) ;
#3394 = CLOSED_SHELL ( 'NONE', ( #5045, #10484, #1835 ) ) ;
#3395 = FACE_OUTER_BOUND ( 'NONE', #9365, .T. ) ;
#3396 = ORIENTED_EDGE ( 'NONE', *, *, #181, .T. ) ;
#3397 = CARTESIAN_POINT ( 'NONE',  ( -4.445000000000001172, 0.6999999999999998446, 3.175000000000000711 ) ) ;
#3398 = DIRECTION ( 'NONE',  ( 0.000000000000000000, 0.000000000000000000, 1.000000000000000000 ) ) ;
#3399 = SURFACE_STYLE_USAGE ( .BOTH. , #4293 ) ;
#3400 = CLOSED_SHELL ( 'NONE', ( #3959, #2300, #9137 ) ) ;
#3401 = DIRECTION ( 'NONE',  ( 0.000000000000000000, -1.000000000000000000, 0.000000000000000000 ) ) ;
#3402 = DIRECTION ( 'NONE',  ( 1.000000000000000000, 0.000000000000000000, 0.000000000000000000 ) ) ;
#3403 = SURFACE_STYLE_FILL_AREA ( #9493 ) ;
#3404 = ORIENTED_EDGE ( 'NONE', *, *, #1205, .F. ) ;
#3405 = DIRECTION ( 'NONE',  ( 0.000000000000000000, 0.000000000000000000, -1.000000000000000000 ) ) ;
#3406 = EDGE_LOOP ( 'NONE', ( #4575, #10641, #3144 ) ) ;
#3407 = AXIS2_PLACEMENT_3D ( 'NONE', #4167, #5988, #10117 ) ;
#3408 = DIRECTION ( 'NONE',  ( 0.000000000000000000, 0.000000000000000000, 1.000000000000000000 ) ) ;
#3409 =( LENGTH_UNIT ( ) NAMED_UNIT ( * ) SI_UNIT ( .MILLI., .METRE. ) );
#3410 = AXIS2_PLACEMENT_3D ( 'NONE', #9214, #1818, #10969 ) ;
#3411 = ORIENTED_EDGE ( 'NONE', *, *, #5245, .T. ) ;
#3412 = CIRCLE ( 'NONE', #6607, 0.1870828693386972497 ) ;
#3413 = STYLED_ITEM ( 'NONE', ( #10981 ), #6143 ) ;
#3414 = EDGE_CURVE ( 'NONE', #1671, #5650, #6101, .T. ) ;
#3415 = SURFACE_STYLE_FILL_AREA ( #7547 ) ;
#3416 = EDGE_CURVE ( 'NONE', #896, #2721, #7376, .T. ) ;
#3417 = AXIS2_PLACEMENT_3D ( 'NONE', #5985, #5879, #9324 ) ;
#3418 = ORIENTED_EDGE ( 'NONE', *, *, #9683, .T. ) ;
#3419 = DIRECTION ( 'NONE',  ( -0.000000000000000000, 1.000000000000000000, -0.000000000000000000 ) ) ;
#3420 = ORIENTED_EDGE ( 'NONE', *, *, #6246, .T. ) ;
#3421 = EDGE_LOOP ( 'NONE', ( #942, #8014, #2105 ) ) ;
#3422 = FACE_OUTER_BOUND ( 'NONE', #6739, .T. ) ;
#3423 = EDGE_LOOP ( 'NONE', ( #6218, #18, #6259 ) ) ;
#3424 = CARTESIAN_POINT ( 'NONE',  ( -5.715000000000000746, 0.6999999999999998446, -1.904999999999999583 ) ) ;
#3425 = AXIS2_PLACEMENT_3D ( 'NONE', #430, #10599, #10547 ) ;
#3426 = COLOUR_RGB ( '',0.7921568627450980005, 0.8196078431372548767, 0.9333333333333333481 ) ;
#3427 = UNCERTAINTY_MEASURE_WITH_UNIT (LENGTH_MEASURE( 1.000000000000000082E-05 ), #3648, 'distance_accuracy_value', 'NONE');
#3428 = EDGE_LOOP ( 'NONE', ( #9126, #644, #5048 ) ) ;
#3429 = SURFACE_STYLE_USAGE ( .BOTH. , #4371 ) ;
#3430 = DIRECTION ( 'NONE',  ( -1.000000000000000000, 0.000000000000000000, 0.000000000000000000 ) ) ;
#3431 = AXIS2_PLACEMENT_3D ( 'NONE', #8602, #4329, #961 ) ;
#3432 = DIRECTION ( 'NONE',  ( -0.000000000000000000, 1.000000000000000000, -0.000000000000000000 ) ) ;
#3433 = CARTESIAN_POINT ( 'NONE',  ( 5.715000000000000746, 0.3750000000000000000, 3.175000000000000711 ) ) ;
#3434 = EDGE_CURVE ( 'NONE', #10191, #713, #1301, .T. ) ;
#3435 = COLOUR_RGB ( '',0.7921568627450980005, 0.8196078431372548767, 0.9333333333333333481 ) ;
#3436 = CARTESIAN_POINT ( 'NONE',  ( -5.715000000000000746, 0.3750000000000000000, 3.175000000000000711 ) ) ;
#3437 = EDGE_CURVE ( 'NONE', #5782, #5339, #5391, .T. ) ;
#3438 = CARTESIAN_POINT ( 'NONE',  ( -0.6350000000000001199, 0.6999999999999998446, 5.715000000000001634 ) ) ;
#3439 = CIRCLE ( 'NONE', #370, 0.1870828693386972497 ) ;
#3440 = AXIS2_PLACEMENT_3D ( 'NONE', #5416, #5254, #7889 ) ;
#3441 = SPHERICAL_SURFACE ( 'NONE', #8024, 0.3750000000000000000 ) ;
#3442 = ORIENTED_EDGE ( 'NONE', *, *, #8649, .F. ) ;
#3443 = CARTESIAN_POINT ( 'NONE',  ( -2.987917130661303489, 0.6999999999999998446, 3.175000000000000711 ) ) ;
#3444 = SPHERICAL_SURFACE ( 'NONE', #2732, 0.3750000000000000000 ) ;
#3445 = ORIENTED_EDGE ( 'NONE', *, *, #5247, .F. ) ;
#3446 = SPHERICAL_SURFACE ( 'NONE', #9275, 0.3750000000000000000 ) ;
#3447 = DIRECTION ( 'NONE',  ( -0.000000000000000000, 1.000000000000000000, -0.000000000000000000 ) ) ;
#3448 = PRESENTATION_LAYER_ASSIGNMENT (  '', '', ( #10729 ) ) ;
#3449 = SURFACE_STYLE_USAGE ( .BOTH. , #2543 ) ;
#3450 = CARTESIAN_POINT ( 'NONE',  ( -1.717917130661303249, 0.6999999999999998446, 5.715000000000001634 ) ) ;
#3451 = DIRECTION ( 'NONE',  ( 0.000000000000000000, 0.000000000000000000, 1.000000000000000000 ) ) ;
#3452 = EDGE_CURVE ( 'NONE', #5339, #6234, #2563, .T. ) ;
#3453 = CARTESIAN_POINT ( 'NONE',  ( 0.6349999999999992317, 0.6999999999999998446, -6.985000000000000320 ) ) ;
#3454 = AXIS2_PLACEMENT_3D ( 'NONE', #7825, #4372, #2638 ) ;
#3455 =( NAMED_UNIT ( * ) SI_UNIT ( $, .STERADIAN. ) SOLID_ANGLE_UNIT ( ) );
#3456 = VERTEX_POINT ( 'NONE', #811 ) ;
#3457 = FACE_OUTER_BOUND ( 'NONE', #8966, .T. ) ;
#3458 = CARTESIAN_POINT ( 'NONE',  ( 1.904999999999999583, 0.6999999999999998446, -0.6349999999999992317 ) ) ;
#3459 = FACE_OUTER_BOUND ( 'NONE', #8439, .T. ) ;
#3460 = CARTESIAN_POINT ( 'NONE',  ( 6.985000000000000320, 0.3750000000000000000, 5.715000000000001634 ) ) ;
#3461 = FACE_OUTER_BOUND ( 'NONE', #2490, .T. ) ;
#3462 = STYLED_ITEM ( 'NONE', ( #9704 ), #3258 ) ;
#3463 = SURFACE_SIDE_STYLE ('',( #1600 ) ) ;
#3464 = ORIENTED_EDGE ( 'NONE', *, *, #6714, .F. ) ;
#3465 = SPHERICAL_SURFACE ( 'NONE', #10667, 0.3750000000000000000 ) ;
#3466 = AXIS2_PLACEMENT_3D ( 'NONE', #5437, #463, #1103 ) ;
#3467 =( GEOMETRIC_REPRESENTATION_CONTEXT ( 3 ) GLOBAL_UNCERTAINTY_ASSIGNED_CONTEXT ( ( #267 ) ) GLOBAL_UNIT_ASSIGNED_CONTEXT ( ( #4461, #4561, #6392 ) ) REPRESENTATION_CONTEXT ( 'NONE', 'WORKASPACE' ) );
#3468 = CARTESIAN_POINT ( 'NONE',  ( -3.175000000000000711, 0.6999999999999998446, 3.175000000000000711 ) ) ;
#3469 = SURFACE_STYLE_FILL_AREA ( #4903 ) ;
#3470 = AXIS2_PLACEMENT_3D ( 'NONE', #3331, #7736, #6726 ) ;
#3471 = VERTEX_POINT ( 'NONE', #10962 ) ;
#3472 = DIRECTION ( 'NONE',  ( 0.000000000000000000, -0.000000000000000000, -1.000000000000000000 ) ) ;
#3473 = VERTEX_POINT ( 'NONE', #20 ) ;
#3474 = PRESENTATION_STYLE_ASSIGNMENT (( #3310 ) ) ;
#3475 = ORIENTED_EDGE ( 'NONE', *, *, #1909, .F. ) ;
#3476 = ADVANCED_FACE ( 'NONE', ( #5888 ), #930, .F. ) ;
#3477 = CARTESIAN_POINT ( 'NONE',  ( 5.715000000000000746, 0.3750000000000000000, -5.714999999999999858 ) ) ;
#3478 = EDGE_LOOP ( 'NONE', ( #5837, #9233, #1048 ) ) ;
#3479 = CARTESIAN_POINT ( 'NONE',  ( -3.175000000000000711, 0.3750000000000000000, -4.444999999999999396 ) ) ;
#3480 = EDGE_LOOP ( 'NONE', ( #6418, #2344, #6986 ) ) ;
#3481 = ADVANCED_FACE ( 'NONE', ( #9274 ), #7526, .T. ) ;
#3482 = PRESENTATION_STYLE_ASSIGNMENT (( #7724 ) ) ;
#3483 = FACE_OUTER_BOUND ( 'NONE', #7717, .T. ) ;
#3484 = SPHERICAL_SURFACE ( 'NONE', #7936, 0.3750000000000000000 ) ;
#3485 = DIRECTION ( 'NONE',  ( 1.000000000000000000, 0.000000000000000000, 0.000000000000000000 ) ) ;
#3486 = PLANE ( 'NONE',  #2328 ) ;
#3487 = VERTEX_POINT ( 'NONE', #3344 ) ;
#3488 = CARTESIAN_POINT ( 'NONE',  ( -5.715000000000000746, 0.6999999999999998446, 5.715000000000001634 ) ) ;
#3489 = ORIENTED_EDGE ( 'NONE', *, *, #3251, .F. ) ;
#3491 = EDGE_CURVE ( 'NONE', #3989, #6589, #1815, .T. ) ;
#3490 = AXIS2_PLACEMENT_3D ( 'NONE', #6570, #5728, #10011 ) ;
#3492 = DIRECTION ( 'NONE',  ( 0.000000000000000000, 0.000000000000000000, -1.000000000000000000 ) ) ;
#3493 = DIRECTION ( 'NONE',  ( 1.000000000000000000, 0.000000000000000000, 0.000000000000000000 ) ) ;
#3494 = DIRECTION ( 'NONE',  ( 0.000000000000000000, 0.000000000000000000, -1.000000000000000000 ) ) ;
#3495 = DIRECTION ( 'NONE',  ( 1.224646799147353207E-16, 0.000000000000000000, -1.000000000000000000 ) ) ;
#3496 = AXIS2_PLACEMENT_3D ( 'NONE', #4170, #1490, #4940 ) ;
#3497 = DIRECTION ( 'NONE',  ( 0.000000000000000000, 0.000000000000000000, 1.000000000000000000 ) ) ;
#3498 = AXIS2_PLACEMENT_3D ( 'NONE', #9412, #2643, #8704 ) ;
#3499 = DIRECTION ( 'NONE',  ( 0.000000000000000000, -1.000000000000000000, 0.000000000000000000 ) ) ;
#3500 = CARTESIAN_POINT ( 'NONE',  ( -4.445000000000001172, 0.6999999999999998446, 0.6350000000000001199 ) ) ;
#3501 = EDGE_LOOP ( 'NONE', ( #2765, #3958, #1366 ) ) ;
#3502 = CARTESIAN_POINT ( 'NONE',  ( -0.6350000000000001199, 0.3750000000000000000, 6.985000000000001208 ) ) ;
#3503 =( GEOMETRIC_REPRESENTATION_CONTEXT ( 3 ) GLOBAL_UNCERTAINTY_ASSIGNED_CONTEXT ( ( #9521 ) ) GLOBAL_UNIT_ASSIGNED_CONTEXT ( ( #6532, #6360, #2916 ) ) REPRESENTATION_CONTEXT ( 'NONE', 'WORKASPACE' ) );
#3504 =( NAMED_UNIT ( * ) SI_UNIT ( $, .STERADIAN. ) SOLID_ANGLE_UNIT ( ) );
#3505 = COLOUR_RGB ( '',0.7921568627450980005, 0.8196078431372548767, 0.9333333333333333481 ) ;
#3506 = EDGE_CURVE ( 'NONE', #2851, #7621, #2003, .T. ) ;
#3507 = FACE_OUTER_BOUND ( 'NONE', #3821, .T. ) ;
#3508 = DIRECTION ( 'NONE',  ( -0.000000000000000000, 1.000000000000000000, -0.000000000000000000 ) ) ;
#3509 = PRODUCT_DEFINITION_FORMATION_WITH_SPECIFIED_SOURCE ( 'ANY', '', #4697, .NOT_KNOWN. ) ;
#3510 = SURFACE_STYLE_USAGE ( .BOTH. , #3463 ) ;
#3511 = PRESENTATION_STYLE_ASSIGNMENT (( #11025 ) ) ;
#3512 = ORIENTED_EDGE ( 'NONE', *, *, #4030, .T. ) ;
#3513 = DIRECTION ( 'NONE',  ( 0.000000000000000000, 0.000000000000000000, -1.000000000000000000 ) ) ;
#3514 = CARTESIAN_POINT ( 'NONE',  ( 3.174999999999999822, 0.000000000000000000, 5.715000000000001634 ) ) ;
#3515 = SURFACE_SIDE_STYLE ('',( #2737 ) ) ;
#3516 = DIRECTION ( 'NONE',  ( 0.000000000000000000, 0.000000000000000000, 1.000000000000000000 ) ) ;
#3517 = ORIENTED_EDGE ( 'NONE', *, *, #7371, .F. ) ;
#3518 = CIRCLE ( 'NONE', #9693, 0.1870828693386972497 ) ;
#3519 = DIRECTION ( 'NONE',  ( 0.000000000000000000, -1.000000000000000000, 0.000000000000000000 ) ) ;
#3520 = ORIENTED_EDGE ( 'NONE', *, *, #3355, .T. ) ;
#3521 = FILL_AREA_STYLE ('',( #4467 ) ) ;
#3522 = PRESENTATION_LAYER_ASSIGNMENT (  '', '', ( #846 ) ) ;
#3523 = ORIENTED_EDGE ( 'NONE', *, *, #8303, .T. ) ;
#3524 = DIRECTION ( 'NONE',  ( 0.000000000000000000, -1.000000000000000000, 0.000000000000000000 ) ) ;
#3525 = STYLED_ITEM ( 'NONE', ( #7053 ), #6935 ) ;
#3526 = ORIENTED_EDGE ( 'NONE', *, *, #6055, .T. ) ;
#3527 = PRESENTATION_STYLE_ASSIGNMENT (( #1996 ) ) ;
#3528 = UNCERTAINTY_MEASURE_WITH_UNIT (LENGTH_MEASURE( 1.000000000000000082E-05 ), #1296, 'distance_accuracy_value', 'NONE');
#3529 = EDGE_LOOP ( 'NONE', ( #1711, #601, #6014 ) ) ;
#3530 = CARTESIAN_POINT ( 'NONE',  ( -0.4479171306613028425, 0.6999999999999998446, 5.715000000000001634 ) ) ;
#3531 = CARTESIAN_POINT ( 'NONE',  ( 4.445000000000000284, 0.3750000000000000000, 3.175000000000000711 ) ) ;
#3532 =( NAMED_UNIT ( * ) SI_UNIT ( $, .STERADIAN. ) SOLID_ANGLE_UNIT ( ) );
#3533 = AXIS2_PLACEMENT_3D ( 'NONE', #4664, #10574, #2207 ) ;
#3534 = CARTESIAN_POINT ( 'NONE',  ( -1.905000000000000471, 0.6999999999999999556, -5.714999999999999858 ) ) ;
#3535 = SPHERICAL_SURFACE ( 'NONE', #10884, 0.3750000000000000000 ) ;
#3536 = CIRCLE ( 'NONE', #6007, 0.3749999999999998890 ) ;
#3537 = FILL_AREA_STYLE ('',( #1062 ) ) ;
#3538 = ADVANCED_FACE ( 'NONE', ( #6682 ), #5829, .T. ) ;
#3539 = CARTESIAN_POINT ( 'NONE',  ( -3.175000000000000711, 0.3750000000000000000, -4.444999999999999396 ) ) ;
#3540 = AXIS2_PLACEMENT_3D ( 'NONE', #1951, #8768, #5205 ) ;
#3541 = ORIENTED_EDGE ( 'NONE', *, *, #7680, .F. ) ;
#3542 = CARTESIAN_POINT ( 'NONE',  ( 4.445000000000000284, 0.3750000000000000000, 3.175000000000000711 ) ) ;
#3543 = EDGE_CURVE ( 'NONE', #1838, #10927, #6466, .T. ) ;
#3544 = UNCERTAINTY_MEASURE_WITH_UNIT (LENGTH_MEASURE( 1.000000000000000082E-05 ), #9532, 'distance_accuracy_value', 'NONE');
#3545 = ORIENTED_EDGE ( 'NONE', *, *, #5305, .F. ) ;
#3546 = DIRECTION ( 'NONE',  ( 0.000000000000000000, 0.000000000000000000, 1.000000000000000000 ) ) ;
#3547 = DIRECTION ( 'NONE',  ( 1.224646799147353207E-16, 0.000000000000000000, -1.000000000000000000 ) ) ;
#3548 = ORIENTED_EDGE ( 'NONE', *, *, #7855, .F. ) ;
#3549 = AXIS2_PLACEMENT_3D ( 'NONE', #9465, #1843, #5195 ) ;
#3550 = DIRECTION ( 'NONE',  ( -1.000000000000000000, 0.000000000000000000, 0.000000000000000000 ) ) ;
#3551 = CARTESIAN_POINT ( 'NONE',  ( 4.445000000000000284, 0.6999999999999998446, 3.175000000000000711 ) ) ;
#3552 = MECHANICAL_DESIGN_GEOMETRIC_PRESENTATION_REPRESENTATION (  '', ( #130 ), #1223 ) ;
#3553 = EDGE_CURVE ( 'NONE', #5780, #7837, #3101, .T. ) ;
#3554 = ADVANCED_FACE ( 'NONE', ( #5948 ), #9331, .F. ) ;
#3555 = AXIS2_PLACEMENT_3D ( 'NONE', #9664, #5622, #1391 ) ;
#3556 = DIRECTION ( 'NONE',  ( -0.000000000000000000, 1.000000000000000000, -0.000000000000000000 ) ) ;
#3557 = STYLED_ITEM ( 'NONE', ( #140 ), #10529 ) ;
#3558 = ORIENTED_EDGE ( 'NONE', *, *, #5429, .T. ) ;
#3559 = DIRECTION ( 'NONE',  ( 0.000000000000000000, 1.000000000000000000, 0.000000000000000000 ) ) ;
#3560 =( NAMED_UNIT ( * ) PLANE_ANGLE_UNIT ( ) SI_UNIT ( $, .RADIAN. ) );
#3561 = DIRECTION ( 'NONE',  ( 0.000000000000000000, -0.000000000000000000, -1.000000000000000000 ) ) ;
#3562 = AXIS2_PLACEMENT_3D ( 'NONE', #2820, #4437, #8664 ) ;
#3563 = AXIS2_PLACEMENT_3D ( 'NONE', #6451, #10629, #2893 ) ;
#3564 = DIRECTION ( 'NONE',  ( 0.000000000000000000, 0.000000000000000000, 1.000000000000000000 ) ) ;
#3565 = CLOSED_SHELL ( 'NONE', ( #4632, #4005, #5911, #5738 ) ) ;
#3566 = CARTESIAN_POINT ( 'NONE',  ( 5.715000000000000746, 0.3750000000000000000, 3.175000000000000711 ) ) ;
#3567 = EDGE_LOOP ( 'NONE', ( #5405, #5827 ) ) ;
#3568 = DIRECTION ( 'NONE',  ( 0.000000000000000000, 0.000000000000000000, 1.000000000000000000 ) ) ;
#3569 = ADVANCED_FACE ( 'NONE', ( #6153 ), #4502, .T. ) ;
#3570 = SPHERICAL_SURFACE ( 'NONE', #7379, 0.3750000000000000000 ) ;
#3571 = SURFACE_STYLE_USAGE ( .BOTH. , #3515 ) ;
#3572 = CARTESIAN_POINT ( 'NONE',  ( 0.6349999999999992317, 0.3750000000000000000, -0.6349999999999992317 ) ) ;
#3573 = CLOSED_SHELL ( 'NONE', ( #6488, #6490, #2560 ) ) ;
#3574 = ORIENTED_EDGE ( 'NONE', *, *, #240, .T. ) ;
#3575 = STYLED_ITEM ( 'NONE', ( #1184 ), #10010 ) ;
#3576 = EDGE_CURVE ( 'NONE', #509, #8806, #5758, .T. ) ;
#3577 = CIRCLE ( 'NONE', #4992, 0.3749999999999998890 ) ;
#3578 = EDGE_LOOP ( 'NONE', ( #4910, #1383, #9753 ) ) ;
#3579 = ADVANCED_FACE ( 'NONE', ( #7951 ), #2020, .F. ) ;
#3580 = PRESENTATION_STYLE_ASSIGNMENT (( #248 ) ) ;
#3581 = CIRCLE ( 'NONE', #7854, 0.3750000000000003331 ) ;
#3582 = VERTEX_POINT ( 'NONE', #7060 ) ;
#3583 = DIRECTION ( 'NONE',  ( -1.000000000000000000, 0.000000000000000000, 0.000000000000000000 ) ) ;
#3584 = VERTEX_POINT ( 'NONE', #981 ) ;
#3585 = DIRECTION ( 'NONE',  ( 0.000000000000000000, -0.000000000000000000, -1.000000000000000000 ) ) ;
#3586 = FACE_OUTER_BOUND ( 'NONE', #329, .T. ) ;
#3587 = AXIS2_PLACEMENT_3D ( 'NONE', #1246, #446, #10563 ) ;
#3588 = CARTESIAN_POINT ( 'NONE',  ( 6.985000000000000320, 0.3750000000000000000, 0.6350000000000001199 ) ) ;
#3589 = PRESENTATION_LAYER_ASSIGNMENT (  '', '', ( #7139 ) ) ;
#3590 = AXIS2_PLACEMENT_3D ( 'NONE', #6201, #334, #5313 ) ;
#3591 = DIRECTION ( 'NONE',  ( 1.000000000000000000, 0.000000000000000000, 0.000000000000000000 ) ) ;
#3592 = CIRCLE ( 'NONE', #8911, 0.1870828693386972497 ) ;
#3593 = COLOUR_RGB ( '',0.7921568627450980005, 0.8196078431372548767, 0.9333333333333333481 ) ;
#3594 = CARTESIAN_POINT ( 'NONE',  ( 3.174999999999999822, 0.000000000000000000, -0.6349999999999992317 ) ) ;
#3595 = VERTEX_POINT ( 'NONE', #10455 ) ;
#3596 = DIRECTION ( 'NONE',  ( -1.000000000000000000, 0.000000000000000000, 0.000000000000000000 ) ) ;
#3597 = AXIS2_PLACEMENT_3D ( 'NONE', #1793, #7778, #3485 ) ;
#3598 = ADVANCED_FACE ( 'NONE', ( #4602 ), #3774, .T. ) ;
#3599 = ORIENTED_EDGE ( 'NONE', *, *, #5490, .F. ) ;
#3600 = CARTESIAN_POINT ( 'NONE',  ( 2.987917130661302600, 0.6999999999999998446, 5.715000000000001634 ) ) ;
#3601 = CARTESIAN_POINT ( 'NONE',  ( -1.905000000000000471, 0.3750000000000000000, -3.174999999999999822 ) ) ;
#3602 = MECHANICAL_DESIGN_GEOMETRIC_PRESENTATION_REPRESENTATION (  '', ( #5197 ), #7516 ) ;
#3603 = ORIENTED_EDGE ( 'NONE', *, *, #8937, .F. ) ;
#3604 =( LENGTH_UNIT ( ) NAMED_UNIT ( * ) SI_UNIT ( .MILLI., .METRE. ) );
#3605 = PLANE ( 'NONE',  #679 ) ;
#3606 = DIRECTION ( 'NONE',  ( 1.000000000000000000, 0.000000000000000000, 0.000000000000000000 ) ) ;
#3607 = CIRCLE ( 'NONE', #5020, 0.3749999999999998890 ) ;
#3608 = CARTESIAN_POINT ( 'NONE',  ( 5.527917130661303524, 0.6999999999999998446, 1.905000000000000471 ) ) ;
#3609 = CARTESIAN_POINT ( 'NONE',  ( -1.905000000000000471, 0.6999999999999998446, 0.6350000000000001199 ) ) ;
#3610 = AXIS2_PLACEMENT_3D ( 'NONE', #7627, #856, #4279 ) ;
#3611 = AXIS2_PLACEMENT_3D ( 'NONE', #2053, #7325, #5574 ) ;
#3612 = DIRECTION ( 'NONE',  ( -0.000000000000000000, 1.000000000000000000, -0.000000000000000000 ) ) ;
#3613 = DIRECTION ( 'NONE',  ( 0.000000000000000000, -0.000000000000000000, -1.000000000000000000 ) ) ;
#3614 = MECHANICAL_DESIGN_GEOMETRIC_PRESENTATION_REPRESENTATION (  '', ( #927 ), #4136 ) ;
#3615 = CARTESIAN_POINT ( 'NONE',  ( -4.445000000000001172, 0.6999999999999998446, 1.905000000000000471 ) ) ;
#3616 = CARTESIAN_POINT ( 'NONE',  ( 3.174999999999999822, 0.3750000000000000000, -5.714999999999999858 ) ) ;
#3617 = SURFACE_STYLE_FILL_AREA ( #7750 ) ;
#3618 = EDGE_CURVE ( 'NONE', #911, #35, #122, .T. ) ;
#3619 = CARTESIAN_POINT ( 'NONE',  ( -4.445000000000001172, 0.3750000000000000000, -6.985000000000000320 ) ) ;
#3620 = AXIS2_PLACEMENT_3D ( 'NONE', #6316, #9742, #9684 ) ;
#3621 = PLANE ( 'NONE',  #1248 ) ;
#3622 = FACE_OUTER_BOUND ( 'NONE', #2817, .T. ) ;
#3623 = CARTESIAN_POINT ( 'NONE',  ( -5.715000000000000746, 0.000000000000000000, 4.445000000000001172 ) ) ;
#3624 = VECTOR ( 'NONE', #10661, 1000.000000000000000 ) ;
#3625 = ORIENTED_EDGE ( 'NONE', *, *, #7855, .T. ) ;
#3626 = CARTESIAN_POINT ( 'NONE',  ( -1.905000000000000471, 0.6999999999999998446, -0.6349999999999992317 ) ) ;
#3627 = CARTESIAN_POINT ( 'NONE',  ( 2.987917130661302600, 0.6999999999999998446, -0.6349999999999992317 ) ) ;
#3628 = EDGE_CURVE ( 'NONE', #3689, #7101, #10748, .T. ) ;
#3629 = PLANE ( 'NONE',  #9125 ) ;
#3630 = EDGE_LOOP ( 'NONE', ( #3291, #7452, #9453 ) ) ;
#3631 = EDGE_CURVE ( 'NONE', #5158, #2286, #4692, .T. ) ;
#3632 = EDGE_CURVE ( 'NONE', #7524, #8401, #3289, .T. ) ;
#3633 = AXIS2_PLACEMENT_3D ( 'NONE', #4889, #3061, #8292 ) ;
#3634 = AXIS2_PLACEMENT_3D ( 'NONE', #1767, #7813, #4305 ) ;
#3635 = AXIS2_PLACEMENT_3D ( 'NONE', #7206, #10536, #2904 ) ;
#3636 = EDGE_LOOP ( 'NONE', ( #7356, #5851, #6565, #3652 ) ) ;
#3637 = FILL_AREA_STYLE ('',( #4569 ) ) ;
#3638 = AXIS2_PLACEMENT_3D ( 'NONE', #9995, #4223, #5933 ) ;
#3639 = DIRECTION ( 'NONE',  ( 0.000000000000000000, 0.000000000000000000, -1.000000000000000000 ) ) ;
#3640 = ORIENTED_EDGE ( 'NONE', *, *, #10827, .T. ) ;
#3641 = DIRECTION ( 'NONE',  ( 1.000000000000000000, 0.000000000000000000, 0.000000000000000000 ) ) ;
#3642 =( LENGTH_UNIT ( ) NAMED_UNIT ( * ) SI_UNIT ( .MILLI., .METRE. ) );
#3643 = UNCERTAINTY_MEASURE_WITH_UNIT (LENGTH_MEASURE( 1.000000000000000082E-05 ), #6779, 'distance_accuracy_value', 'NONE');
#3644 = EDGE_LOOP ( 'NONE', ( #135, #3097, #8870 ) ) ;
#3645 = EDGE_CURVE ( 'NONE', #5548, #10865, #6669, .T. ) ;
#3646 = FACE_OUTER_BOUND ( 'NONE', #1564, .T. ) ;
#3647 = STYLED_ITEM ( 'NONE', ( #6222 ), #2623 ) ;
#3648 =( LENGTH_UNIT ( ) NAMED_UNIT ( * ) SI_UNIT ( .MILLI., .METRE. ) );
#3649 = SURFACE_STYLE_USAGE ( .BOTH. , #8650 ) ;
#3650 = DIRECTION ( 'NONE',  ( 0.000000000000000000, -1.000000000000000000, 0.000000000000000000 ) ) ;
#3651 = AXIS2_PLACEMENT_3D ( 'NONE', #4143, #4206, #10993 ) ;
#3652 = ORIENTED_EDGE ( 'NONE', *, *, #7967, .F. ) ;
#3653 = DIRECTION ( 'NONE',  ( 0.000000000000000000, 0.000000000000000000, -1.000000000000000000 ) ) ;
#3654 = UNCERTAINTY_MEASURE_WITH_UNIT (LENGTH_MEASURE( 1.000000000000000082E-05 ), #7509, 'distance_accuracy_value', 'NONE');
#3655 = ORIENTED_EDGE ( 'NONE', *, *, #4178, .F. ) ;
#3656 = DIRECTION ( 'NONE',  ( 0.000000000000000000, 0.000000000000000000, 1.000000000000000000 ) ) ;
#3657 = FACE_OUTER_BOUND ( 'NONE', #6721, .T. ) ;
#3658 = VERTEX_POINT ( 'NONE', #8006 ) ;
#3659 =( NAMED_UNIT ( * ) SI_UNIT ( $, .STERADIAN. ) SOLID_ANGLE_UNIT ( ) );
#3660 = DIRECTION ( 'NONE',  ( -1.000000000000000000, 0.000000000000000000, 0.000000000000000000 ) ) ;
#3661 = SURFACE_STYLE_USAGE ( .BOTH. , #225 ) ;
#3662 = DIRECTION ( 'NONE',  ( 1.000000000000000000, 0.000000000000000000, 0.000000000000000000 ) ) ;
#3663 = PRESENTATION_STYLE_ASSIGNMENT (( #9633 ) ) ;
#3664 = DIRECTION ( 'NONE',  ( 0.000000000000000000, 0.000000000000000000, 1.000000000000000000 ) ) ;
#3665 = AXIS2_PLACEMENT_3D ( 'NONE', #3239, #8358, #690 ) ;
#3666 = CARTESIAN_POINT ( 'NONE',  ( -1.905000000000000471, 0.000000000000000000, 5.715000000000001634 ) ) ;
#3667 = DIRECTION ( 'NONE',  ( 1.000000000000000000, 0.000000000000000000, 0.000000000000000000 ) ) ;
#3668 = CARTESIAN_POINT ( 'NONE',  ( 0.6349999999999992317, 0.000000000000000000, 6.985000000000001208 ) ) ;
#3669 = DIRECTION ( 'NONE',  ( 1.000000000000000000, 0.000000000000000000, 0.000000000000000000 ) ) ;
#3670 = SPHERICAL_SURFACE ( 'NONE', #339, 0.3750000000000000000 ) ;
#3671 = AXIS2_PLACEMENT_3D ( 'NONE', #5688, #9668, #6412 ) ;
#3672 = FILL_AREA_STYLE ('',( #236 ) ) ;
#3673 = VERTEX_POINT ( 'NONE', #8830 ) ;
#3674 = CARTESIAN_POINT ( 'NONE',  ( -7.500000000000005329, 0.7000000000000000666, 7.500000000000001776 ) ) ;
#3675 = EDGE_CURVE ( 'NONE', #5019, #8378, #10926, .T. ) ;
#3676 = AXIS2_PLACEMENT_3D ( 'NONE', #1341, #486, #3913 ) ;
#3677 = DIRECTION ( 'NONE',  ( 0.000000000000000000, 0.000000000000000000, 1.000000000000000000 ) ) ;
#3678 = MECHANICAL_DESIGN_GEOMETRIC_PRESENTATION_REPRESENTATION (  '', ( #2235 ), #10789 ) ;
#3679 =( NAMED_UNIT ( * ) PLANE_ANGLE_UNIT ( ) SI_UNIT ( $, .RADIAN. ) );
#3680 =( NAMED_UNIT ( * ) SI_UNIT ( $, .STERADIAN. ) SOLID_ANGLE_UNIT ( ) );
#3681 = CARTESIAN_POINT ( 'NONE',  ( -5.527917130661303524, 0.6999999999999998446, 0.6350000000000001199 ) ) ;
#3682 = COLOUR_RGB ( '',0.7921568627450980005, 0.8196078431372548767, 0.9333333333333333481 ) ;
#3683 = AXIS2_PLACEMENT_3D ( 'NONE', #6573, #2442, #580 ) ;
#3684 =( LENGTH_UNIT ( ) NAMED_UNIT ( * ) SI_UNIT ( .MILLI., .METRE. ) );
#3685 = VERTEX_POINT ( 'NONE', #6209 ) ;
#3686 = ADVANCED_FACE ( 'NONE', ( #5269 ), #10566, .F. ) ;
#3687 = DIRECTION ( 'NONE',  ( 0.000000000000000000, 0.000000000000000000, -1.000000000000000000 ) ) ;
#3688 = AXIS2_PLACEMENT_3D ( 'NONE', #5124, #3568, #78 ) ;
#3689 = VERTEX_POINT ( 'NONE', #1139 ) ;
#3690 =( LENGTH_UNIT ( ) NAMED_UNIT ( * ) SI_UNIT ( .MILLI., .METRE. ) );
#3691 = SURFACE_STYLE_FILL_AREA ( #3852 ) ;
#3692 = AXIS2_PLACEMENT_3D ( 'NONE', #2705, #5358, #3596 ) ;
#3693 = EDGE_LOOP ( 'NONE', ( #8085, #3290 ) ) ;
#3694 = SPHERICAL_SURFACE ( 'NONE', #4479, 0.3750000000000000000 ) ;
#3695 = CARTESIAN_POINT ( 'NONE',  ( -2.092082869338697915, 0.6999999999999998446, 3.175000000000000711 ) ) ;
#3696 =( NAMED_UNIT ( * ) SI_UNIT ( $, .STERADIAN. ) SOLID_ANGLE_UNIT ( ) );
#3697 = DIRECTION ( 'NONE',  ( 0.000000000000000000, -1.000000000000000000, 0.000000000000000000 ) ) ;
#3698 = CARTESIAN_POINT ( 'NONE',  ( -4.445000000000001172, 0.6999999999999999556, 4.445000000000001172 ) ) ;
#3699 = STYLED_ITEM ( 'NONE', ( #9033 ), #10063 ) ;
#3700 = SURFACE_STYLE_USAGE ( .BOTH. , #6029 ) ;
#3701 = ADVANCED_FACE ( 'NONE', ( #4547 ), #9688, .T. ) ;
#3702 = CIRCLE ( 'NONE', #839, 0.1870828693386972497 ) ;
#3703 = DIRECTION ( 'NONE',  ( -0.000000000000000000, 1.000000000000000000, -0.000000000000000000 ) ) ;
#3704 = ADVANCED_FACE ( 'NONE', ( #5322 ), #4397, .T. ) ;
#3705 = VERTEX_POINT ( 'NONE', #1089 ) ;
#3706 = DIRECTION ( 'NONE',  ( 0.000000000000000000, 0.000000000000000000, 1.000000000000000000 ) ) ;
#3707 = EDGE_LOOP ( 'NONE', ( #630, #4786, #7957 ) ) ;
#3708 = STYLED_ITEM ( 'NONE', ( #3482 ), #10143 ) ;
#3709 = LINE ( 'NONE', #9674, #2715 ) ;
#3710 = DIRECTION ( 'NONE',  ( 0.000000000000000000, 0.000000000000000000, 1.000000000000000000 ) ) ;
#3711 = VERTEX_POINT ( 'NONE', #3221 ) ;
#3712 = AXIS2_PLACEMENT_3D ( 'NONE', #5420, #333, #1187 ) ;
#3713 = DIRECTION ( 'NONE',  ( 0.000000000000000000, -1.000000000000000000, 0.000000000000000000 ) ) ;
#3714 = CARTESIAN_POINT ( 'NONE',  ( 0.6349999999999992317, 0.000000000000000000, 0.6350000000000001199 ) ) ;
#3715 = FACE_OUTER_BOUND ( 'NONE', #2685, .T. ) ;
#3716 = FILL_AREA_STYLE ('',( #5071 ) ) ;
#3717 = CIRCLE ( 'NONE', #3533, 0.1870828693386972497 ) ;
#3718 = EDGE_CURVE ( 'NONE', #651, #7837, #221, .T. ) ;
#3719 = CARTESIAN_POINT ( 'NONE',  ( 1.904999999999999583, 0.6999999999999998446, 4.445000000000001172 ) ) ;
#3720 = STYLED_ITEM ( 'NONE', ( #1892 ), #5935 ) ;
#3721 =( NAMED_UNIT ( * ) PLANE_ANGLE_UNIT ( ) SI_UNIT ( $, .RADIAN. ) );
#3722 = DIRECTION ( 'NONE',  ( 0.000000000000000000, 0.000000000000000000, 1.000000000000000000 ) ) ;
#3723 = STYLED_ITEM ( 'NONE', ( #8145 ), #10458 ) ;
#3724 = DIRECTION ( 'NONE',  ( 1.000000000000000000, 0.000000000000000000, 0.000000000000000000 ) ) ;
#3725 = CARTESIAN_POINT ( 'NONE',  ( 0.6349999999999992317, 0.6999999999999998446, 1.905000000000000471 ) ) ;
#3726 = AXIS2_PLACEMENT_3D ( 'NONE', #11019, #5951, #873 ) ;
#3727 = SURFACE_STYLE_USAGE ( .BOTH. , #1200 ) ;
#3728 = ORIENTED_EDGE ( 'NONE', *, *, #11028, .T. ) ;
#3729 = EDGE_LOOP ( 'NONE', ( #3764, #10936, #4129 ) ) ;
#3730 = PLANE ( 'NONE',  #7793 ) ;
#3731 = AXIS2_PLACEMENT_3D ( 'NONE', #709, #36, #778 ) ;
#3732 = VERTEX_POINT ( 'NONE', #10675 ) ;
#3733 = DIRECTION ( 'NONE',  ( 0.000000000000000000, 0.000000000000000000, 1.000000000000000000 ) ) ;
#3734 = FILL_AREA_STYLE_COLOUR ( '', #10738 ) ;
#3735 = CIRCLE ( 'NONE', #4285, 0.1870828693386972497 ) ;
#3736 = SPHERICAL_SURFACE ( 'NONE', #602, 0.3750000000000000000 ) ;
#3737 = AXIS2_PLACEMENT_3D ( 'NONE', #8775, #9571, #3767 ) ;
#3738 = VERTEX_POINT ( 'NONE', #3048 ) ;
#3739 = ORIENTED_EDGE ( 'NONE', *, *, #4847, .T. ) ;
#3740 = CLOSED_SHELL ( 'NONE', ( #764, #4165, #8528 ) ) ;
#3741 = FACE_OUTER_BOUND ( 'NONE', #6919, .T. ) ;
#3742 = ORIENTED_EDGE ( 'NONE', *, *, #10451, .F. ) ;
#3743 = CARTESIAN_POINT ( 'NONE',  ( -5.527917130661303524, 0.6999999999999998446, -1.904999999999999583 ) ) ;
#3744 =( NAMED_UNIT ( * ) SI_UNIT ( $, .STERADIAN. ) SOLID_ANGLE_UNIT ( ) );
#3745 = STYLED_ITEM ( 'NONE', ( #2652 ), #9991 ) ;
#3746 = ORIENTED_EDGE ( 'NONE', *, *, #7075, .T. ) ;
#3747 = FACE_OUTER_BOUND ( 'NONE', #7478, .T. ) ;
#3748 = PRESENTATION_STYLE_ASSIGNMENT (( #8858 ) ) ;
#3749 = EDGE_CURVE ( 'NONE', #916, #6277, #7745, .T. ) ;
#3750 = CARTESIAN_POINT ( 'NONE',  ( -7.500000000000005329, 0.7000000000000000666, 7.500000000000001776 ) ) ;
#3751 = EDGE_CURVE ( 'NONE', #2116, #4274, #7384, .T. ) ;
#3752 = AXIS2_PLACEMENT_3D ( 'NONE', #7746, #63, #807 ) ;
#3753 = FACE_OUTER_BOUND ( 'NONE', #1688, .T. ) ;
#3754 = FILL_AREA_STYLE ('',( #8197 ) ) ;
#3755 = AXIS2_PLACEMENT_3D ( 'NONE', #9585, #346, #3564 ) ;
#3756 = PRESENTATION_STYLE_ASSIGNMENT (( #9024 ) ) ;
#3757 = CARTESIAN_POINT ( 'NONE',  ( 6.985000000000000320, 0.6999999999999998446, -3.174999999999999822 ) ) ;
#3758 = ORIENTED_EDGE ( 'NONE', *, *, #3251, .T. ) ;
#3759 = CARTESIAN_POINT ( 'NONE',  ( 0.6349999999999992317, 0.3750000000000000000, -1.904999999999999583 ) ) ;
#3760 = CIRCLE ( 'NONE', #3587, 0.3750000000000003331 ) ;
#3761 = ORIENTED_EDGE ( 'NONE', *, *, #372, .T. ) ;
#3762 = EDGE_CURVE ( 'NONE', #6400, #8615, #3820, .T. ) ;
#3763 = CARTESIAN_POINT ( 'NONE',  ( -0.6350000000000001199, 0.000000000000000000, -4.444999999999999396 ) ) ;
#3764 = ORIENTED_EDGE ( 'NONE', *, *, #8777, .F. ) ;
#3765 = AXIS2_PLACEMENT_3D ( 'NONE', #9424, #3768, #7173 ) ;
#3766 = ADVANCED_FACE ( 'NONE', ( #2251 ), #5482, .T. ) ;
#3767 = DIRECTION ( 'NONE',  ( 1.000000000000000000, 0.000000000000000000, 0.000000000000000000 ) ) ;
#3768 = DIRECTION ( 'NONE',  ( 1.224646799147353207E-16, 0.000000000000000000, -1.000000000000000000 ) ) ;
#3769 = FILL_AREA_STYLE ('',( #8722 ) ) ;
#3770 = CIRCLE ( 'NONE', #9425, 0.1870828693386972497 ) ;
#3771 = AXIS2_PLACEMENT_3D ( 'NONE', #589, #4016, #3193 ) ;
#3772 = FACE_OUTER_BOUND ( 'NONE', #5910, .T. ) ;
#3773 = SURFACE_STYLE_FILL_AREA ( #2201 ) ;
#3774 = SPHERICAL_SURFACE ( 'NONE', #1844, 0.3750000000000000000 ) ;
#3775 = CIRCLE ( 'NONE', #6974, 0.1870828693386972497 ) ;
#3776 = PRESENTATION_LAYER_ASSIGNMENT (  '', '', ( #5021 ) ) ;
#3777 = CARTESIAN_POINT ( 'NONE',  ( 0.8220828693386965647, 0.6999999999999998446, -5.714999999999999858 ) ) ;
#3778 = CARTESIAN_POINT ( 'NONE',  ( 1.904999999999999583, 0.000000000000000000, -1.904999999999999583 ) ) ;
#3779 = EDGE_CURVE ( 'NONE', #10518, #1923, #10386, .T. ) ;
#3780 = AXIS2_PLACEMENT_3D ( 'NONE', #3907, #1171, #9020 ) ;
#3781 = FACE_OUTER_BOUND ( 'NONE', #2273, .T. ) ;
#3782 = CIRCLE ( 'NONE', #366, 0.3750000000000003331 ) ;
#3783 = DIRECTION ( 'NONE',  ( 1.000000000000000000, -0.000000000000000000, 0.000000000000000000 ) ) ;
#3784 = FILL_AREA_STYLE ('',( #6217 ) ) ;
#3785 = PRESENTATION_LAYER_ASSIGNMENT (  '', '', ( #8589 ) ) ;
#3786 = ORIENTED_EDGE ( 'NONE', *, *, #4926, .F. ) ;
#3787 = ORIENTED_EDGE ( 'NONE', *, *, #3905, .T. ) ;
#3788 = CARTESIAN_POINT ( 'NONE',  ( 0.6349999999999992317, 0.6999999999999998446, 4.445000000000001172 ) ) ;
#3789 = VERTEX_POINT ( 'NONE', #3878 ) ;
#3790 = DIRECTION ( 'NONE',  ( 0.000000000000000000, 0.000000000000000000, 1.000000000000000000 ) ) ;
#3791 = SURFACE_SIDE_STYLE ('',( #9597 ) ) ;
#3792 = DIRECTION ( 'NONE',  ( 0.000000000000000000, 0.000000000000000000, 1.000000000000000000 ) ) ;
#3793 = CARTESIAN_POINT ( 'NONE',  ( -1.905000000000000471, 0.3750000000000000000, 5.715000000000001634 ) ) ;
#3794 = MECHANICAL_DESIGN_GEOMETRIC_PRESENTATION_REPRESENTATION (  '', ( #4335 ), #6649 ) ;
#3795 = ORIENTED_EDGE ( 'NONE', *, *, #7585, .F. ) ;
#3796 = CARTESIAN_POINT ( 'NONE',  ( -6.985000000000000320, 0.6999999999999998446, -6.985000000000000320 ) ) ;
#3797 = ORIENTED_EDGE ( 'NONE', *, *, #7804, .T. ) ;
#3798 = CARTESIAN_POINT ( 'NONE',  ( -1.905000000000000471, 0.6999999999999998446, -6.985000000000000320 ) ) ;
#3799 = EDGE_LOOP ( 'NONE', ( #143, #6670 ) ) ;
#3800 = CARTESIAN_POINT ( 'NONE',  ( -6.985000000000000320, 0.6999999999999998446, -6.985000000000000320 ) ) ;
#3801 = AXIS2_PLACEMENT_3D ( 'NONE', #3204, #2582, #1682 ) ;
#3802 = ORIENTED_EDGE ( 'NONE', *, *, #2368, .T. ) ;
#3803 = CARTESIAN_POINT ( 'NONE',  ( -3.362082869338697932, 0.6999999999999998446, -1.904999999999999583 ) ) ;
#3804 = CARTESIAN_POINT ( 'NONE',  ( -2.987917130661303489, 0.6999999999999998446, -6.985000000000000320 ) ) ;
#3805 = CARTESIAN_POINT ( 'NONE',  ( 3.174999999999999822, 0.3750000000000000000, -5.714999999999999858 ) ) ;
#3806 = DIRECTION ( 'NONE',  ( 1.000000000000000000, 0.000000000000000000, 0.000000000000000000 ) ) ;
#3807 = CIRCLE ( 'NONE', #4353, 0.1870828693386972497 ) ;
#3808 = ADVANCED_FACE ( 'NONE', ( #7402 ), #6553, .T. ) ;
#3809 = FILL_AREA_STYLE_COLOUR ( '', #6572 ) ;
#3810 =( LENGTH_UNIT ( ) NAMED_UNIT ( * ) SI_UNIT ( .MILLI., .METRE. ) );
#3811 = DIRECTION ( 'NONE',  ( 0.000000000000000000, 0.000000000000000000, 1.000000000000000000 ) ) ;
#3812 = EDGE_CURVE ( 'NONE', #3075, #9627, #9808, .T. ) ;
#3813 = CIRCLE ( 'NONE', #8620, 0.3750000000000003331 ) ;
#3814 = VERTEX_POINT ( 'NONE', #615 ) ;
#3815 = DIRECTION ( 'NONE',  ( -1.000000000000000000, 0.000000000000000000, 0.000000000000000000 ) ) ;
#3816 = AXIS2_PLACEMENT_3D ( 'NONE', #2569, #10073, #9123 ) ;
#3817 = VERTEX_POINT ( 'NONE', #6377 ) ;
#3818 = DIRECTION ( 'NONE',  ( -1.000000000000000000, 0.000000000000000000, 0.000000000000000000 ) ) ;
#3819 = DIRECTION ( 'NONE',  ( 0.000000000000000000, 0.000000000000000000, 1.000000000000000000 ) ) ;
#3820 = CIRCLE ( 'NONE', #2381, 0.1870828693386972497 ) ;
#3821 = EDGE_LOOP ( 'NONE', ( #3603, #1039, #5565 ) ) ;
#3822 = CARTESIAN_POINT ( 'NONE',  ( 7.499999999999994671, 0.7000000000000000666, 7.500000000000001776 ) ) ;
#3823 = DIRECTION ( 'NONE',  ( 1.000000000000000000, 0.000000000000000000, 0.000000000000000000 ) ) ;
#3824 = DIRECTION ( 'NONE',  ( 1.224646799147353207E-16, 0.000000000000000000, -1.000000000000000000 ) ) ;
#3825 = PLANE ( 'NONE',  #9771 ) ;
#3826 = CARTESIAN_POINT ( 'NONE',  ( 2.987917130661302600, 0.6999999999999998446, -5.714999999999999858 ) ) ;
#3827 = CARTESIAN_POINT ( 'NONE',  ( -1.905000000000000471, 0.6999999999999998446, -0.6349999999999992317 ) ) ;
#3828 = EDGE_CURVE ( 'NONE', #10875, #5240, #7911, .T. ) ;
#3829 = EDGE_CURVE ( 'NONE', #9218, #5073, #5231, .T. ) ;
#3830 = FILL_AREA_STYLE_COLOUR ( '', #27 ) ;
#3831 = CARTESIAN_POINT ( 'NONE',  ( 6.985000000000000320, 0.6999999999999998446, 1.905000000000000471 ) ) ;
#3832 = CARTESIAN_POINT ( 'NONE',  ( 1.904999999999999583, 0.3750000000000000000, -0.6349999999999992317 ) ) ;
#3833 = DIRECTION ( 'NONE',  ( 1.000000000000000000, 0.000000000000000000, 0.000000000000000000 ) ) ;
#3834 = SURFACE_STYLE_FILL_AREA ( #9694 ) ;
#3835 = SURFACE_STYLE_FILL_AREA ( #3784 ) ;
#3836 = ORIENTED_EDGE ( 'NONE', *, *, #372, .F. ) ;
#3837 = EDGE_LOOP ( 'NONE', ( #10644, #7815, #6467 ) ) ;
#3838 = ADVANCED_FACE ( 'NONE', ( #4879 ), #1416, .T. ) ;
#3839 = AXIS2_PLACEMENT_3D ( 'NONE', #9943, #1540, #5828 ) ;
#3840 = ADVANCED_FACE ( 'NONE', ( #562 ), #4042, .T. ) ;
#3841 = CARTESIAN_POINT ( 'NONE',  ( -0.6350000000000001199, 0.3750000000000000000, 4.445000000000001172 ) ) ;
#3842 = DIRECTION ( 'NONE',  ( 0.000000000000000000, -0.000000000000000000, -1.000000000000000000 ) ) ;
#3843 = CIRCLE ( 'NONE', #5784, 0.3750000000000003331 ) ;
#3844 = DIRECTION ( 'NONE',  ( 1.000000000000000000, 0.000000000000000000, 0.000000000000000000 ) ) ;
#3845 =( NAMED_UNIT ( * ) PLANE_ANGLE_UNIT ( ) SI_UNIT ( $, .RADIAN. ) );
#3846 = FACE_OUTER_BOUND ( 'NONE', #8442, .T. ) ;
#3847 = EDGE_CURVE ( 'NONE', #8253, #3254, #1493, .T. ) ;
#3848 = EDGE_LOOP ( 'NONE', ( #433, #1863 ) ) ;
#3849 = DIRECTION ( 'NONE',  ( 0.000000000000000000, 0.000000000000000000, 1.000000000000000000 ) ) ;
#3850 = VERTEX_POINT ( 'NONE', #4657 ) ;
#3851 = PRESENTATION_STYLE_ASSIGNMENT (( #5451 ) ) ;
#3852 = FILL_AREA_STYLE ('',( #254 ) ) ;
#3853 = VERTEX_POINT ( 'NONE', #8066 ) ;
#3854 = DIRECTION ( 'NONE',  ( 0.000000000000000000, -1.000000000000000000, 0.000000000000000000 ) ) ;
#3855 = AXIS2_PLACEMENT_3D ( 'NONE', #4139, #1509, #4913 ) ;
#3856 = SPHERICAL_SURFACE ( 'NONE', #10711, 0.3750000000000000000 ) ;
#3857 = CARTESIAN_POINT ( 'NONE',  ( 0.6349999999999992317, 0.000000000000000000, 3.175000000000000711 ) ) ;
#3858 = ADVANCED_FACE ( 'NONE', ( #8163 ), #7228, .T. ) ;
#3859 = CARTESIAN_POINT ( 'NONE',  ( -3.175000000000000711, 0.3750000000000000000, 6.985000000000001208 ) ) ;
#3860 = FACE_OUTER_BOUND ( 'NONE', #10022, .T. ) ;
#3861 = PRESENTATION_LAYER_ASSIGNMENT (  '', '', ( #3340 ) ) ;
#3862 = ORIENTED_EDGE ( 'NONE', *, *, #10622, .T. ) ;
#3863 = DIRECTION ( 'NONE',  ( 1.224646799147353207E-16, 0.000000000000000000, -1.000000000000000000 ) ) ;
#3864 = ORIENTED_EDGE ( 'NONE', *, *, #6847, .T. ) ;
#3865 = PLANE ( 'NONE',  #186 ) ;
#3866 = CARTESIAN_POINT ( 'NONE',  ( 6.985000000000000320, 0.000000000000000000, -3.174999999999999822 ) ) ;
#3867 = ORIENTED_EDGE ( 'NONE', *, *, #2195, .F. ) ;
#3868 = SPHERICAL_SURFACE ( 'NONE', #10083, 0.3750000000000000000 ) ;
#3869 = CARTESIAN_POINT ( 'NONE',  ( -0.6350000000000001199, 0.3750000000000000000, 6.985000000000001208 ) ) ;
#3870 = CARTESIAN_POINT ( 'NONE',  ( -4.445000000000001172, 0.3750000000000000000, 1.905000000000000471 ) ) ;
#3871 = CARTESIAN_POINT ( 'NONE',  ( -6.985000000000000320, 0.3750000000000000000, 4.445000000000001172 ) ) ;
#3872 = AXIS2_PLACEMENT_3D ( 'NONE', #1991, #3067, #5609 ) ;
#3873 = FILL_AREA_STYLE_COLOUR ( '', #557 ) ;
#3874 = PLANE ( 'NONE',  #524 ) ;
#3875 = AXIS2_PLACEMENT_3D ( 'NONE', #10804, #5777, #6746 ) ;
#3876 = PLANE ( 'NONE',  #9463 ) ;
#3877 = AXIS2_PLACEMENT_3D ( 'NONE', #3981, #7396, #7220 ) ;
#3878 = CARTESIAN_POINT ( 'NONE',  ( -5.902082869338697968, 0.6999999999999998446, -5.714999999999999858 ) ) ;
#3879 = CARTESIAN_POINT ( 'NONE',  ( -1.905000000000000471, 0.3750000000000000000, 3.175000000000000711 ) ) ;
#3880 = DIRECTION ( 'NONE',  ( 1.000000000000000000, 0.000000000000000000, 0.000000000000000000 ) ) ;
#3881 = EDGE_CURVE ( 'NONE', #6234, #5339, #50, .T. ) ;
#3882 = PRESENTATION_LAYER_ASSIGNMENT (  '', '', ( #9195 ) ) ;
#3883 = EDGE_CURVE ( 'NONE', #10927, #1838, #7202, .T. ) ;
#3884 = FACE_OUTER_BOUND ( 'NONE', #4783, .T. ) ;
#3885 = SURFACE_SIDE_STYLE ('',( #2889 ) ) ;
#3886 = ORIENTED_EDGE ( 'NONE', *, *, #9803, .T. ) ;
#3887 = VERTEX_POINT ( 'NONE', #857 ) ;
#3888 = CARTESIAN_POINT ( 'NONE',  ( 6.985000000000000320, 0.3750000000000000000, -4.444999999999999396 ) ) ;
#3889 = STYLED_ITEM ( 'NONE', ( #9874 ), #10363 ) ;
#3890 = CARTESIAN_POINT ( 'NONE',  ( 6.985000000000000320, 0.3750000000000000000, -3.174999999999999822 ) ) ;
#3891 = COLOUR_RGB ( '',0.7921568627450980005, 0.8196078431372548767, 0.9333333333333333481 ) ;
#3892 = DIRECTION ( 'NONE',  ( 0.000000000000000000, 0.000000000000000000, 1.000000000000000000 ) ) ;
#3893 = EDGE_CURVE ( 'NONE', #7508, #4928, #6475, .T. ) ;
#3894 = PRESENTATION_LAYER_ASSIGNMENT (  '', '', ( #3557 ) ) ;
#3895 = DIRECTION ( 'NONE',  ( 0.000000000000000000, -1.000000000000000000, 0.000000000000000000 ) ) ;
#3896 = PLANE ( 'NONE',  #1931 ) ;
#3897 = ORIENTED_EDGE ( 'NONE', *, *, #10304, .T. ) ;
#3898 = DIRECTION ( 'NONE',  ( 0.000000000000000000, -0.000000000000000000, -1.000000000000000000 ) ) ;
#3899 = AXIS2_PLACEMENT_3D ( 'NONE', #3832, #10345, #9583 ) ;
#3900 = FACE_OUTER_BOUND ( 'NONE', #1506, .T. ) ;
#3901 = EDGE_LOOP ( 'NONE', ( #2848, #2957, #4861 ) ) ;
#3902 = AXIS2_PLACEMENT_3D ( 'NONE', #4782, #2271, #365 ) ;
#3903 = FACE_OUTER_BOUND ( 'NONE', #6366, .T. ) ;
#3904 = CARTESIAN_POINT ( 'NONE',  ( 0.6349999999999992317, 0.3750000000000000000, -5.714999999999999858 ) ) ;
#3905 = EDGE_CURVE ( 'NONE', #8317, #2748, #6107, .T. ) ;
#3906 = AXIS2_PLACEMENT_3D ( 'NONE', #9747, #1529, #6554 ) ;
#3907 = CARTESIAN_POINT ( 'NONE',  ( -1.905000000000000471, 0.3750000000000000000, -6.985000000000000320 ) ) ;
#3908 = CLOSED_SHELL ( 'NONE', ( #1724, #34, #1420 ) ) ;
#3909 = DIRECTION ( 'NONE',  ( 1.000000000000000000, 0.000000000000000000, 0.000000000000000000 ) ) ;
#3910 = FILL_AREA_STYLE ('',( #483 ) ) ;
#3911 = CARTESIAN_POINT ( 'NONE',  ( 7.499999999999994671, 0.7000000000000000666, -7.499999999999998224 ) ) ;
#3912 = EDGE_LOOP ( 'NONE', ( #4337, #968, #718 ) ) ;
#3913 = DIRECTION ( 'NONE',  ( 0.000000000000000000, 0.000000000000000000, 1.000000000000000000 ) ) ;
#3914 = ORIENTED_EDGE ( 'NONE', *, *, #376, .F. ) ;
#3915 = CARTESIAN_POINT ( 'NONE',  ( 5.715000000000000746, 0.3750000000000000000, -1.904999999999999583 ) ) ;
#3916 = CARTESIAN_POINT ( 'NONE',  ( 3.174999999999999822, 0.6999999999999999556, 6.985000000000001208 ) ) ;
#3917 = ORIENTED_EDGE ( 'NONE', *, *, #2115, .F. ) ;
#3918 = CLOSED_SHELL ( 'NONE', ( #3569, #8841, #7232 ) ) ;
#3919 = DIRECTION ( 'NONE',  ( 1.224646799147353207E-16, 0.000000000000000000, -1.000000000000000000 ) ) ;
#3920 = DIRECTION ( 'NONE',  ( 0.000000000000000000, 0.000000000000000000, 1.000000000000000000 ) ) ;
#3921 = FACE_OUTER_BOUND ( 'NONE', #10088, .T. ) ;
#3922 = PRESENTATION_LAYER_ASSIGNMENT (  '', '', ( #1774 ) ) ;
#3923 = DIRECTION ( 'NONE',  ( 0.000000000000000000, 1.000000000000000000, 0.000000000000000000 ) ) ;
#3924 = AXIS2_PLACEMENT_3D ( 'NONE', #9574, #10450, #7898 ) ;
#3925 = DIRECTION ( 'NONE',  ( 0.000000000000000000, 0.000000000000000000, -1.000000000000000000 ) ) ;
#3926 = AXIS2_PLACEMENT_3D ( 'NONE', #969, #4155, #10170 ) ;
#3927 = CIRCLE ( 'NONE', #10158, 0.3750000000000000000 ) ;
#3928 = SURFACE_STYLE_FILL_AREA ( #5591 ) ;
#3929 =( NAMED_UNIT ( * ) PLANE_ANGLE_UNIT ( ) SI_UNIT ( $, .RADIAN. ) );
#3930 = CARTESIAN_POINT ( 'NONE',  ( -1.905000000000000471, 0.6999999999999998446, 6.985000000000001208 ) ) ;
#3931 = SURFACE_STYLE_FILL_AREA ( #10898 ) ;
#3932 = CARTESIAN_POINT ( 'NONE',  ( -5.715000000000000746, 0.3750000000000000000, 3.175000000000000711 ) ) ;
#3933 = AXIS2_PLACEMENT_3D ( 'NONE', #2984, #4711, #6374 ) ;
#3934 = DIRECTION ( 'NONE',  ( 0.000000000000000000, -0.000000000000000000, -1.000000000000000000 ) ) ;
#3935 = AXIS2_PLACEMENT_3D ( 'NONE', #3174, #629, #1596 ) ;
#3936 = CIRCLE ( 'NONE', #5715, 0.5999999999999998668 ) ;
#3937 = EDGE_CURVE ( 'NONE', #1939, #8548, #9826, .T. ) ;
#3938 = ORIENTED_EDGE ( 'NONE', *, *, #6108, .T. ) ;
#3939 = VERTEX_POINT ( 'NONE', #5817 ) ;
#3940 = SURFACE_STYLE_USAGE ( .BOTH. , #4668 ) ;
#3941 = AXIS2_PLACEMENT_3D ( 'NONE', #5448, #474, #9659 ) ;
#3942 = DIRECTION ( 'NONE',  ( 1.000000000000000000, 0.000000000000000000, 0.000000000000000000 ) ) ;
#3943 = FILL_AREA_STYLE ('',( #5720 ) ) ;
#3944 = PRESENTATION_LAYER_ASSIGNMENT (  '', '', ( #2873 ) ) ;
#3945 = ADVANCED_FACE ( 'NONE', ( #10108 ), #10171, .F. ) ;
#3946 = ORIENTED_EDGE ( 'NONE', *, *, #7195, .F. ) ;
#3947 = SPHERICAL_SURFACE ( 'NONE', #10916, 0.3750000000000000000 ) ;
#3948 = CIRCLE ( 'NONE', #9269, 0.3749999999999998890 ) ;
#3949 = CARTESIAN_POINT ( 'NONE',  ( -5.715000000000000746, 0.6999999999999998446, -4.444999999999999396 ) ) ;
#3950 =( GEOMETRIC_REPRESENTATION_CONTEXT ( 3 ) GLOBAL_UNCERTAINTY_ASSIGNED_CONTEXT ( ( #7989 ) ) GLOBAL_UNIT_ASSIGNED_CONTEXT ( ( #2448, #5018, #771 ) ) REPRESENTATION_CONTEXT ( 'NONE', 'WORKASPACE' ) );
#3951 = FACE_OUTER_BOUND ( 'NONE', #10958, .T. ) ;
#3952 = CARTESIAN_POINT ( 'NONE',  ( -0.8220828693386974528, 0.6999999999999998446, 6.985000000000001208 ) ) ;
#3953 = PRESENTATION_LAYER_ASSIGNMENT (  '', '', ( #1982 ) ) ;
#3954 =( LENGTH_UNIT ( ) NAMED_UNIT ( * ) SI_UNIT ( .MILLI., .METRE. ) );
#3955 = AXIS2_PLACEMENT_3D ( 'NONE', #10094, #9304, #1681 ) ;
#3956 = EDGE_CURVE ( 'NONE', #552, #7711, #8622, .T. ) ;
#3957 =( GEOMETRIC_REPRESENTATION_CONTEXT ( 3 ) GLOBAL_UNCERTAINTY_ASSIGNED_CONTEXT ( ( #8102 ) ) GLOBAL_UNIT_ASSIGNED_CONTEXT ( ( #3810, #1397, #2969 ) ) REPRESENTATION_CONTEXT ( 'NONE', 'WORKASPACE' ) );
#3958 = ORIENTED_EDGE ( 'NONE', *, *, #10778, .T. ) ;
#3959 = ADVANCED_FACE ( 'NONE', ( #1647 ), #4280, .T. ) ;
#3960 = VERTEX_POINT ( 'NONE', #9 ) ;
#3961 = EDGE_CURVE ( 'NONE', #6589, #8324, #5053, .T. ) ;
#3962 = ORIENTED_EDGE ( 'NONE', *, *, #9314, .F. ) ;
#3963 = CARTESIAN_POINT ( 'NONE',  ( 0.6349999999999992317, 0.3750000000000000000, 5.715000000000001634 ) ) ;
#3964 =( GEOMETRIC_REPRESENTATION_CONTEXT ( 3 ) GLOBAL_UNCERTAINTY_ASSIGNED_CONTEXT ( ( #5291 ) ) GLOBAL_UNIT_ASSIGNED_CONTEXT ( ( #9862, #3275, #7500 ) ) REPRESENTATION_CONTEXT ( 'NONE', 'WORKASPACE' ) );
#3965 = ORIENTED_EDGE ( 'NONE', *, *, #4528, .T. ) ;
#3966 = DIRECTION ( 'NONE',  ( -0.000000000000000000, 1.000000000000000000, -0.000000000000000000 ) ) ;
#3967 = STYLED_ITEM ( 'NONE', ( #2593 ), #3023 ) ;
#3968 = DIRECTION ( 'NONE',  ( 1.224646799147353207E-16, 0.000000000000000000, -1.000000000000000000 ) ) ;
#3969 = SURFACE_STYLE_USAGE ( .BOTH. , #9904 ) ;
#3970 = DIRECTION ( 'NONE',  ( 0.000000000000000000, 0.000000000000000000, 1.000000000000000000 ) ) ;
#3971 = ORIENTED_EDGE ( 'NONE', *, *, #2682, .F. ) ;
#3972 = CIRCLE ( 'NONE', #9809, 0.3750000000000003331 ) ;
#3973 = DIRECTION ( 'NONE',  ( 0.000000000000000000, 0.000000000000000000, -1.000000000000000000 ) ) ;
#3974 = ORIENTED_EDGE ( 'NONE', *, *, #1893, .F. ) ;
#3975 = UNCERTAINTY_MEASURE_WITH_UNIT (LENGTH_MEASURE( 1.000000000000000082E-05 ), #8805, 'distance_accuracy_value', 'NONE');
#3976 = ORIENTED_EDGE ( 'NONE', *, *, #2016, .T. ) ;
#3977 = CARTESIAN_POINT ( 'NONE',  ( 3.174999999999999822, 0.3750000000000000000, 4.445000000000001172 ) ) ;
#3978 = DIRECTION ( 'NONE',  ( 1.000000000000000000, 0.000000000000000000, 0.000000000000000000 ) ) ;
#3979 = ORIENTED_EDGE ( 'NONE', *, *, #7164, .F. ) ;
#3980 = CARTESIAN_POINT ( 'NONE',  ( -5.715000000000000746, 0.6999999999999998446, -1.904999999999999583 ) ) ;
#3981 = CARTESIAN_POINT ( 'NONE',  ( 4.445000000000000284, 0.3750000000000000000, 4.445000000000001172 ) ) ;
#3982 = CARTESIAN_POINT ( 'NONE',  ( 6.985000000000000320, 0.000000000000000000, 1.905000000000000471 ) ) ;
#3983 = CIRCLE ( 'NONE', #7908, 0.3749999999999998890 ) ;
#3984 = VECTOR ( 'NONE', #7072, 1000.000000000000000 ) ;
#3985 = SPHERICAL_SURFACE ( 'NONE', #10521, 0.3750000000000000000 ) ;
#3986 = EDGE_LOOP ( 'NONE', ( #7932, #7768, #2953 ) ) ;
#3987 = AXIS2_PLACEMENT_3D ( 'NONE', #5982, #11005, #8338 ) ;
#3988 = CARTESIAN_POINT ( 'NONE',  ( 5.715000000000000746, 0.3750000000000000000, -6.985000000000000320 ) ) ;
#3989 = VERTEX_POINT ( 'NONE', #6845 ) ;
#3990 = SPHERICAL_SURFACE ( 'NONE', #2229, 0.3750000000000000000 ) ;
#3991 = DIRECTION ( 'NONE',  ( 0.000000000000000000, 0.000000000000000000, -1.000000000000000000 ) ) ;
#3992 = PRESENTATION_STYLE_ASSIGNMENT (( #5762 ) ) ;
#3993 = DIRECTION ( 'NONE',  ( 0.000000000000000000, 0.000000000000000000, -1.000000000000000000 ) ) ;
#3994 = PRESENTATION_LAYER_ASSIGNMENT (  '', '', ( #2754 ) ) ;
#3995 = DIRECTION ( 'NONE',  ( 0.000000000000000000, 0.000000000000000000, 1.000000000000000000 ) ) ;
#3996 = FILL_AREA_STYLE_COLOUR ( '', #9393 ) ;
#3997 = VERTEX_POINT ( 'NONE', #10226 ) ;
#3998 = ORIENTED_EDGE ( 'NONE', *, *, #10087, .F. ) ;
#3999 =( NAMED_UNIT ( * ) SI_UNIT ( $, .STERADIAN. ) SOLID_ANGLE_UNIT ( ) );
#4000 = ORIENTED_EDGE ( 'NONE', *, *, #47, .F. ) ;
#4001 =( NAMED_UNIT ( * ) PLANE_ANGLE_UNIT ( ) SI_UNIT ( $, .RADIAN. ) );
#4002 = CARTESIAN_POINT ( 'NONE',  ( -3.175000000000000711, 0.6999999999999998446, 0.6350000000000001199 ) ) ;
#4003 = FACE_OUTER_BOUND ( 'NONE', #5526, .T. ) ;
#4004 = CARTESIAN_POINT ( 'NONE',  ( 2.092082869338697027, 0.6999999999999998446, 5.715000000000001634 ) ) ;
#4005 = ADVANCED_FACE ( 'NONE', ( #2542 ), #2597, .T. ) ;
#4006 = DIRECTION ( 'NONE',  ( 0.000000000000000000, 0.000000000000000000, -1.000000000000000000 ) ) ;
#4007 = FACE_OUTER_BOUND ( 'NONE', #4, .T. ) ;
#4008 = ORIENTED_EDGE ( 'NONE', *, *, #10636, .T. ) ;
#4009 = EDGE_CURVE ( 'NONE', #9896, #8837, #3108, .T. ) ;
#4010 = CIRCLE ( 'NONE', #8110, 0.1870828693386972497 ) ;
#4011 = ORIENTED_EDGE ( 'NONE', *, *, #4989, .F. ) ;
#4012 = ORIENTED_EDGE ( 'NONE', *, *, #6820, .T. ) ;
#4013 = FACE_OUTER_BOUND ( 'NONE', #3351, .T. ) ;
#4014 = CARTESIAN_POINT ( 'NONE',  ( -6.985000000000000320, 0.3750000000000000000, -5.714999999999999858 ) ) ;
#4015 = COLOUR_RGB ( '',0.7921568627450980005, 0.8196078431372548767, 0.9333333333333333481 ) ;
#4016 = DIRECTION ( 'NONE',  ( 0.000000000000000000, 1.000000000000000000, 0.000000000000000000 ) ) ;
#4018 = EDGE_CURVE ( 'NONE', #5492, #2794, #6854, .T. ) ;
#4017 = AXIS2_PLACEMENT_3D ( 'NONE', #9965, #834, #4254 ) ;
#4019 = FILL_AREA_STYLE ('',( #8970 ) ) ;
#4020 = ORIENTED_EDGE ( 'NONE', *, *, #7494, .F. ) ;
#4021 = DIRECTION ( 'NONE',  ( 1.224646799147353207E-16, 0.000000000000000000, -1.000000000000000000 ) ) ;
#4022 = ORIENTED_EDGE ( 'NONE', *, *, #6822, .T. ) ;
#4023 = CARTESIAN_POINT ( 'NONE',  ( 7.499999999999994671, 0.7000000000000000666, 7.500000000000001776 ) ) ;
#4024 = AXIS2_PLACEMENT_3D ( 'NONE', #2347, #5135, #7554 ) ;
#4025 = ORIENTED_EDGE ( 'NONE', *, *, #7765, .T. ) ;
#4026 = EDGE_LOOP ( 'NONE', ( #3303, #2008, #2977 ) ) ;
#4027 = SPHERICAL_SURFACE ( 'NONE', #2177, 0.3750000000000000000 ) ;
#4028 = CARTESIAN_POINT ( 'NONE',  ( 2.092082869338697027, 0.6999999999999998446, 6.985000000000001208 ) ) ;
#4029 = CARTESIAN_POINT ( 'NONE',  ( 0.6349999999999992317, 0.6999999999999998446, 0.6350000000000001199 ) ) ;
#4030 = EDGE_CURVE ( 'NONE', #949, #1461, #10215, .T. ) ;
#4031 = DIRECTION ( 'NONE',  ( 1.000000000000000000, 0.000000000000000000, 0.000000000000000000 ) ) ;
#4032 = VECTOR ( 'NONE', #7126, 1000.000000000000000 ) ;
#4033 =( LENGTH_UNIT ( ) NAMED_UNIT ( * ) SI_UNIT ( .MILLI., .METRE. ) );
#4034 = AXIS2_PLACEMENT_3D ( 'NONE', #7873, #202, #3641 ) ;
#4035 = MECHANICAL_DESIGN_GEOMETRIC_PRESENTATION_REPRESENTATION (  '', ( #7619 ), #2253 ) ;
#4036 = EDGE_CURVE ( 'NONE', #5562, #7440, #2011, .T. ) ;
#4037 = DIRECTION ( 'NONE',  ( 0.000000000000000000, 0.000000000000000000, 1.000000000000000000 ) ) ;
#4038 = ORIENTED_EDGE ( 'NONE', *, *, #6500, .T. ) ;
#4039 = FILL_AREA_STYLE ('',( #4979 ) ) ;
#4040 = PRESENTATION_LAYER_ASSIGNMENT (  '', '', ( #4411 ) ) ;
#4041 = DIRECTION ( 'NONE',  ( 0.000000000000000000, -1.000000000000000000, 0.000000000000000000 ) ) ;
#4042 = SPHERICAL_SURFACE ( 'NONE', #5572, 0.3750000000000000000 ) ;
#4043 = AXIS2_PLACEMENT_3D ( 'NONE', #913, #5147, #4275 ) ;
#4044 = SURFACE_SIDE_STYLE ('',( #616 ) ) ;
#4045 = MECHANICAL_DESIGN_GEOMETRIC_PRESENTATION_REPRESENTATION (  '', ( #93 ), #6168 ) ;
#4046 = DIRECTION ( 'NONE',  ( 1.000000000000000000, 0.000000000000000000, 0.000000000000000000 ) ) ;
#4047 = CARTESIAN_POINT ( 'NONE',  ( -5.715000000000000746, 0.3750000000000000000, 6.985000000000001208 ) ) ;
#4048 = EDGE_CURVE ( 'NONE', #5176, #10793, #7569, .T. ) ;
#4049 = ADVANCED_FACE ( 'NONE', ( #2481 ), #10896, .T. ) ;
#4050 =( GEOMETRIC_REPRESENTATION_CONTEXT ( 3 ) GLOBAL_UNCERTAINTY_ASSIGNED_CONTEXT ( ( #5856 ) ) GLOBAL_UNIT_ASSIGNED_CONTEXT ( ( #10313, #5349, #3696 ) ) REPRESENTATION_CONTEXT ( 'NONE', 'WORKASPACE' ) );
#4051 = DIRECTION ( 'NONE',  ( 0.000000000000000000, 0.000000000000000000, 1.000000000000000000 ) ) ;
#4052 = ORIENTED_EDGE ( 'NONE', *, *, #3437, .T. ) ;
#4053 = PRESENTATION_LAYER_ASSIGNMENT (  '', '', ( #6174 ) ) ;
#4054 = CARTESIAN_POINT ( 'NONE',  ( 6.797917130661303098, 0.6999999999999998446, 6.985000000000001208 ) ) ;
#4055 = ORIENTED_EDGE ( 'NONE', *, *, #455, .T. ) ;
#4056 = FACE_OUTER_BOUND ( 'NONE', #7491, .T. ) ;
#4057 = COLOUR_RGB ( '',0.000000000000000000, 0.7529411764705882248, 0.000000000000000000 ) ;
#4058 = CARTESIAN_POINT ( 'NONE',  ( -4.445000000000001172, 0.3750000000000000000, 1.905000000000000471 ) ) ;
#4059 = CIRCLE ( 'NONE', #3177, 0.3750000000000003331 ) ;
#4060 = CARTESIAN_POINT ( 'NONE',  ( -3.175000000000000711, 0.000000000000000000, 1.905000000000000471 ) ) ;
#4061 =( GEOMETRIC_REPRESENTATION_CONTEXT ( 3 ) GLOBAL_UNCERTAINTY_ASSIGNED_CONTEXT ( ( #10868 ) ) GLOBAL_UNIT_ASSIGNED_CONTEXT ( ( #10737, #10680, #8996 ) ) REPRESENTATION_CONTEXT ( 'NONE', 'WORKASPACE' ) );
#4062 = EDGE_LOOP ( 'NONE', ( #8013, #3140, #8571 ) ) ;
#4063 = EDGE_CURVE ( 'NONE', #965, #4348, #8087, .T. ) ;
#4064 =( LENGTH_UNIT ( ) NAMED_UNIT ( * ) SI_UNIT ( .MILLI., .METRE. ) );
#4065 = ORIENTED_EDGE ( 'NONE', *, *, #8167, .T. ) ;
#4066 =( LENGTH_UNIT ( ) NAMED_UNIT ( * ) SI_UNIT ( .MILLI., .METRE. ) );
#4067 = SPHERICAL_SURFACE ( 'NONE', #1456, 0.3750000000000000000 ) ;
#4068 = UNCERTAINTY_MEASURE_WITH_UNIT (LENGTH_MEASURE( 1.000000000000000082E-05 ), #8377, 'distance_accuracy_value', 'NONE');
#4069 = CIRCLE ( 'NONE', #2277, 0.1870828693386972497 ) ;
#4070 = MECHANICAL_DESIGN_GEOMETRIC_PRESENTATION_REPRESENTATION (  '', ( #3723 ), #312 ) ;
#4071 = CARTESIAN_POINT ( 'NONE',  ( -0.6350000000000001199, 0.6999999999999999556, -1.904999999999999583 ) ) ;
#4072 = AXIS2_PLACEMENT_3D ( 'NONE', #10540, #10062, #6294 ) ;
#4073 = ORIENTED_EDGE ( 'NONE', *, *, #7981, .F. ) ;
#4074 = EDGE_CURVE ( 'NONE', #7974, #7237, #3298, .T. ) ;
#4075 = DIRECTION ( 'NONE',  ( 0.000000000000000000, -0.000000000000000000, -1.000000000000000000 ) ) ;
#4076 = AXIS2_PLACEMENT_3D ( 'NONE', #5338, #88, #5398 ) ;
#4077 = EDGE_LOOP ( 'NONE', ( #7653, #3349, #10708 ) ) ;
#4078 = SURFACE_STYLE_USAGE ( .BOTH. , #2580 ) ;
#4079 = UNCERTAINTY_MEASURE_WITH_UNIT (LENGTH_MEASURE( 1.000000000000000082E-05 ), #4567, 'distance_accuracy_value', 'NONE');
#4080 = ORIENTED_EDGE ( 'NONE', *, *, #2330, .F. ) ;
#4081 = EDGE_LOOP ( 'NONE', ( #4008, #4492 ) ) ;
#4082 = EDGE_CURVE ( 'NONE', #4184, #9341, #9484, .T. ) ;
#4083 = CARTESIAN_POINT ( 'NONE',  ( -4.257917130661303950, 0.6999999999999998446, -1.904999999999999583 ) ) ;
#4084 = FACE_OUTER_BOUND ( 'NONE', #2501, .T. ) ;
#4085 = SURFACE_STYLE_FILL_AREA ( #659 ) ;
#4086 = AXIS2_PLACEMENT_3D ( 'NONE', #166, #5365, #10444 ) ;
#4087 = AXIS2_PLACEMENT_3D ( 'NONE', #5928, #5603, #10796 ) ;
#4088 = DIRECTION ( 'NONE',  ( 1.000000000000000000, 0.000000000000000000, 0.000000000000000000 ) ) ;
#4089 = DIRECTION ( 'NONE',  ( -0.000000000000000000, 1.000000000000000000, -0.000000000000000000 ) ) ;
#4090 = CARTESIAN_POINT ( 'NONE',  ( -4.445000000000001172, 0.000000000000000000, -5.714999999999999858 ) ) ;
#4091 = DIRECTION ( 'NONE',  ( 0.000000000000000000, 0.000000000000000000, -1.000000000000000000 ) ) ;
#4092 = DIRECTION ( 'NONE',  ( 1.000000000000000000, 0.000000000000000000, 0.000000000000000000 ) ) ;
#4093 = EDGE_CURVE ( 'NONE', #2388, #10549, #8960, .T. ) ;
#4094 = ORIENTED_EDGE ( 'NONE', *, *, #591, .F. ) ;
#4095 = CLOSED_SHELL ( 'NONE', ( #3300, #2952, #5440 ) ) ;
#4096 = ORIENTED_EDGE ( 'NONE', *, *, #8333, .F. ) ;
#4097 = EDGE_CURVE ( 'NONE', #9014, #1923, #5069, .T. ) ;
#4098 = SURFACE_SIDE_STYLE ('',( #5705 ) ) ;
#4099 = COLOUR_RGB ( '',0.7921568627450980005, 0.8196078431372548767, 0.9333333333333333481 ) ;
#4100 =( NAMED_UNIT ( * ) SI_UNIT ( $, .STERADIAN. ) SOLID_ANGLE_UNIT ( ) );
#4101 = DIRECTION ( 'NONE',  ( 1.000000000000000000, 0.000000000000000000, 0.000000000000000000 ) ) ;
#4102 = AXIS2_PLACEMENT_3D ( 'NONE', #16, #6679, #1699 ) ;
#4103 = PRESENTATION_STYLE_ASSIGNMENT (( #1533 ) ) ;
#4104 = CIRCLE ( 'NONE', #3410, 0.1870828693386972497 ) ;
#4105 = ORIENTED_EDGE ( 'NONE', *, *, #2238, .T. ) ;
#4106 = CARTESIAN_POINT ( 'NONE',  ( 1.904999999999999583, 0.6999999999999998446, 1.905000000000000471 ) ) ;
#4107 = EDGE_CURVE ( 'NONE', #4153, #8673, #944, .T. ) ;
#4108 = ORIENTED_EDGE ( 'NONE', *, *, #1232, .T. ) ;
#4109 = FILL_AREA_STYLE ('',( #8353 ) ) ;
#4110 = DIRECTION ( 'NONE',  ( 1.000000000000000000, 0.000000000000000000, 0.000000000000000000 ) ) ;
#4111 = CIRCLE ( 'NONE', #7148, 0.1870828693386972497 ) ;
#4112 = CARTESIAN_POINT ( 'NONE',  ( 3.174999999999999822, 0.3750000000000000000, 3.175000000000000711 ) ) ;
#4113 = DIRECTION ( 'NONE',  ( 0.000000000000000000, -0.000000000000000000, -1.000000000000000000 ) ) ;
#4114 = AXIS2_PLACEMENT_3D ( 'NONE', #6568, #8472, #1867 ) ;
#4115 = AXIS2_PLACEMENT_3D ( 'NONE', #8217, #2981, #3102 ) ;
#4116 = CARTESIAN_POINT ( 'NONE',  ( 4.632082869338697506, 0.6999999999999998446, 5.715000000000001634 ) ) ;
#4117 = FILL_AREA_STYLE_COLOUR ( '', #7875 ) ;
#4118 = CARTESIAN_POINT ( 'NONE',  ( -4.445000000000001172, 0.6999999999999998446, 1.905000000000000471 ) ) ;
#4119 = CARTESIAN_POINT ( 'NONE',  ( 4.445000000000000284, 0.6999999999999998446, 5.715000000000001634 ) ) ;
#4120 = AXIS2_PLACEMENT_3D ( 'NONE', #10147, #2396, #9235 ) ;
#4121 = MECHANICAL_DESIGN_GEOMETRIC_PRESENTATION_REPRESENTATION (  '', ( #2701 ), #9442 ) ;
#4122 = VERTEX_POINT ( 'NONE', #8820 ) ;
#4123 = FACE_OUTER_BOUND ( 'NONE', #8305, .T. ) ;
#4124 = VERTEX_POINT ( 'NONE', #10328 ) ;
#4125 = AXIS2_PLACEMENT_3D ( 'NONE', #790, #1737, #8557 ) ;
#4126 = ORIENTED_EDGE ( 'NONE', *, *, #6676, .F. ) ;
#4127 = FILL_AREA_STYLE_COLOUR ( '', #10026 ) ;
#4128 = STYLED_ITEM ( 'NONE', ( #4361 ), #3173 ) ;
#4129 = ORIENTED_EDGE ( 'NONE', *, *, #7728, .F. ) ;
#4130 = COLOUR_RGB ( '',0.7921568627450980005, 0.8196078431372548767, 0.9333333333333333481 ) ;
#4131 = CARTESIAN_POINT ( 'NONE',  ( -0.6350000000000001199, 0.3750000000000000000, -0.6349999999999992317 ) ) ;
#4132 = AXIS2_PLACEMENT_3D ( 'NONE', #10603, #2975, #1853 ) ;
#4133 =( NAMED_UNIT ( * ) PLANE_ANGLE_UNIT ( ) SI_UNIT ( $, .RADIAN. ) );
#4134 = ORIENTED_EDGE ( 'NONE', *, *, #5490, .T. ) ;
#4135 = EDGE_LOOP ( 'NONE', ( #3418, #2362 ) ) ;
#4136 =( GEOMETRIC_REPRESENTATION_CONTEXT ( 3 ) GLOBAL_UNCERTAINTY_ASSIGNED_CONTEXT ( ( #1624 ) ) GLOBAL_UNIT_ASSIGNED_CONTEXT ( ( #2982, #2070, #5476 ) ) REPRESENTATION_CONTEXT ( 'NONE', 'WORKASPACE' ) );
#4137 = DIRECTION ( 'NONE',  ( 1.000000000000000000, 0.000000000000000000, 0.000000000000000000 ) ) ;
#4138 = ORIENTED_EDGE ( 'NONE', *, *, #2365, .T. ) ;
#4139 = CARTESIAN_POINT ( 'NONE',  ( 5.715000000000000746, 0.6999999999999999556, -1.904999999999999583 ) ) ;
#4140 = ORIENTED_EDGE ( 'NONE', *, *, #1849, .T. ) ;
#4141 = EDGE_LOOP ( 'NONE', ( #3574, #146 ) ) ;
#4142 = SPHERICAL_SURFACE ( 'NONE', #6443, 0.3750000000000000000 ) ;
#4143 = CARTESIAN_POINT ( 'NONE',  ( 1.904999999999999583, 0.3750000000000000000, 5.715000000000001634 ) ) ;
#4144 = DIRECTION ( 'NONE',  ( 1.000000000000000000, 0.000000000000000000, 0.000000000000000000 ) ) ;
#4145 = DIRECTION ( 'NONE',  ( 0.000000000000000000, -0.000000000000000000, -1.000000000000000000 ) ) ;
#4146 = DIRECTION ( 'NONE',  ( 0.000000000000000000, -1.000000000000000000, 0.000000000000000000 ) ) ;
#4147 = FACE_OUTER_BOUND ( 'NONE', #5399, .T. ) ;
#4148 = PRESENTATION_STYLE_ASSIGNMENT (( #8332 ) ) ;
#4149 = CIRCLE ( 'NONE', #4856, 0.1870828693386972497 ) ;
#4150 = EDGE_CURVE ( 'NONE', #5073, #2118, #9116, .T. ) ;
#4151 =( GEOMETRIC_REPRESENTATION_CONTEXT ( 3 ) GLOBAL_UNCERTAINTY_ASSIGNED_CONTEXT ( ( #10437 ) ) GLOBAL_UNIT_ASSIGNED_CONTEXT ( ( #9197, #8459, #2416 ) ) REPRESENTATION_CONTEXT ( 'NONE', 'WORKASPACE' ) );
#4152 = CARTESIAN_POINT ( 'NONE',  ( -4.445000000000001172, 0.3750000000000000000, 5.715000000000001634 ) ) ;
#4153 = VERTEX_POINT ( 'NONE', #1182 ) ;
#4154 = PRESENTATION_STYLE_ASSIGNMENT (( #9258 ) ) ;
#4155 = DIRECTION ( 'NONE',  ( 0.000000000000000000, 0.000000000000000000, -1.000000000000000000 ) ) ;
#4156 = CARTESIAN_POINT ( 'NONE',  ( 3.174999999999999822, 0.6999999999999998446, -6.985000000000000320 ) ) ;
#4157 = CIRCLE ( 'NONE', #10021, 0.3750000000000003331 ) ;
#4158 = CARTESIAN_POINT ( 'NONE',  ( 6.985000000000000320, 0.3750000000000000000, -3.174999999999999822 ) ) ;
#4159 = DIRECTION ( 'NONE',  ( 0.000000000000000000, 0.000000000000000000, 1.000000000000000000 ) ) ;
#4160 = DIRECTION ( 'NONE',  ( 1.000000000000000000, 0.000000000000000000, 0.000000000000000000 ) ) ;
#4161 = MECHANICAL_DESIGN_GEOMETRIC_PRESENTATION_REPRESENTATION (  '', ( #7561 ), #5058 ) ;
#4162 = ADVANCED_FACE ( 'NONE', ( #3657 ), #2767, .T. ) ;
#4163 = DIRECTION ( 'NONE',  ( 1.000000000000000000, 0.000000000000000000, 0.000000000000000000 ) ) ;
#4164 = DIRECTION ( 'NONE',  ( 1.000000000000000000, 0.000000000000000000, 0.000000000000000000 ) ) ;
#4165 = ADVANCED_FACE ( 'NONE', ( #2708 ), #1073, .F. ) ;
#4166 = AXIS2_PLACEMENT_3D ( 'NONE', #5539, #9745, #1308 ) ;
#4167 = CARTESIAN_POINT ( 'NONE',  ( 3.174999999999999822, 0.3750000000000000000, 1.905000000000000471 ) ) ;
#4168 = DIRECTION ( 'NONE',  ( 0.000000000000000000, 0.000000000000000000, 1.000000000000000000 ) ) ;
#4169 = ORIENTED_EDGE ( 'NONE', *, *, #3506, .T. ) ;
#4170 = CARTESIAN_POINT ( 'NONE',  ( -3.175000000000000711, 0.3750000000000000000, -0.6349999999999992317 ) ) ;
#4171 = SPHERICAL_SURFACE ( 'NONE', #1120, 0.3750000000000000000 ) ;
#4172 = DIRECTION ( 'NONE',  ( 0.000000000000000000, -1.000000000000000000, 0.000000000000000000 ) ) ;
#4173 = DIRECTION ( 'NONE',  ( 1.000000000000000000, 0.000000000000000000, 0.000000000000000000 ) ) ;
#4174 = AXIS2_PLACEMENT_3D ( 'NONE', #1956, #2010, #1802 ) ;
#4175 = DIRECTION ( 'NONE',  ( 1.224646799147353207E-16, 0.000000000000000000, -1.000000000000000000 ) ) ;
#4176 =( NAMED_UNIT ( * ) PLANE_ANGLE_UNIT ( ) SI_UNIT ( $, .RADIAN. ) );
#4177 = EDGE_CURVE ( 'NONE', #8975, #4609, #1114, .T. ) ;
#4178 = EDGE_CURVE ( 'NONE', #8073, #2219, #10367, .T. ) ;
#4179 = ADVANCED_FACE ( 'NONE', ( #2649 ), #7790, .F. ) ;
#4180 = SURFACE_STYLE_FILL_AREA ( #9118 ) ;
#4181 = ORIENTED_EDGE ( 'NONE', *, *, #6267, .T. ) ;
#4182 = FACE_OUTER_BOUND ( 'NONE', #5734, .T. ) ;
#4183 = EDGE_CURVE ( 'NONE', #1347, #5904, #6486, .T. ) ;
#4184 = VERTEX_POINT ( 'NONE', #7050 ) ;
#4185 = CARTESIAN_POINT ( 'NONE',  ( -5.715000000000000746, 0.6999999999999999556, 4.445000000000001172 ) ) ;
#4186 = EDGE_LOOP ( 'NONE', ( #5032, #7207, #6927, #10519 ) ) ;
#4187 = DIRECTION ( 'NONE',  ( -0.000000000000000000, 1.000000000000000000, -0.000000000000000000 ) ) ;
#4188 = FILL_AREA_STYLE ('',( #2570 ) ) ;
#4189 = UNCERTAINTY_MEASURE_WITH_UNIT (LENGTH_MEASURE( 1.000000000000000082E-05 ), #6651, 'distance_accuracy_value', 'NONE');
#4190 = EDGE_LOOP ( 'NONE', ( #7051, #7548, #702 ) ) ;
#4191 = SPHERICAL_SURFACE ( 'NONE', #355, 0.3750000000000000000 ) ;
#4192 = PRESENTATION_STYLE_ASSIGNMENT (( #776 ) ) ;
#4193 = ADVANCED_FACE ( 'NONE', ( #4434 ), #161, .T. ) ;
#4194 = EDGE_LOOP ( 'NONE', ( #4666, #9407, #9565 ) ) ;
#4195 = DIRECTION ( 'NONE',  ( -0.000000000000000000, 1.000000000000000000, -0.000000000000000000 ) ) ;
#4196 = AXIS2_PLACEMENT_3D ( 'NONE', #7365, #1542, #5555 ) ;
#4197 = ORIENTED_EDGE ( 'NONE', *, *, #7981, .T. ) ;
#4198 = VERTEX_POINT ( 'NONE', #10496 ) ;
#4199 = DIRECTION ( 'NONE',  ( -1.000000000000000000, 0.000000000000000000, 0.000000000000000000 ) ) ;
#4200 = ORIENTED_EDGE ( 'NONE', *, *, #1382, .F. ) ;
#4201 = SURFACE_STYLE_FILL_AREA ( #8498 ) ;
#4202 = COLOUR_RGB ( '',0.7921568627450980005, 0.8196078431372548767, 0.9333333333333333481 ) ;
#4203 = UNCERTAINTY_MEASURE_WITH_UNIT (LENGTH_MEASURE( 1.000000000000000082E-05 ), #6203, 'distance_accuracy_value', 'NONE');
#4204 = ORIENTED_EDGE ( 'NONE', *, *, #6498, .F. ) ;
#4205 = DIRECTION ( 'NONE',  ( 0.000000000000000000, -0.000000000000000000, -1.000000000000000000 ) ) ;
#4206 = DIRECTION ( 'NONE',  ( 1.224646799147353207E-16, 0.000000000000000000, -1.000000000000000000 ) ) ;
#4207 =( LENGTH_UNIT ( ) NAMED_UNIT ( * ) SI_UNIT ( .MILLI., .METRE. ) );
#4208 = CIRCLE ( 'NONE', #6140, 0.3749999999999998890 ) ;
#4209 = CARTESIAN_POINT ( 'NONE',  ( -0.6350000000000001199, 0.6999999999999998446, 4.445000000000001172 ) ) ;
#4210 = DIRECTION ( 'NONE',  ( 0.000000000000000000, -0.000000000000000000, -1.000000000000000000 ) ) ;
#4211 = CARTESIAN_POINT ( 'NONE',  ( -4.445000000000001172, 0.000000000000000000, 3.175000000000000711 ) ) ;
#4212 = FILL_AREA_STYLE ('',( #6838 ) ) ;
#4213 = CIRCLE ( 'NONE', #9506, 0.1870828693386972497 ) ;
#4214 = AXIS2_PLACEMENT_3D ( 'NONE', #3314, #10822, #5855 ) ;
#4215 = DIRECTION ( 'NONE',  ( 0.000000000000000000, 0.000000000000000000, 1.000000000000000000 ) ) ;
#4216 = COLOUR_RGB ( '',0.7921568627450980005, 0.8196078431372548767, 0.9333333333333333481 ) ;
#4217 = ORIENTED_EDGE ( 'NONE', *, *, #1698, .F. ) ;
#4218 = ORIENTED_EDGE ( 'NONE', *, *, #336, .F. ) ;
#4219 = DIRECTION ( 'NONE',  ( -1.000000000000000000, 0.000000000000000000, 0.000000000000000000 ) ) ;
#4220 = SURFACE_STYLE_FILL_AREA ( #6783 ) ;
#4221 = ORIENTED_EDGE ( 'NONE', *, *, #8678, .T. ) ;
#4222 = FACE_OUTER_BOUND ( 'NONE', #4801, .T. ) ;
#4223 = DIRECTION ( 'NONE',  ( -0.000000000000000000, 1.000000000000000000, -0.000000000000000000 ) ) ;
#4224 = CARTESIAN_POINT ( 'NONE',  ( 1.904999999999999583, 0.6999999999999998446, 6.985000000000001208 ) ) ;
#4225 = DIRECTION ( 'NONE',  ( -0.000000000000000000, 1.000000000000000000, -0.000000000000000000 ) ) ;
#4226 = DIRECTION ( 'NONE',  ( 0.000000000000000000, 0.000000000000000000, -1.000000000000000000 ) ) ;
#4227 =( GEOMETRIC_REPRESENTATION_CONTEXT ( 3 ) GLOBAL_UNCERTAINTY_ASSIGNED_CONTEXT ( ( #5967 ) ) GLOBAL_UNIT_ASSIGNED_CONTEXT ( ( #4619, #3845, #9829 ) ) REPRESENTATION_CONTEXT ( 'NONE', 'WORKASPACE' ) );
#4228 = FILL_AREA_STYLE ('',( #6794 ) ) ;
#4229 = ORIENTED_EDGE ( 'NONE', *, *, #1947, .T. ) ;
#4230 = CARTESIAN_POINT ( 'NONE',  ( 5.527917130661303524, 0.6999999999999998446, -3.174999999999999822 ) ) ;
#4231 = CARTESIAN_POINT ( 'NONE',  ( 0.000000000000000000, 0.000000000000000000, 0.000000000000000000 ) ) ;
#4232 = CIRCLE ( 'NONE', #8506, 0.3750000000000003331 ) ;
#4233 = AXIS2_PLACEMENT_3D ( 'NONE', #5168, #2614, #2671 ) ;
#4234 = ORIENTED_EDGE ( 'NONE', *, *, #943, .F. ) ;
#4235 = CARTESIAN_POINT ( 'NONE',  ( -5.715000000000000746, 0.6999999999999998446, 6.985000000000001208 ) ) ;
#4236 = ADVANCED_FACE ( 'NONE', ( #2867 ), #4490, .T. ) ;
#4237 = EDGE_CURVE ( 'NONE', #4122, #1906, #1654, .T. ) ;
#4238 = DIRECTION ( 'NONE',  ( 0.000000000000000000, -1.000000000000000000, 0.000000000000000000 ) ) ;
#4239 = EDGE_CURVE ( 'NONE', #2158, #911, #490, .T. ) ;
#4240 = DIRECTION ( 'NONE',  ( -0.000000000000000000, 1.000000000000000000, -0.000000000000000000 ) ) ;
#4241 = PRESENTATION_LAYER_ASSIGNMENT (  '', '', ( #5644 ) ) ;
#4242 =( NAMED_UNIT ( * ) SI_UNIT ( $, .STERADIAN. ) SOLID_ANGLE_UNIT ( ) );
#4243 = ORIENTED_EDGE ( 'NONE', *, *, #10113, .F. ) ;
#4244 = DIRECTION ( 'NONE',  ( 0.000000000000000000, 0.000000000000000000, 1.000000000000000000 ) ) ;
#4245 = ORIENTED_EDGE ( 'NONE', *, *, #2681, .T. ) ;
#4246 = CARTESIAN_POINT ( 'NONE',  ( -6.985000000000000320, 0.6999999999999998446, -3.174999999999999822 ) ) ;
#4247 = CIRCLE ( 'NONE', #8143, 0.3750000000000003331 ) ;
#4248 = EDGE_CURVE ( 'NONE', #6118, #7355, #4149, .T. ) ;
#4249 = EDGE_LOOP ( 'NONE', ( #1275, #3520 ) ) ;
#4250 = CIRCLE ( 'NONE', #10100, 0.1870828693386972497 ) ;
#4251 = ADVANCED_FACE ( 'NONE', ( #1294 ), #8153, .T. ) ;
#4252 =( LENGTH_UNIT ( ) NAMED_UNIT ( * ) SI_UNIT ( .MILLI., .METRE. ) );
#4253 = STYLED_ITEM ( 'NONE', ( #9813 ), #10300 ) ;
#4254 = DIRECTION ( 'NONE',  ( 1.000000000000000000, 0.000000000000000000, 0.000000000000000000 ) ) ;
#4255 = VERTEX_POINT ( 'NONE', #3763 ) ;
#4256 = DIRECTION ( 'NONE',  ( 1.000000000000000000, 0.000000000000000000, 0.000000000000000000 ) ) ;
#4257 = ORIENTED_EDGE ( 'NONE', *, *, #453, .T. ) ;
#4258 = CARTESIAN_POINT ( 'NONE',  ( -0.6350000000000001199, 0.000000000000000000, -5.714999999999999858 ) ) ;
#4259 = AXIS2_PLACEMENT_3D ( 'NONE', #2242, #9737, #5528 ) ;
#4260 = EDGE_LOOP ( 'NONE', ( #10990, #10003, #7872 ) ) ;
#4261 = FACE_OUTER_BOUND ( 'NONE', #10740, .T. ) ;
#4262 = ORIENTED_EDGE ( 'NONE', *, *, #4850, .F. ) ;
#4263 = STYLED_ITEM ( 'NONE', ( #2968 ), #10436 ) ;
#4264 = CARTESIAN_POINT ( 'NONE',  ( -0.4479171306613028425, 0.6999999999999998446, 3.175000000000000711 ) ) ;
#4265 = EDGE_CURVE ( 'NONE', #4153, #3658, #4346, .T. ) ;
#4266 = LINE ( 'NONE', #7559, #10014 ) ;
#4267 = SURFACE_STYLE_FILL_AREA ( #5140 ) ;
#4268 = CARTESIAN_POINT ( 'NONE',  ( -4.445000000000001172, 0.3750000000000000000, -1.904999999999999583 ) ) ;
#4269 = AXIS2_PLACEMENT_3D ( 'NONE', #1252, #4503, #4604 ) ;
#4270 = CARTESIAN_POINT ( 'NONE',  ( -6.985000000000000320, 0.6999999999999998446, 3.175000000000000711 ) ) ;
#4271 = FACE_OUTER_BOUND ( 'NONE', #10869, .T. ) ;
#4272 = CLOSED_SHELL ( 'NONE', ( #5868, #8842, #4402 ) ) ;
#4273 = FACE_OUTER_BOUND ( 'NONE', #8663, .T. ) ;
#4274 = VERTEX_POINT ( 'NONE', #4643 ) ;
#4275 = DIRECTION ( 'NONE',  ( -1.000000000000000000, 0.000000000000000000, 0.000000000000000000 ) ) ;
#4276 = DIRECTION ( 'NONE',  ( 1.000000000000000000, 0.000000000000000000, 0.000000000000000000 ) ) ;
#4277 = AXIS2_PLACEMENT_3D ( 'NONE', #8340, #2309, #6442 ) ;
#4278 = EDGE_LOOP ( 'NONE', ( #7649, #8106, #7249 ) ) ;
#4279 = DIRECTION ( 'NONE',  ( 1.000000000000000000, 0.000000000000000000, 0.000000000000000000 ) ) ;
#4280 = SPHERICAL_SURFACE ( 'NONE', #9310, 0.3750000000000000000 ) ;
#4281 = CLOSED_SHELL ( 'NONE', ( #2938, #4570, #4401 ) ) ;
#4282 = DIRECTION ( 'NONE',  ( 0.000000000000000000, 0.000000000000000000, 1.000000000000000000 ) ) ;
#4283 = DIRECTION ( 'NONE',  ( 0.000000000000000000, 0.000000000000000000, 1.000000000000000000 ) ) ;
#4284 = FACE_OUTER_BOUND ( 'NONE', #460, .T. ) ;
#4285 = AXIS2_PLACEMENT_3D ( 'NONE', #1585, #6898, #7574 ) ;
#4286 = CLOSED_SHELL ( 'NONE', ( #9140, #7986, #5394 ) ) ;
#4287 = EDGE_LOOP ( 'NONE', ( #8384, #4229, #7311 ) ) ;
#4288 = ORIENTED_EDGE ( 'NONE', *, *, #7502, .T. ) ;
#4289 = SURFACE_STYLE_USAGE ( .BOTH. , #2606 ) ;
#4290 = VERTEX_POINT ( 'NONE', #1346 ) ;
#4291 = DIRECTION ( 'NONE',  ( 0.000000000000000000, 0.000000000000000000, 1.000000000000000000 ) ) ;
#4292 = CARTESIAN_POINT ( 'NONE',  ( -3.175000000000000711, 0.6999999999999998446, -6.985000000000000320 ) ) ;
#4293 = SURFACE_SIDE_STYLE ('',( #176 ) ) ;
#4294 = FACE_OUTER_BOUND ( 'NONE', #4135, .T. ) ;
#4295 = CLOSED_SHELL ( 'NONE', ( #9576, #9454, #9374 ) ) ;
#4296 = DIRECTION ( 'NONE',  ( 0.000000000000000000, 0.000000000000000000, 1.000000000000000000 ) ) ;
#4297 =( NAMED_UNIT ( * ) SI_UNIT ( $, .STERADIAN. ) SOLID_ANGLE_UNIT ( ) );
#4298 = ADVANCED_FACE ( 'NONE', ( #10769 ), #3146, .T. ) ;
#4299 = SURFACE_SIDE_STYLE ('',( #986 ) ) ;
#4300 = SURFACE_SIDE_STYLE ('',( #877 ) ) ;
#4301 = ORIENTED_EDGE ( 'NONE', *, *, #2195, .T. ) ;
#4302 = DIRECTION ( 'NONE',  ( 1.000000000000000000, 0.000000000000000000, 0.000000000000000000 ) ) ;
#4303 = EDGE_CURVE ( 'NONE', #8497, #8253, #751, .T. ) ;
#4304 = CIRCLE ( 'NONE', #8568, 0.1870828693386972497 ) ;
#4305 = DIRECTION ( 'NONE',  ( 0.000000000000000000, 0.000000000000000000, 1.000000000000000000 ) ) ;
#4306 = COLOUR_RGB ( '',0.7921568627450980005, 0.8196078431372548767, 0.9333333333333333481 ) ;
#4307 = DIRECTION ( 'NONE',  ( 0.000000000000000000, 0.000000000000000000, 1.000000000000000000 ) ) ;
#4308 =( LENGTH_UNIT ( ) NAMED_UNIT ( * ) SI_UNIT ( .MILLI., .METRE. ) );
#4309 = AXIS2_PLACEMENT_3D ( 'NONE', #10459, #9536, #10572 ) ;
#4310 = ORIENTED_EDGE ( 'NONE', *, *, #3883, .T. ) ;
#4311 = AXIS2_PLACEMENT_3D ( 'NONE', #7937, #8606, #6089 ) ;
#4312 = AXIS2_PLACEMENT_3D ( 'NONE', #6545, #10666, #9802 ) ;
#4313 = DIRECTION ( 'NONE',  ( 0.000000000000000000, 0.000000000000000000, 1.000000000000000000 ) ) ;
#4314 = ADVANCED_FACE ( 'NONE', ( #9031 ), #3035, .F. ) ;
#4315 = EDGE_LOOP ( 'NONE', ( #10120, #201, #4742 ) ) ;
#4316 = EDGE_CURVE ( 'NONE', #3989, #6747, #3096, .T. ) ;
#4317 = FACE_OUTER_BOUND ( 'NONE', #9770, .T. ) ;
#4318 = VERTEX_POINT ( 'NONE', #5469 ) ;
#4319 = AXIS2_PLACEMENT_3D ( 'NONE', #711, #7552, #3312 ) ;
#4320 = UNCERTAINTY_MEASURE_WITH_UNIT (LENGTH_MEASURE( 1.000000000000000082E-05 ), #169, 'distance_accuracy_value', 'NONE');
#4321 = ORIENTED_EDGE ( 'NONE', *, *, #3956, .F. ) ;
#4322 = CARTESIAN_POINT ( 'NONE',  ( -4.257917130661303950, 0.6999999999999998446, 1.905000000000000471 ) ) ;
#4323 = DIRECTION ( 'NONE',  ( 1.224646799147353207E-16, 0.000000000000000000, -1.000000000000000000 ) ) ;
#4324 = CIRCLE ( 'NONE', #3064, 0.1870828693386972497 ) ;
#4325 = FILL_AREA_STYLE_COLOUR ( '', #5648 ) ;
#4326 = DIRECTION ( 'NONE',  ( 0.000000000000000000, 0.000000000000000000, -1.000000000000000000 ) ) ;
#4327 = CARTESIAN_POINT ( 'NONE',  ( -6.985000000000000320, 0.3750000000000000000, 1.905000000000000471 ) ) ;
#4328 = CIRCLE ( 'NONE', #7709, 0.3750000000000003331 ) ;
#4329 = DIRECTION ( 'NONE',  ( -0.000000000000000000, 1.000000000000000000, -0.000000000000000000 ) ) ;
#4330 = SURFACE_SIDE_STYLE ('',( #1521 ) ) ;
#4331 = COLOUR_RGB ( '',0.7921568627450980005, 0.8196078431372548767, 0.9333333333333333481 ) ;
#4332 = CARTESIAN_POINT ( 'NONE',  ( 4.445000000000000284, 0.3750000000000000000, 3.175000000000000711 ) ) ;
#4333 = ADVANCED_FACE ( 'NONE', ( #2120, #4800 ), #10604, .F. ) ;
#4334 = ORIENTED_EDGE ( 'NONE', *, *, #3271, .F. ) ;
#4335 = STYLED_ITEM ( 'NONE', ( #7012 ), #2965 ) ;
#4336 = FACE_OUTER_BOUND ( 'NONE', #5211, .T. ) ;
#4337 = ORIENTED_EDGE ( 'NONE', *, *, #1849, .F. ) ;
#4338 = PLANE ( 'NONE',  #2157 ) ;
#4339 = CARTESIAN_POINT ( 'NONE',  ( -0.6350000000000001199, 0.6999999999999998446, -3.174999999999999822 ) ) ;
#4340 = CARTESIAN_POINT ( 'NONE',  ( -3.175000000000000711, 0.3750000000000000000, -1.904999999999999583 ) ) ;
#4341 = DIRECTION ( 'NONE',  ( 0.000000000000000000, -0.000000000000000000, -1.000000000000000000 ) ) ;
#4342 = DIRECTION ( 'NONE',  ( -0.000000000000000000, 1.000000000000000000, -0.000000000000000000 ) ) ;
#4343 = AXIS2_PLACEMENT_3D ( 'NONE', #8091, #2849, #1055 ) ;
#4344 = FACE_OUTER_BOUND ( 'NONE', #9854, .T. ) ;
#4345 = DIRECTION ( 'NONE',  ( 0.000000000000000000, 0.000000000000000000, -1.000000000000000000 ) ) ;
#4346 = CIRCLE ( 'NONE', #5557, 0.3750000000000003331 ) ;
#4347 = CARTESIAN_POINT ( 'NONE',  ( 0.6349999999999992317, 0.3750000000000000000, 5.715000000000001634 ) ) ;
#4348 = VERTEX_POINT ( 'NONE', #9795 ) ;
#4349 = DIRECTION ( 'NONE',  ( 0.000000000000000000, -0.000000000000000000, -1.000000000000000000 ) ) ;
#4350 = FACE_OUTER_BOUND ( 'NONE', #2689, .T. ) ;
#4351 = CARTESIAN_POINT ( 'NONE',  ( -0.6350000000000001199, 0.6999999999999998446, -4.444999999999999396 ) ) ;
#4352 = CARTESIAN_POINT ( 'NONE',  ( -4.445000000000001172, 0.000000000000000000, -4.444999999999999396 ) ) ;
#4353 = AXIS2_PLACEMENT_3D ( 'NONE', #10582, #10689, #9111 ) ;
#4354 = FACE_OUTER_BOUND ( 'NONE', #7045, .T. ) ;
#4355 = SURFACE_STYLE_FILL_AREA ( #6809 ) ;
#4356 = EDGE_LOOP ( 'NONE', ( #3475, #2540, #4217 ) ) ;
#4357 = CARTESIAN_POINT ( 'NONE',  ( 1.904999999999999583, 0.3750000000000000000, 1.905000000000000471 ) ) ;
#4358 = AXIS2_PLACEMENT_3D ( 'NONE', #10019, #698, #1716 ) ;
#4359 = DIRECTION ( 'NONE',  ( -1.000000000000000000, 0.000000000000000000, 0.000000000000000000 ) ) ;
#4360 = SURFACE_STYLE_USAGE ( .BOTH. , #5958 ) ;
#4361 = PRESENTATION_STYLE_ASSIGNMENT (( #8431 ) ) ;
#4362 = AXIS2_PLACEMENT_3D ( 'NONE', #282, #174, #2776 ) ;
#4363 = ORIENTED_EDGE ( 'NONE', *, *, #2101, .F. ) ;
#4364 = ADVANCED_FACE ( 'NONE', ( #7335 ), #8211, .T. ) ;
#4365 = DIRECTION ( 'NONE',  ( -1.000000000000000000, 0.000000000000000000, 0.000000000000000000 ) ) ;
#4366 = ORIENTED_EDGE ( 'NONE', *, *, #10024, .T. ) ;
#4367 = CARTESIAN_POINT ( 'NONE',  ( 4.445000000000000284, 0.3750000000000000000, 5.715000000000001634 ) ) ;
#4368 = EDGE_LOOP ( 'NONE', ( #5387, #8192, #9107 ) ) ;
#4369 = PRESENTATION_STYLE_ASSIGNMENT (( #91 ) ) ;
#4370 = VERTEX_POINT ( 'NONE', #3866 ) ;
#4371 = SURFACE_SIDE_STYLE ('',( #10150 ) ) ;
#4372 = DIRECTION ( 'NONE',  ( 0.000000000000000000, 0.000000000000000000, -1.000000000000000000 ) ) ;
#4373 = CARTESIAN_POINT ( 'NONE',  ( -6.797917130661303098, 0.6999999999999998446, -6.985000000000000320 ) ) ;
#4374 = ADVANCED_FACE ( 'NONE', ( #8980 ), #10724, .T. ) ;
#4375 = FILL_AREA_STYLE ('',( #5350 ) ) ;
#4376 = EDGE_CURVE ( 'NONE', #3887, #840, #7367, .T. ) ;
#4377 = CARTESIAN_POINT ( 'NONE',  ( -6.000000000000005329, 5.070000000000000284, -5.999999999999998224 ) ) ;
#4378 = PRESENTATION_LAYER_ASSIGNMENT (  '', '', ( #3315 ) ) ;
#4379 = PLANE ( 'NONE',  #4311 ) ;
#4380 = ORIENTED_EDGE ( 'NONE', *, *, #4063, .T. ) ;
#4381 = DIRECTION ( 'NONE',  ( 0.000000000000000000, -1.000000000000000000, 0.000000000000000000 ) ) ;
#4382 = EDGE_LOOP ( 'NONE', ( #6944, #988 ) ) ;
#4383 = AXIS2_PLACEMENT_3D ( 'NONE', #9601, #3792, #6026 ) ;
#4384 = CARTESIAN_POINT ( 'NONE',  ( -5.715000000000000746, 0.3750000000000000000, -1.904999999999999583 ) ) ;
#4385 = DIRECTION ( 'NONE',  ( 0.000000000000000000, -1.000000000000000000, 0.000000000000000000 ) ) ;
#4386 = ORIENTED_EDGE ( 'NONE', *, *, #8344, .T. ) ;
#4387 =( NAMED_UNIT ( * ) SI_UNIT ( $, .STERADIAN. ) SOLID_ANGLE_UNIT ( ) );
#4388 = CARTESIAN_POINT ( 'NONE',  ( 6.985000000000000320, 0.3750000000000000000, -6.985000000000000320 ) ) ;
#4389 = SURFACE_SIDE_STYLE ('',( #1078 ) ) ;
#4390 = ADVANCED_FACE ( 'NONE', ( #2240 ), #5637, .F. ) ;
#4391 = MECHANICAL_DESIGN_GEOMETRIC_PRESENTATION_REPRESENTATION (  '', ( #5613 ), #7416 ) ;
#4392 = PRESENTATION_STYLE_ASSIGNMENT (( #5940 ) ) ;
#4393 = DIRECTION ( 'NONE',  ( 0.000000000000000000, 0.000000000000000000, 1.000000000000000000 ) ) ;
#4394 =( NAMED_UNIT ( * ) SI_UNIT ( $, .STERADIAN. ) SOLID_ANGLE_UNIT ( ) );
#4395 = VERTEX_POINT ( 'NONE', #7615 ) ;
#4396 = SURFACE_STYLE_USAGE ( .BOTH. , #10282 ) ;
#4397 = SPHERICAL_SURFACE ( 'NONE', #7565, 0.3750000000000000000 ) ;
#4398 = CIRCLE ( 'NONE', #3676, 0.1870828693386972497 ) ;
#4399 = COLOUR_RGB ( '',0.7921568627450980005, 0.8196078431372548767, 0.9333333333333333481 ) ;
#4400 = DIRECTION ( 'NONE',  ( -0.000000000000000000, 1.000000000000000000, -0.000000000000000000 ) ) ;
#4401 = ADVANCED_FACE ( 'NONE', ( #7443 ), #658, .T. ) ;
#4402 = ADVANCED_FACE ( 'NONE', ( #4084 ), #10883, .T. ) ;
#4403 = CARTESIAN_POINT ( 'NONE',  ( 3.174999999999999822, 0.6999999999999998446, -5.714999999999999858 ) ) ;
#4404 = AXIS2_PLACEMENT_3D ( 'NONE', #3788, #9878, #2943 ) ;
#4405 = SPHERICAL_SURFACE ( 'NONE', #8335, 0.3750000000000000000 ) ;
#4406 = ORIENTED_EDGE ( 'NONE', *, *, #2102, .F. ) ;
#4407 = CARTESIAN_POINT ( 'NONE',  ( -0.4479171306613028425, 0.6999999999999998446, 0.6350000000000001199 ) ) ;
#4408 = MECHANICAL_DESIGN_GEOMETRIC_PRESENTATION_REPRESENTATION (  '', ( #6719 ), #10980 ) ;
#4409 = DIRECTION ( 'NONE',  ( 0.000000000000000000, -0.000000000000000000, -1.000000000000000000 ) ) ;
#4410 = ORIENTED_EDGE ( 'NONE', *, *, #818, .T. ) ;
#4411 = STYLED_ITEM ( 'NONE', ( #959 ), #10105 ) ;
#4412 = CARTESIAN_POINT ( 'NONE',  ( -7.500000000000005329, 1.070000000000000284, -7.499999999999998224 ) ) ;
#4413 = EDGE_CURVE ( 'NONE', #6079, #8593, #1821, .T. ) ;
#4414 = VERTEX_POINT ( 'NONE', #6660 ) ;
#4415 = SURFACE_SIDE_STYLE ('',( #948 ) ) ;
#4416 = DIRECTION ( 'NONE',  ( 1.000000000000000000, 0.000000000000000000, 0.000000000000000000 ) ) ;
#4417 = MECHANICAL_DESIGN_GEOMETRIC_PRESENTATION_REPRESENTATION (  '', ( #6174 ), #287 ) ;
#4418 = ORIENTED_EDGE ( 'NONE', *, *, #4248, .T. ) ;
#4419 =( LENGTH_UNIT ( ) NAMED_UNIT ( * ) SI_UNIT ( .MILLI., .METRE. ) );
#4420 = UNCERTAINTY_MEASURE_WITH_UNIT (LENGTH_MEASURE( 1.000000000000000082E-05 ), #7827, 'distance_accuracy_value', 'NONE');
#4421 = ORIENTED_EDGE ( 'NONE', *, *, #118, .T. ) ;
#4422 = SPHERICAL_SURFACE ( 'NONE', #2515, 0.3750000000000000000 ) ;
#4423 = CARTESIAN_POINT ( 'NONE',  ( 4.257917130661303062, 0.6999999999999998446, 6.985000000000001208 ) ) ;
#4424 = DIRECTION ( 'NONE',  ( 0.000000000000000000, -1.000000000000000000, 0.000000000000000000 ) ) ;
#4425 = MECHANICAL_DESIGN_GEOMETRIC_PRESENTATION_REPRESENTATION (  '', ( #8685 ), #3181 ) ;
#4426 = FACE_OUTER_BOUND ( 'NONE', #214, .T. ) ;
#4427 = PLANE ( 'NONE',  #14 ) ;
#4428 = DIRECTION ( 'NONE',  ( 1.224646799147353207E-16, 0.000000000000000000, -1.000000000000000000 ) ) ;
#4429 = ADVANCED_FACE ( 'NONE', ( #8323 ), #10828, .T. ) ;
#4430 = EDGE_LOOP ( 'NONE', ( #2142, #4052, #1929 ) ) ;
#4431 = CARTESIAN_POINT ( 'NONE',  ( 4.445000000000000284, 0.000000000000000000, 6.985000000000001208 ) ) ;
#4432 = UNCERTAINTY_MEASURE_WITH_UNIT (LENGTH_MEASURE( 1.000000000000000082E-05 ), #1281, 'distance_accuracy_value', 'NONE');
#4433 = VERTEX_POINT ( 'NONE', #1569 ) ;
#4434 = FACE_OUTER_BOUND ( 'NONE', #9504, .T. ) ;
#4435 = ORIENTED_EDGE ( 'NONE', *, *, #2459, .F. ) ;
#4436 = AXIS2_PLACEMENT_3D ( 'NONE', #8057, #9982, #555 ) ;
#4437 = DIRECTION ( 'NONE',  ( 0.000000000000000000, 0.000000000000000000, -1.000000000000000000 ) ) ;
#4438 = DIRECTION ( 'NONE',  ( 1.000000000000000000, 0.000000000000000000, 0.000000000000000000 ) ) ;
#4439 = DIRECTION ( 'NONE',  ( -0.000000000000000000, 1.000000000000000000, -0.000000000000000000 ) ) ;
#4440 = ADVANCED_FACE ( 'NONE', ( #4969 ), #4027, .T. ) ;
#4441 = AXIS2_PLACEMENT_3D ( 'NONE', #373, #10913, #6685 ) ;
#4442 = DIRECTION ( 'NONE',  ( 0.000000000000000000, 0.000000000000000000, 1.000000000000000000 ) ) ;
#4443 = EDGE_CURVE ( 'NONE', #3055, #6855, #2364, .T. ) ;
#4444 = EDGE_CURVE ( 'NONE', #2942, #8790, #5924, .T. ) ;
#4445 = SURFACE_STYLE_USAGE ( .BOTH. , #1027 ) ;
#4446 = PRESENTATION_LAYER_ASSIGNMENT (  '', '', ( #6387 ) ) ;
#4447 =( NAMED_UNIT ( * ) SI_UNIT ( $, .STERADIAN. ) SOLID_ANGLE_UNIT ( ) );
#4448 = DIRECTION ( 'NONE',  ( -0.000000000000000000, 1.000000000000000000, -0.000000000000000000 ) ) ;
#4449 = FILL_AREA_STYLE_COLOUR ( '', #904 ) ;
#4450 = DIRECTION ( 'NONE',  ( 0.000000000000000000, 0.000000000000000000, 1.000000000000000000 ) ) ;
#4451 = AXIS2_PLACEMENT_3D ( 'NONE', #1960, #10331, #5473 ) ;
#4452 = AXIS2_PLACEMENT_3D ( 'NONE', #10267, #5049, #7678 ) ;
#4453 = DIRECTION ( 'NONE',  ( 0.000000000000000000, -1.000000000000000000, 0.000000000000000000 ) ) ;
#4454 = CLOSED_SHELL ( 'NONE', ( #10548, #1419, #6548 ) ) ;
#4455 = DIRECTION ( 'NONE',  ( 0.000000000000000000, 0.000000000000000000, -1.000000000000000000 ) ) ;
#4456 = DIRECTION ( 'NONE',  ( 0.000000000000000000, 0.000000000000000000, 1.000000000000000000 ) ) ;
#4457 = EDGE_LOOP ( 'NONE', ( #7817, #10366 ) ) ;
#4458 = CARTESIAN_POINT ( 'NONE',  ( 0.000000000000000000, 1.070000000000000284, 0.000000000000000000 ) ) ;
#4459 = EDGE_CURVE ( 'NONE', #8561, #8376, #3972, .T. ) ;
#4460 = CARTESIAN_POINT ( 'NONE',  ( 6.985000000000000320, 0.6999999999999999556, 1.905000000000000471 ) ) ;
#4461 =( LENGTH_UNIT ( ) NAMED_UNIT ( * ) SI_UNIT ( .MILLI., .METRE. ) );
#4462 = DIRECTION ( 'NONE',  ( 0.000000000000000000, -0.000000000000000000, -1.000000000000000000 ) ) ;
#4463 = CLOSED_SHELL ( 'NONE', ( #3481, #6641, #2985 ) ) ;
#4464 = SURFACE_STYLE_USAGE ( .BOTH. , #10248 ) ;
#4465 = AXIS2_PLACEMENT_3D ( 'NONE', #2659, #277, #8779 ) ;
#4466 = ORIENTED_EDGE ( 'NONE', *, *, #8899, .T. ) ;
#4467 = FILL_AREA_STYLE_COLOUR ( '', #5491 ) ;
#4468 = AXIS2_PLACEMENT_3D ( 'NONE', #5468, #1904, #1181 ) ;
#4469 = CIRCLE ( 'NONE', #8392, 0.1870828693386972497 ) ;
#4470 = CARTESIAN_POINT ( 'NONE',  ( 6.985000000000000320, 0.3750000000000000000, -5.714999999999999858 ) ) ;
#4471 = VERTEX_POINT ( 'NONE', #721 ) ;
#4472 = SURFACE_STYLE_FILL_AREA ( #8642 ) ;
#4473 = DIRECTION ( 'NONE',  ( 0.000000000000000000, 0.000000000000000000, -1.000000000000000000 ) ) ;
#4474 = EDGE_LOOP ( 'NONE', ( #7830, #8932, #247 ) ) ;
#4475 = CARTESIAN_POINT ( 'NONE',  ( -1.905000000000000471, 0.3750000000000000000, 5.715000000000001634 ) ) ;
#4476 = SPHERICAL_SURFACE ( 'NONE', #9736, 0.3750000000000000000 ) ;
#4477 = AXIS2_PLACEMENT_3D ( 'NONE', #8765, #2702, #9620 ) ;
#4478 = LINE ( 'NONE', #3750, #127 ) ;
#4479 = AXIS2_PLACEMENT_3D ( 'NONE', #7088, #7300, #4580 ) ;
#4480 = AXIS2_PLACEMENT_3D ( 'NONE', #441, #9093, #2127 ) ;
#4481 = SPHERICAL_SURFACE ( 'NONE', #2149, 0.3750000000000000000 ) ;
#4482 =( NAMED_UNIT ( * ) SI_UNIT ( $, .STERADIAN. ) SOLID_ANGLE_UNIT ( ) );
#4483 = AXIS2_PLACEMENT_3D ( 'NONE', #3757, #2230, #9025 ) ;
#4484 = FACE_OUTER_BOUND ( 'NONE', #9926, .T. ) ;
#4485 = ORIENTED_EDGE ( 'NONE', *, *, #9722, .F. ) ;
#4486 = CARTESIAN_POINT ( 'NONE',  ( 5.715000000000000746, 0.6999999999999999556, 1.905000000000000471 ) ) ;
#4487 = AXIS2_PLACEMENT_3D ( 'NONE', #1635, #3377, #8452 ) ;
#4488 = ORIENTED_EDGE ( 'NONE', *, *, #9225, .T. ) ;
#4489 = DIRECTION ( 'NONE',  ( 1.000000000000000000, 0.000000000000000000, 0.000000000000000000 ) ) ;
#4490 = SPHERICAL_SURFACE ( 'NONE', #10907, 0.3750000000000000000 ) ;
#4491 = COLOUR_RGB ( '',0.7921568627450980005, 0.8196078431372548767, 0.9333333333333333481 ) ;
#4492 = ORIENTED_EDGE ( 'NONE', *, *, #10705, .T. ) ;
#4493 = FILL_AREA_STYLE ('',( #1076 ) ) ;
#4494 = CARTESIAN_POINT ( 'NONE',  ( 0.4479171306613019543, 0.6999999999999998446, 4.445000000000001172 ) ) ;
#4495 = SPHERICAL_SURFACE ( 'NONE', #9257, 0.3750000000000000000 ) ;
#4496 = DIRECTION ( 'NONE',  ( 1.000000000000000000, 0.000000000000000000, 0.000000000000000000 ) ) ;
#4497 = AXIS2_PLACEMENT_3D ( 'NONE', #9367, #5981, #4982 ) ;
#4498 = AXIS2_PLACEMENT_3D ( 'NONE', #752, #8572, #4168 ) ;
#4499 = CARTESIAN_POINT ( 'NONE',  ( -0.6350000000000001199, 0.6999999999999998446, -3.174999999999999822 ) ) ;
#4500 = SPHERICAL_SURFACE ( 'NONE', #1988, 0.3750000000000000000 ) ;
#4501 = SURFACE_SIDE_STYLE ('',( #3773 ) ) ;
#4502 = SPHERICAL_SURFACE ( 'NONE', #4870, 0.3750000000000000000 ) ;
#4503 = DIRECTION ( 'NONE',  ( 1.224646799147353207E-16, 0.000000000000000000, -1.000000000000000000 ) ) ;
#4504 =( GEOMETRIC_REPRESENTATION_CONTEXT ( 3 ) GLOBAL_UNCERTAINTY_ASSIGNED_CONTEXT ( ( #1401 ) ) GLOBAL_UNIT_ASSIGNED_CONTEXT ( ( #10839, #4877, #9318 ) ) REPRESENTATION_CONTEXT ( 'NONE', 'WORKASPACE' ) );
#4505 = CARTESIAN_POINT ( 'NONE',  ( -6.000000000000005329, 5.070000000000000284, -5.399999999999998579 ) ) ;
#4506 = EDGE_CURVE ( 'NONE', #3960, #4414, #8604, .T. ) ;
#4507 = DIRECTION ( 'NONE',  ( 0.000000000000000000, 0.000000000000000000, 1.000000000000000000 ) ) ;
#4508 = AXIS2_PLACEMENT_3D ( 'NONE', #7942, #5255, #1019 ) ;
#4509 = ORIENTED_EDGE ( 'NONE', *, *, #7844, .T. ) ;
#4510 = CARTESIAN_POINT ( 'NONE',  ( -5.715000000000000746, 0.3750000000000000000, 1.905000000000000471 ) ) ;
#4511 = DIRECTION ( 'NONE',  ( -1.000000000000000000, 0.000000000000000000, 0.000000000000000000 ) ) ;
#4512 = FACE_OUTER_BOUND ( 'NONE', #10860, .T. ) ;
#4513 = MECHANICAL_DESIGN_GEOMETRIC_PRESENTATION_REPRESENTATION (  '', ( #3462 ), #7737 ) ;
#4514 = EDGE_CURVE ( 'NONE', #8559, #1387, #5041, .T. ) ;
#4515 = DIRECTION ( 'NONE',  ( 0.000000000000000000, 0.000000000000000000, 1.000000000000000000 ) ) ;
#4516 = EDGE_CURVE ( 'NONE', #5904, #7681, #10198, .T. ) ;
#4517 = CIRCLE ( 'NONE', #6851, 0.3749999999999998890 ) ;
#4518 = ORIENTED_EDGE ( 'NONE', *, *, #8797, .F. ) ;
#4519 = AXIS2_PLACEMENT_3D ( 'NONE', #5102, #2363, #3386 ) ;
#4520 = DIRECTION ( 'NONE',  ( 1.224646799147353207E-16, 0.000000000000000000, -1.000000000000000000 ) ) ;
#4521 = ORIENTED_EDGE ( 'NONE', *, *, #1264, .F. ) ;
#4522 = DIRECTION ( 'NONE',  ( 1.000000000000000000, 0.000000000000000000, 0.000000000000000000 ) ) ;
#4523 = UNCERTAINTY_MEASURE_WITH_UNIT (LENGTH_MEASURE( 1.000000000000000082E-05 ), #10792, 'distance_accuracy_value', 'NONE');
#4524 = EDGE_LOOP ( 'NONE', ( #6407, #9396 ) ) ;
#4525 = LINE ( 'NONE', #7364, #1255 ) ;
#4526 = STYLED_ITEM ( 'NONE', ( #2320 ), #2677 ) ;
#4527 = PRESENTATION_STYLE_ASSIGNMENT (( #3649 ) ) ;
#4528 = EDGE_CURVE ( 'NONE', #2158, #8904, #4266, .T. ) ;
#4529 = PLANE ( 'NONE',  #2885 ) ;
#4530 = ADVANCED_FACE ( 'NONE', ( #786 ), #600, .T. ) ;
#4531 = CARTESIAN_POINT ( 'NONE',  ( 3.174999999999999822, 0.3750000000000000000, -6.985000000000000320 ) ) ;
#4532 = DIRECTION ( 'NONE',  ( -1.000000000000000000, 0.000000000000000000, 0.000000000000000000 ) ) ;
#4533 = ORIENTED_EDGE ( 'NONE', *, *, #3812, .T. ) ;
#4534 = PLANE ( 'NONE',  #2759 ) ;
#4535 = UNCERTAINTY_MEASURE_WITH_UNIT (LENGTH_MEASURE( 1.000000000000000082E-05 ), #5376, 'distance_accuracy_value', 'NONE');
#4536 = ORIENTED_EDGE ( 'NONE', *, *, #2191, .T. ) ;
#4537 = FACE_OUTER_BOUND ( 'NONE', #3318, .T. ) ;
#4538 = DIRECTION ( 'NONE',  ( 1.000000000000000000, 0.000000000000000000, 0.000000000000000000 ) ) ;
#4539 = ORIENTED_EDGE ( 'NONE', *, *, #3163, .F. ) ;
#4540 =( NAMED_UNIT ( * ) PLANE_ANGLE_UNIT ( ) SI_UNIT ( $, .RADIAN. ) );
#4541 = CARTESIAN_POINT ( 'NONE',  ( -1.905000000000000471, 0.6999999999999998446, -3.174999999999999822 ) ) ;
#4542 = PRESENTATION_STYLE_ASSIGNMENT (( #7894 ) ) ;
#4543 = CARTESIAN_POINT ( 'NONE',  ( -5.527917130661303524, 0.6999999999999998446, 1.905000000000000471 ) ) ;
#4544 = DIRECTION ( 'NONE',  ( -0.000000000000000000, 1.000000000000000000, -0.000000000000000000 ) ) ;
#4545 = AXIS2_PLACEMENT_3D ( 'NONE', #2611, #3401, #876 ) ;
#4546 =( NAMED_UNIT ( * ) SI_UNIT ( $, .STERADIAN. ) SOLID_ANGLE_UNIT ( ) );
#4547 = FACE_OUTER_BOUND ( 'NONE', #5697, .T. ) ;
#4548 = CIRCLE ( 'NONE', #3839, 0.1870828693386972497 ) ;
#4549 = FILL_AREA_STYLE ('',( #5541 ) ) ;
#4550 = DIRECTION ( 'NONE',  ( -1.000000000000000000, 0.000000000000000000, 0.000000000000000000 ) ) ;
#4551 = CARTESIAN_POINT ( 'NONE',  ( 5.715000000000000746, 0.6999999999999999556, 4.445000000000001172 ) ) ;
#4552 = CIRCLE ( 'NONE', #3326, 0.1870828693386972497 ) ;
#4553 =( LENGTH_UNIT ( ) NAMED_UNIT ( * ) SI_UNIT ( .MILLI., .METRE. ) );
#4554 = ORIENTED_EDGE ( 'NONE', *, *, #2928, .F. ) ;
#4555 = ORIENTED_EDGE ( 'NONE', *, *, #8900, .T. ) ;
#4556 = DIRECTION ( 'NONE',  ( 0.000000000000000000, 0.000000000000000000, 1.000000000000000000 ) ) ;
#4557 = ORIENTED_EDGE ( 'NONE', *, *, #4573, .F. ) ;
#4559 = ADVANCED_FACE ( 'NONE', ( #5749 ), #1629, .T. ) ;
#4558 =( GEOMETRIC_REPRESENTATION_CONTEXT ( 3 ) GLOBAL_UNCERTAINTY_ASSIGNED_CONTEXT ( ( #1938 ) ) GLOBAL_UNIT_ASSIGNED_CONTEXT ( ( #3954, #2094, #9762 ) ) REPRESENTATION_CONTEXT ( 'NONE', 'WORKASPACE' ) );
#4560 = ADVANCED_FACE ( 'NONE', ( #9241 ), #6082, .T. ) ;
#4561 =( NAMED_UNIT ( * ) PLANE_ANGLE_UNIT ( ) SI_UNIT ( $, .RADIAN. ) );
#4562 = CARTESIAN_POINT ( 'NONE',  ( 6.797917130661303098, 0.6999999999999998446, 4.445000000000001172 ) ) ;
#4563 = CARTESIAN_POINT ( 'NONE',  ( 3.174999999999999822, 0.6999999999999998446, 1.905000000000000471 ) ) ;
#4564 = SURFACE_SIDE_STYLE ('',( #302 ) ) ;
#4565 = COLOUR_RGB ( '',0.7921568627450980005, 0.8196078431372548767, 0.9333333333333333481 ) ;
#4566 = CIRCLE ( 'NONE', #5279, 0.3750000000000003331 ) ;
#4567 =( LENGTH_UNIT ( ) NAMED_UNIT ( * ) SI_UNIT ( .MILLI., .METRE. ) );
#4568 = VERTEX_POINT ( 'NONE', #1941 ) ;
#4569 = FILL_AREA_STYLE_COLOUR ( '', #1576 ) ;
#4570 = ADVANCED_FACE ( 'NONE', ( #95 ), #10424, .F. ) ;
#4571 = VERTEX_POINT ( 'NONE', #9615 ) ;
#4572 = DIRECTION ( 'NONE',  ( 0.000000000000000000, 0.000000000000000000, 1.000000000000000000 ) ) ;
#4573 = EDGE_CURVE ( 'NONE', #784, #5492, #5385, .T. ) ;
#4574 = AXIS2_PLACEMENT_3D ( 'NONE', #2836, #1874, #4556 ) ;
#4575 = ORIENTED_EDGE ( 'NONE', *, *, #9175, .F. ) ;
#4576 = CARTESIAN_POINT ( 'NONE',  ( -5.715000000000000746, 0.3750000000000000000, -3.174999999999999822 ) ) ;
#4577 = CARTESIAN_POINT ( 'NONE',  ( -1.905000000000000471, 0.3750000000000000000, 6.985000000000001208 ) ) ;
#4578 = CIRCLE ( 'NONE', #5990, 0.1870828693386972497 ) ;
#4579 = VERTEX_POINT ( 'NONE', #1007 ) ;
#4580 = DIRECTION ( 'NONE',  ( 1.000000000000000000, 0.000000000000000000, 0.000000000000000000 ) ) ;
#4581 = DIRECTION ( 'NONE',  ( 0.000000000000000000, 0.000000000000000000, -1.000000000000000000 ) ) ;
#4582 = SURFACE_STYLE_FILL_AREA ( #9616 ) ;
#4583 = SPHERICAL_SURFACE ( 'NONE', #5844, 0.3750000000000000000 ) ;
#4584 = CARTESIAN_POINT ( 'NONE',  ( 6.985000000000000320, 0.6999999999999998446, -4.444999999999999396 ) ) ;
#4585 = COLOUR_RGB ( '',0.7921568627450980005, 0.8196078431372548767, 0.9333333333333333481 ) ;
#4586 = CIRCLE ( 'NONE', #10998, 0.1870828693386972497 ) ;
#4587 = CARTESIAN_POINT ( 'NONE',  ( 4.445000000000000284, 0.6999999999999998446, 1.905000000000000471 ) ) ;
#4588 = EDGE_CURVE ( 'NONE', #1765, #1671, #6839, .T. ) ;
#4589 = EDGE_LOOP ( 'NONE', ( #2745, #8611, #4435 ) ) ;
#4590 = CARTESIAN_POINT ( 'NONE',  ( 6.985000000000000320, 0.3750000000000000000, -4.444999999999999396 ) ) ;
#4591 = VERTEX_POINT ( 'NONE', #3695 ) ;
#4592 = CIRCLE ( 'NONE', #10460, 0.1870828693386972497 ) ;
#4593 = DIRECTION ( 'NONE',  ( 1.224646799147353207E-16, 0.000000000000000000, -1.000000000000000000 ) ) ;
#4594 = ORIENTED_EDGE ( 'NONE', *, *, #1300, .T. ) ;
#4595 = FILL_AREA_STYLE ('',( #8933 ) ) ;
#4596 = CIRCLE ( 'NONE', #4383, 0.3750000000000003331 ) ;
#4597 = DIRECTION ( 'NONE',  ( 0.000000000000000000, 0.000000000000000000, 1.000000000000000000 ) ) ;
#4598 = DIRECTION ( 'NONE',  ( -0.000000000000000000, 1.000000000000000000, -0.000000000000000000 ) ) ;
#4599 = AXIS2_PLACEMENT_3D ( 'NONE', #9416, #6253, #5413 ) ;
#4600 = CARTESIAN_POINT ( 'NONE',  ( 6.985000000000000320, 0.6999999999999998446, -5.714999999999999858 ) ) ;
#4601 = AXIS2_PLACEMENT_3D ( 'NONE', #10425, #5409, #8701 ) ;
#4602 = FACE_OUTER_BOUND ( 'NONE', #5800, .T. ) ;
#4603 = AXIS2_PLACEMENT_3D ( 'NONE', #2487, #567, #4936 ) ;
#4604 = DIRECTION ( 'NONE',  ( -1.000000000000000000, 0.000000000000000000, 0.000000000000000000 ) ) ;
#4605 = DIRECTION ( 'NONE',  ( 0.000000000000000000, -1.000000000000000000, 0.000000000000000000 ) ) ;
#4606 = AXIS2_PLACEMENT_3D ( 'NONE', #4790, #6468, #8036 ) ;
#4607 =( NAMED_UNIT ( * ) SI_UNIT ( $, .STERADIAN. ) SOLID_ANGLE_UNIT ( ) );
#4608 = VERTEX_POINT ( 'NONE', #4423 ) ;
#4609 = VERTEX_POINT ( 'NONE', #6238 ) ;
#4610 = COLOUR_RGB ( '',0.7921568627450980005, 0.8196078431372548767, 0.9333333333333333481 ) ;
#4611 = VERTEX_POINT ( 'NONE', #1999 ) ;
#4612 = CARTESIAN_POINT ( 'NONE',  ( 5.715000000000000746, 0.3750000000000000000, 5.715000000000001634 ) ) ;
#4613 = FACE_OUTER_BOUND ( 'NONE', #9255, .T. ) ;
#4614 = SURFACE_STYLE_FILL_AREA ( #2895 ) ;
#4615 = CIRCLE ( 'NONE', #5497, 0.3750000000000003331 ) ;
#4616 = ADVANCED_FACE ( 'NONE', ( #3586 ), #2803, .F. ) ;
#4617 = DIRECTION ( 'NONE',  ( 1.224646799147353207E-16, 0.000000000000000000, -1.000000000000000000 ) ) ;
#4618 = EDGE_CURVE ( 'NONE', #8716, #2517, #4785, .T. ) ;
#4619 =( LENGTH_UNIT ( ) NAMED_UNIT ( * ) SI_UNIT ( .MILLI., .METRE. ) );
#4620 = EDGE_LOOP ( 'NONE', ( #4698, #9284, #3979 ) ) ;
#4621 = CARTESIAN_POINT ( 'NONE',  ( 4.445000000000000284, 0.6999999999999999556, -4.444999999999999396 ) ) ;
#4622 = ORIENTED_EDGE ( 'NONE', *, *, #2911, .T. ) ;
#4623 = CLOSED_SHELL ( 'NONE', ( #5046, #1364, #7429 ) ) ;
#4624 = CARTESIAN_POINT ( 'NONE',  ( 4.445000000000000284, 0.6999999999999999556, 5.715000000000001634 ) ) ;
#4625 = SURFACE_STYLE_FILL_AREA ( #1327 ) ;
#4626 =( GEOMETRIC_REPRESENTATION_CONTEXT ( 3 ) GLOBAL_UNCERTAINTY_ASSIGNED_CONTEXT ( ( #9406 ) ) GLOBAL_UNIT_ASSIGNED_CONTEXT ( ( #8732, #9581, #449 ) ) REPRESENTATION_CONTEXT ( 'NONE', 'WORKASPACE' ) );
#4627 = ORIENTED_EDGE ( 'NONE', *, *, #10299, .F. ) ;
#4628 = DIRECTION ( 'NONE',  ( 0.000000000000000000, -0.000000000000000000, -1.000000000000000000 ) ) ;
#4629 = DIRECTION ( 'NONE',  ( 0.000000000000000000, 0.000000000000000000, 1.000000000000000000 ) ) ;
#4630 = CLOSED_SHELL ( 'NONE', ( #410, #9491, #9919 ) ) ;
#4631 = DIRECTION ( 'NONE',  ( 0.000000000000000000, 0.000000000000000000, 1.000000000000000000 ) ) ;
#4632 = ADVANCED_FACE ( 'NONE', ( #7775 ), #6988, .T. ) ;
#4633 = CIRCLE ( 'NONE', #4811, 0.3750000000000003331 ) ;
#4634 =( LENGTH_UNIT ( ) NAMED_UNIT ( * ) SI_UNIT ( .MILLI., .METRE. ) );
#4635 = FACE_OUTER_BOUND ( 'NONE', #8090, .T. ) ;
#4636 = EDGE_LOOP ( 'NONE', ( #8891, #7571, #1664 ) ) ;
#4637 = SURFACE_SIDE_STYLE ('',( #10551 ) ) ;
#4638 = AXIS2_PLACEMENT_3D ( 'NONE', #3378, #6668, #2359 ) ;
#4639 = UNCERTAINTY_MEASURE_WITH_UNIT (LENGTH_MEASURE( 1.000000000000000082E-05 ), #4760, 'distance_accuracy_value', 'NONE');
#4640 = ORIENTED_EDGE ( 'NONE', *, *, #4956, .T. ) ;
#4641 = SPHERICAL_SURFACE ( 'NONE', #160, 0.3750000000000000000 ) ;
#4642 = AXIS2_PLACEMENT_3D ( 'NONE', #5830, #10800, #3345 ) ;
#4643 = CARTESIAN_POINT ( 'NONE',  ( 5.527917130661303524, 0.6999999999999998446, 3.175000000000000711 ) ) ;
#4644 = VERTEX_POINT ( 'NONE', #6023 ) ;
#4645 = CIRCLE ( 'NONE', #1792, 0.3750000000000003331 ) ;
#4646 = SURFACE_STYLE_USAGE ( .BOTH. , #8874 ) ;
#4647 = CARTESIAN_POINT ( 'NONE',  ( -3.175000000000000711, 0.3750000000000000000, -5.714999999999999858 ) ) ;
#4648 = DIRECTION ( 'NONE',  ( -1.000000000000000000, 0.000000000000000000, 0.000000000000000000 ) ) ;
#4649 = CARTESIAN_POINT ( 'NONE',  ( 3.362082869338697044, 0.6999999999999998446, 5.715000000000001634 ) ) ;
#4650 = DIRECTION ( 'NONE',  ( 0.000000000000000000, 0.000000000000000000, 1.000000000000000000 ) ) ;
#4651 = AXIS2_PLACEMENT_3D ( 'NONE', #4740, #8147, #484 ) ;
#4652 = CIRCLE ( 'NONE', #6071, 0.3750000000000003331 ) ;
#4653 = EDGE_CURVE ( 'NONE', #431, #3032, #5671, .T. ) ;
#4654 = AXIS2_PLACEMENT_3D ( 'NONE', #5144, #10041, #10997 ) ;
#4655 = DIRECTION ( 'NONE',  ( 0.000000000000000000, -0.000000000000000000, -1.000000000000000000 ) ) ;
#4656 = CARTESIAN_POINT ( 'NONE',  ( -5.715000000000000746, 0.3750000000000000000, -3.174999999999999822 ) ) ;
#4657 = CARTESIAN_POINT ( 'NONE',  ( 1.717917130661302361, 0.6999999999999998446, 3.175000000000000711 ) ) ;
#4658 = MECHANICAL_DESIGN_GEOMETRIC_PRESENTATION_REPRESENTATION (  '', ( #3255 ), #4873 ) ;
#4659 = AXIS2_PLACEMENT_3D ( 'NONE', #5672, #9115, #2383 ) ;
#4660 = PRESENTATION_STYLE_ASSIGNMENT (( #3049 ) ) ;
#4661 = CARTESIAN_POINT ( 'NONE',  ( 4.445000000000000284, 0.000000000000000000, -6.985000000000000320 ) ) ;
#4662 = AXIS2_PLACEMENT_3D ( 'NONE', #9625, #9475, #3656 ) ;
#4663 = CARTESIAN_POINT ( 'NONE',  ( -4.445000000000001172, 0.3750000000000000000, 5.715000000000001634 ) ) ;
#4664 = CARTESIAN_POINT ( 'NONE',  ( 0.6349999999999992317, 0.6999999999999998446, 6.985000000000001208 ) ) ;
#4665 = AXIS2_PLACEMENT_3D ( 'NONE', #727, #10999, #9985 ) ;
#4666 = ORIENTED_EDGE ( 'NONE', *, *, #3718, .F. ) ;
#4667 = EDGE_LOOP ( 'NONE', ( #1618, #1489, #8840, #4705 ) ) ;
#4668 = SURFACE_SIDE_STYLE ('',( #5663 ) ) ;
#4669 = DIRECTION ( 'NONE',  ( 1.000000000000000000, 0.000000000000000000, 0.000000000000000000 ) ) ;
#4670 = DIRECTION ( 'NONE',  ( 0.000000000000000000, -0.000000000000000000, -1.000000000000000000 ) ) ;
#4671 = FACE_OUTER_BOUND ( 'NONE', #5184, .T. ) ;
#4672 = STYLED_ITEM ( 'NONE', ( #6680 ), #2910 ) ;
#4673 = SPHERICAL_SURFACE ( 'NONE', #2370, 0.3750000000000000000 ) ;
#4674 = ADVANCED_FACE ( 'NONE', ( #10371 ), #958, .T. ) ;
#4675 = DIRECTION ( 'NONE',  ( 0.000000000000000000, 0.000000000000000000, -1.000000000000000000 ) ) ;
#4676 = AXIS2_PLACEMENT_3D ( 'NONE', #5192, #9553, #7723 ) ;
#4677 = FILL_AREA_STYLE ('',( #9451 ) ) ;
#4678 =( NAMED_UNIT ( * ) SI_UNIT ( $, .STERADIAN. ) SOLID_ANGLE_UNIT ( ) );
#4679 = EDGE_LOOP ( 'NONE', ( #3442, #5929, #4554 ) ) ;
#4680 = PLANE ( 'NONE',  #6628 ) ;
#4681 = ORIENTED_EDGE ( 'NONE', *, *, #9514, .F. ) ;
#4682 = CARTESIAN_POINT ( 'NONE',  ( -1.905000000000000471, 0.6999999999999998446, -5.714999999999999858 ) ) ;
#4683 = AXIS2_PLACEMENT_3D ( 'NONE', #7415, #1321, #8177 ) ;
#4684 = ORIENTED_EDGE ( 'NONE', *, *, #518, .T. ) ;
#4685 = ADVANCED_FACE ( 'NONE', ( #6880 ), #4476, .T. ) ;
#4686 = CARTESIAN_POINT ( 'NONE',  ( 3.174999999999999822, 0.6999999999999998446, -0.6349999999999992317 ) ) ;
#4687 =( NAMED_UNIT ( * ) SI_UNIT ( $, .STERADIAN. ) SOLID_ANGLE_UNIT ( ) );
#4688 = FACE_OUTER_BOUND ( 'NONE', #823, .T. ) ;
#4689 = ADVANCED_FACE ( 'NONE', ( #206 ), #2753, .T. ) ;
#4690 = AXIS2_PLACEMENT_3D ( 'NONE', #2041, #8854, #9774 ) ;
#4691 = SPHERICAL_SURFACE ( 'NONE', #3780, 0.3750000000000000000 ) ;
#4692 = CIRCLE ( 'NONE', #5942, 0.3749999999999998890 ) ;
#4693 = CARTESIAN_POINT ( 'NONE',  ( 0.4479171306613019543, 0.6999999999999998446, 5.715000000000001634 ) ) ;
#4694 =( LENGTH_UNIT ( ) NAMED_UNIT ( * ) SI_UNIT ( .MILLI., .METRE. ) );
#4695 = CARTESIAN_POINT ( 'NONE',  ( -6.985000000000000320, 0.3750000000000000000, 4.445000000000001172 ) ) ;
#4696 = EDGE_LOOP ( 'NONE', ( #2446, #4536, #1513 ) ) ;
#4697 = PRODUCT ( 'LTM4613EY#PBF', 'LTM4613EY#PBF', '', ( #10852 ) ) ;
#4698 = ORIENTED_EDGE ( 'NONE', *, *, #4009, .F. ) ;
#4699 = ADVANCED_FACE ( 'NONE', ( #7879 ), #2044, .T. ) ;
#4700 = FACE_OUTER_BOUND ( 'NONE', #4260, .T. ) ;
#4701 = ADVANCED_FACE ( 'NONE', ( #3646 ), #10593, .T. ) ;
#4702 = ADVANCED_FACE ( 'NONE', ( #7317 ), #2106, .T. ) ;
#4703 = DIRECTION ( 'NONE',  ( 1.000000000000000000, 0.000000000000000000, 0.000000000000000000 ) ) ;
#4704 = AXIS2_PLACEMENT_3D ( 'NONE', #4156, #1746, #9200 ) ;
#4705 = ORIENTED_EDGE ( 'NONE', *, *, #9049, .T. ) ;
#4706 =( NAMED_UNIT ( * ) SI_UNIT ( $, .STERADIAN. ) SOLID_ANGLE_UNIT ( ) );
#4707 = CARTESIAN_POINT ( 'NONE',  ( 0.6349999999999992317, 0.6999999999999998446, 3.175000000000000711 ) ) ;
#4708 = SPHERICAL_SURFACE ( 'NONE', #7636, 0.3750000000000000000 ) ;
#4709 = DIRECTION ( 'NONE',  ( 1.000000000000000000, 0.000000000000000000, 0.000000000000000000 ) ) ;
#4710 = CIRCLE ( 'NONE', #10935, 0.3750000000000003331 ) ;
#4711 = DIRECTION ( 'NONE',  ( 0.000000000000000000, 0.000000000000000000, -1.000000000000000000 ) ) ;
#4712 = ADVANCED_FACE ( 'NONE', ( #8910 ), #1279, .F. ) ;
#4713 = EDGE_CURVE ( 'NONE', #3817, #1803, #4958, .T. ) ;
#4714 = DIRECTION ( 'NONE',  ( 1.000000000000000000, 0.000000000000000000, 0.000000000000000000 ) ) ;
#4715 = PLANE ( 'NONE',  #520 ) ;
#4716 = ORIENTED_EDGE ( 'NONE', *, *, #8651, .T. ) ;
#4717 = EDGE_LOOP ( 'NONE', ( #7, #9487, #4915 ) ) ;
#4718 = MECHANICAL_DESIGN_GEOMETRIC_PRESENTATION_REPRESENTATION (  '', ( #2225 ), #801 ) ;
#4719 = SPHERICAL_SURFACE ( 'NONE', #3563, 0.3750000000000000000 ) ;
#4720 =( LENGTH_UNIT ( ) NAMED_UNIT ( * ) SI_UNIT ( .MILLI., .METRE. ) );
#4721 = ADVANCED_FACE ( 'NONE', ( #2224 ), #9018, .F. ) ;
#4722 =( NAMED_UNIT ( * ) PLANE_ANGLE_UNIT ( ) SI_UNIT ( $, .RADIAN. ) );
#4723 = ADVANCED_FACE ( 'NONE', ( #3903 ), #8967, .T. ) ;
#4724 = AXIS2_PLACEMENT_3D ( 'NONE', #9827, #10749, #8955 ) ;
#4725 = CARTESIAN_POINT ( 'NONE',  ( 1.904999999999999583, 0.3750000000000000000, -0.6349999999999992317 ) ) ;
#4726 =( GEOMETRIC_REPRESENTATION_CONTEXT ( 3 ) GLOBAL_UNCERTAINTY_ASSIGNED_CONTEXT ( ( #4743 ) ) GLOBAL_UNIT_ASSIGNED_CONTEXT ( ( #4739, #7984, #380 ) ) REPRESENTATION_CONTEXT ( 'NONE', 'WORKASPACE' ) );
#4727 = FACE_OUTER_BOUND ( 'NONE', #3567, .T. ) ;
#4728 = MECHANICAL_DESIGN_GEOMETRIC_PRESENTATION_REPRESENTATION (  '', ( #9511 ), #6699 ) ;
#4729 = EDGE_LOOP ( 'NONE', ( #3625, #1163 ) ) ;
#4730 = DIRECTION ( 'NONE',  ( 0.000000000000000000, 0.000000000000000000, 1.000000000000000000 ) ) ;
#4731 = SURFACE_STYLE_USAGE ( .BOTH. , #6347 ) ;
#4732 = UNCERTAINTY_MEASURE_WITH_UNIT (LENGTH_MEASURE( 1.000000000000000082E-05 ), #5501, 'distance_accuracy_value', 'NONE');
#4733 = ORIENTED_EDGE ( 'NONE', *, *, #1646, .T. ) ;
#4734 = CARTESIAN_POINT ( 'NONE',  ( -4.445000000000001172, 0.3750000000000000000, -1.904999999999999583 ) ) ;
#4735 = AXIS2_PLACEMENT_3D ( 'NONE', #3479, #10418, #7085 ) ;
#4736 = DIRECTION ( 'NONE',  ( 0.000000000000000000, 0.000000000000000000, -1.000000000000000000 ) ) ;
#4737 = SPHERICAL_SURFACE ( 'NONE', #7162, 0.3750000000000000000 ) ;
#4738 = PRESENTATION_STYLE_ASSIGNMENT (( #5459 ) ) ;
#4739 =( LENGTH_UNIT ( ) NAMED_UNIT ( * ) SI_UNIT ( .MILLI., .METRE. ) );
#4740 = CARTESIAN_POINT ( 'NONE',  ( -1.905000000000000471, 0.6999999999999998446, 4.445000000000001172 ) ) ;
#4741 = PRESENTATION_LAYER_ASSIGNMENT (  '', '', ( #8131 ) ) ;
#4742 = ORIENTED_EDGE ( 'NONE', *, *, #7489, .F. ) ;
#4743 = UNCERTAINTY_MEASURE_WITH_UNIT (LENGTH_MEASURE( 1.000000000000000082E-05 ), #4739, 'distance_accuracy_value', 'NONE');
#4744 = ORIENTED_EDGE ( 'NONE', *, *, #4897, .T. ) ;
#4745 = CARTESIAN_POINT ( 'NONE',  ( 7.172082869338698430, 0.6999999999999998446, -0.6349999999999992317 ) ) ;
#4746 = DIRECTION ( 'NONE',  ( 1.000000000000000000, 0.000000000000000000, 0.000000000000000000 ) ) ;
#4747 = ORIENTED_EDGE ( 'NONE', *, *, #3749, .T. ) ;
#4748 = CARTESIAN_POINT ( 'NONE',  ( -3.175000000000000711, 0.3750000000000000000, 5.715000000000001634 ) ) ;
#4749 = PRESENTATION_LAYER_ASSIGNMENT (  '', '', ( #3699 ) ) ;
#4750 = CARTESIAN_POINT ( 'NONE',  ( -6.797917130661303098, 0.6999999999999998446, 6.985000000000001208 ) ) ;
#4751 = DIRECTION ( 'NONE',  ( -0.000000000000000000, 1.000000000000000000, -0.000000000000000000 ) ) ;
#4752 = SPHERICAL_SURFACE ( 'NONE', #7154, 0.3750000000000000000 ) ;
#4753 = CIRCLE ( 'NONE', #5992, 0.3750000000000003331 ) ;
#4754 = SURFACE_STYLE_FILL_AREA ( #10668 ) ;
#4755 = EDGE_CURVE ( 'NONE', #8697, #268, #865, .T. ) ;
#4756 = FACE_OUTER_BOUND ( 'NONE', #9122, .T. ) ;
#4757 = MECHANICAL_DESIGN_GEOMETRIC_PRESENTATION_REPRESENTATION (  '', ( #9706 ), #10096 ) ;
#4758 = SURFACE_STYLE_USAGE ( .BOTH. , #8884 ) ;
#4759 = AXIS2_PLACEMENT_3D ( 'NONE', #5474, #8877, #7275 ) ;
#4760 =( LENGTH_UNIT ( ) NAMED_UNIT ( * ) SI_UNIT ( .MILLI., .METRE. ) );
#4761 = DIRECTION ( 'NONE',  ( 0.000000000000000000, 0.000000000000000000, 1.000000000000000000 ) ) ;
#4762 = SURFACE_SIDE_STYLE ('',( #3931 ) ) ;
#4763 = FACE_OUTER_BOUND ( 'NONE', #4062, .T. ) ;
#4764 = DIRECTION ( 'NONE',  ( -1.000000000000000000, 0.000000000000000000, 0.000000000000000000 ) ) ;
#4765 = PRESENTATION_LAYER_ASSIGNMENT (  '', '', ( #5656 ) ) ;
#4766 = ADVANCED_FACE ( 'NONE', ( #7976 ), #2961, .F. ) ;
#4767 = PLANE ( 'NONE',  #10639 ) ;
#4768 = CARTESIAN_POINT ( 'NONE',  ( -3.175000000000000711, 0.6999999999999998446, 1.905000000000000471 ) ) ;
#4769 = EDGE_CURVE ( 'NONE', #1461, #949, #2478, .T. ) ;
#4770 = ORIENTED_EDGE ( 'NONE', *, *, #5381, .F. ) ;
#4771 = EDGE_LOOP ( 'NONE', ( #8314, #6119, #10874 ) ) ;
#4772 = DIRECTION ( 'NONE',  ( 1.224646799147353207E-16, 0.000000000000000000, -1.000000000000000000 ) ) ;
#4773 = PRESENTATION_STYLE_ASSIGNMENT (( #573 ) ) ;
#4774 = COLOUR_RGB ( '',0.7921568627450980005, 0.8196078431372548767, 0.9333333333333333481 ) ;
#4775 = ORIENTED_EDGE ( 'NONE', *, *, #8124, .F. ) ;
#4776 = DIRECTION ( 'NONE',  ( 0.000000000000000000, 0.000000000000000000, -1.000000000000000000 ) ) ;
#4777 = DIRECTION ( 'NONE',  ( -1.000000000000000000, 0.000000000000000000, 0.000000000000000000 ) ) ;
#4778 = CARTESIAN_POINT ( 'NONE',  ( -0.6350000000000001199, 0.000000000000000000, 4.445000000000001172 ) ) ;
#4779 = SURFACE_SIDE_STYLE ('',( #1379 ) ) ;
#4780 = PRESENTATION_LAYER_ASSIGNMENT (  '', '', ( #7998 ) ) ;
#4781 = SURFACE_SIDE_STYLE ('',( #1380 ) ) ;
#4782 = CARTESIAN_POINT ( 'NONE',  ( -6.985000000000000320, 0.3750000000000000000, 6.985000000000001208 ) ) ;
#4783 = EDGE_LOOP ( 'NONE', ( #9153, #4197 ) ) ;
#4784 = PLANE ( 'NONE',  #9788 ) ;
#4785 = CIRCLE ( 'NONE', #5486, 0.1870828693386972497 ) ;
#4786 = ORIENTED_EDGE ( 'NONE', *, *, #2314, .T. ) ;
#4787 = CARTESIAN_POINT ( 'NONE',  ( -5.715000000000000746, 0.6999999999999999556, -4.444999999999999396 ) ) ;
#4788 =( NAMED_UNIT ( * ) PLANE_ANGLE_UNIT ( ) SI_UNIT ( $, .RADIAN. ) );
#4789 = ORIENTED_EDGE ( 'NONE', *, *, #6862, .F. ) ;
#4790 = CARTESIAN_POINT ( 'NONE',  ( -0.6350000000000001199, 0.6999999999999999556, -3.174999999999999822 ) ) ;
#4791 = AXIS2_PLACEMENT_3D ( 'NONE', #5594, #9103, #3112 ) ;
#4792 = DIRECTION ( 'NONE',  ( -0.000000000000000000, 1.000000000000000000, -0.000000000000000000 ) ) ;
#4793 = CLOSED_SHELL ( 'NONE', ( #2423, #4896, #7999 ) ) ;
#4794 = SURFACE_STYLE_USAGE ( .BOTH. , #9022 ) ;
#4795 = CARTESIAN_POINT ( 'NONE',  ( -5.715000000000000746, 0.3750000000000000000, -0.6349999999999992317 ) ) ;
#4796 = ORIENTED_EDGE ( 'NONE', *, *, #2379, .F. ) ;
#4797 = DIRECTION ( 'NONE',  ( 0.000000000000000000, -0.000000000000000000, -1.000000000000000000 ) ) ;
#4798 = ORIENTED_EDGE ( 'NONE', *, *, #3073, .T. ) ;
#4799 = FACE_OUTER_BOUND ( 'NONE', #105, .T. ) ;
#4800 = FACE_OUTER_BOUND ( 'NONE', #4842, .T. ) ;
#4801 = EDGE_LOOP ( 'NONE', ( #4020, #7214, #3116 ) ) ;
#4802 = CLOSED_SHELL ( 'NONE', ( #5233, #4616, #9953 ) ) ;
#4803 = DIRECTION ( 'NONE',  ( 1.224646799147353207E-16, 0.000000000000000000, -1.000000000000000000 ) ) ;
#4804 = FACE_OUTER_BOUND ( 'NONE', #2039, .T. ) ;
#4805 = DIRECTION ( 'NONE',  ( -0.000000000000000000, 1.000000000000000000, -0.000000000000000000 ) ) ;
#4806 = FACE_OUTER_BOUND ( 'NONE', #1426, .T. ) ;
#4807 = SURFACE_STYLE_USAGE ( .BOTH. , #8158 ) ;
#4808 = CLOSED_SHELL ( 'NONE', ( #8402, #102, #9436 ) ) ;
#4809 = DIRECTION ( 'NONE',  ( -0.000000000000000000, 1.000000000000000000, -0.000000000000000000 ) ) ;
#4810 = ORIENTED_EDGE ( 'NONE', *, *, #6184, .F. ) ;
#4811 = AXIS2_PLACEMENT_3D ( 'NONE', #759, #3347, #5005 ) ;
#4812 = DIRECTION ( 'NONE',  ( 1.000000000000000000, 0.000000000000000000, 0.000000000000000000 ) ) ;
#4813 = ORIENTED_EDGE ( 'NONE', *, *, #10433, .F. ) ;
#4814 = CARTESIAN_POINT ( 'NONE',  ( -7.500000000000005329, 1.070000000000000284, 7.500000000000001776 ) ) ;
#4815 = EDGE_CURVE ( 'NONE', #8801, #4885, #9213, .T. ) ;
#4816 = DIRECTION ( 'NONE',  ( 1.000000000000000000, 0.000000000000000000, 0.000000000000000000 ) ) ;
#4817 = AXIS2_PLACEMENT_3D ( 'NONE', #8276, #9805, #1412 ) ;
#4818 = COLOUR_RGB ( '',0.7921568627450980005, 0.8196078431372548767, 0.9333333333333333481 ) ;
#4819 = FACE_OUTER_BOUND ( 'NONE', #10812, .T. ) ;
#4820 = STYLED_ITEM ( 'NONE', ( #4660 ), #9866 ) ;
#4821 = ADVANCED_FACE ( 'NONE', ( #3747 ), #1224, .F. ) ;
#4822 = AXIS2_PLACEMENT_3D ( 'NONE', #7795, #4439, #7007 ) ;
#4823 =( NAMED_UNIT ( * ) SI_UNIT ( $, .STERADIAN. ) SOLID_ANGLE_UNIT ( ) );
#4824 = EDGE_LOOP ( 'NONE', ( #4622, #10194 ) ) ;
#4825 = ORIENTED_EDGE ( 'NONE', *, *, #4769, .T. ) ;
#4826 = PLANE ( 'NONE',  #8829 ) ;
#4827 = CIRCLE ( 'NONE', #10877, 0.1870828693386972497 ) ;
#4828 = DIRECTION ( 'NONE',  ( 0.000000000000000000, 0.000000000000000000, 1.000000000000000000 ) ) ;
#4829 = CARTESIAN_POINT ( 'NONE',  ( 5.715000000000000746, 0.6999999999999998446, 4.445000000000001172 ) ) ;
#4830 = PRESENTATION_LAYER_ASSIGNMENT (  '', '', ( #5905 ) ) ;
#4831 = EDGE_LOOP ( 'NONE', ( #3009, #10092, #9253 ) ) ;
#4832 = DIRECTION ( 'NONE',  ( -1.000000000000000000, 0.000000000000000000, 0.000000000000000000 ) ) ;
#4833 = CIRCLE ( 'NONE', #6254, 0.3750000000000003331 ) ;
#4834 = FILL_AREA_STYLE_COLOUR ( '', #6065 ) ;
#4835 = EDGE_CURVE ( 'NONE', #8972, #9522, #7470, .T. ) ;
#4836 = MECHANICAL_DESIGN_GEOMETRIC_PRESENTATION_REPRESENTATION (  '', ( #9608 ), #396 ) ;
#4837 = DIRECTION ( 'NONE',  ( 0.000000000000000000, 0.000000000000000000, 1.000000000000000000 ) ) ;
#4838 = COLOUR_RGB ( '',0.7921568627450980005, 0.8196078431372548767, 0.9333333333333333481 ) ;
#4839 = DIRECTION ( 'NONE',  ( 0.000000000000000000, 0.000000000000000000, -1.000000000000000000 ) ) ;
#4840 = DIRECTION ( 'NONE',  ( -0.000000000000000000, 1.000000000000000000, -0.000000000000000000 ) ) ;
#4841 = STYLED_ITEM ( 'NONE', ( #6247 ), #2875 ) ;
#4842 = EDGE_LOOP ( 'NONE', ( #7677, #7492, #9067, #5746 ) ) ;
#4843 = DIRECTION ( 'NONE',  ( -0.000000000000000000, 1.000000000000000000, -0.000000000000000000 ) ) ;
#4844 = ORIENTED_EDGE ( 'NONE', *, *, #10890, .F. ) ;
#4845 = CARTESIAN_POINT ( 'NONE',  ( 5.527917130661303524, 0.6999999999999998446, -1.904999999999999583 ) ) ;
#4846 = CARTESIAN_POINT ( 'NONE',  ( 1.904999999999999583, 0.3750000000000000000, 6.985000000000001208 ) ) ;
#4847 = EDGE_CURVE ( 'NONE', #7023, #3473, #134, .T. ) ;
#4848 = UNCERTAINTY_MEASURE_WITH_UNIT (LENGTH_MEASURE( 1.000000000000000082E-05 ), #6917, 'distance_accuracy_value', 'NONE');
#4849 = EDGE_LOOP ( 'NONE', ( #3917, #7037, #2945 ) ) ;
#4850 = EDGE_CURVE ( 'NONE', #5743, #89, #7994, .T. ) ;
#4851 = CARTESIAN_POINT ( 'NONE',  ( -0.6350000000000001199, 0.6999999999999998446, 1.905000000000000471 ) ) ;
#4852 = STYLED_ITEM ( 'NONE', ( #8161 ), #2983 ) ;
#4853 = DIRECTION ( 'NONE',  ( 0.000000000000000000, 0.000000000000000000, 1.000000000000000000 ) ) ;
#4854 = DIRECTION ( 'NONE',  ( 0.000000000000000000, 0.000000000000000000, 1.000000000000000000 ) ) ;
#4855 = ORIENTED_EDGE ( 'NONE', *, *, #4588, .F. ) ;
#4856 = AXIS2_PLACEMENT_3D ( 'NONE', #5581, #9853, #7166 ) ;
#4857 = CARTESIAN_POINT ( 'NONE',  ( -0.6350000000000001199, 0.3750000000000000000, -4.444999999999999396 ) ) ;
#4858 = VERTEX_POINT ( 'NONE', #3803 ) ;
#4859 = DIRECTION ( 'NONE',  ( -1.000000000000000000, 0.000000000000000000, 0.000000000000000000 ) ) ;
#4860 = UNCERTAINTY_MEASURE_WITH_UNIT (LENGTH_MEASURE( 1.000000000000000082E-05 ), #3690, 'distance_accuracy_value', 'NONE');
#4861 = ORIENTED_EDGE ( 'NONE', *, *, #3905, .F. ) ;
#4862 = ORIENTED_EDGE ( 'NONE', *, *, #1083, .F. ) ;
#4863 = CARTESIAN_POINT ( 'NONE',  ( 4.632082869338697506, 0.6999999999999998446, 0.6350000000000001199 ) ) ;
#4864 = ADVANCED_FACE ( 'NONE', ( #7208 ), #70, .T. ) ;
#4865 = DIRECTION ( 'NONE',  ( 1.000000000000000000, 0.000000000000000000, 0.000000000000000000 ) ) ;
#4866 = ORIENTED_EDGE ( 'NONE', *, *, #9268, .T. ) ;
#4867 = ADVANCED_FACE ( 'NONE', ( #1597 ), #5001, .F. ) ;
#4868 = DIRECTION ( 'NONE',  ( -0.000000000000000000, 1.000000000000000000, -0.000000000000000000 ) ) ;
#4869 = DIRECTION ( 'NONE',  ( 0.000000000000000000, 0.000000000000000000, 1.000000000000000000 ) ) ;
#4870 = AXIS2_PLACEMENT_3D ( 'NONE', #7115, #1973, #6318 ) ;
#4871 = CARTESIAN_POINT ( 'NONE',  ( -3.175000000000000711, 0.3750000000000000000, 3.175000000000000711 ) ) ;
#4872 = SURFACE_STYLE_FILL_AREA ( #5589 ) ;
#4873 =( GEOMETRIC_REPRESENTATION_CONTEXT ( 3 ) GLOBAL_UNCERTAINTY_ASSIGNED_CONTEXT ( ( #6533 ) ) GLOBAL_UNIT_ASSIGNED_CONTEXT ( ( #4064, #2504, #9069 ) ) REPRESENTATION_CONTEXT ( 'NONE', 'WORKASPACE' ) );
#4874 = CARTESIAN_POINT ( 'NONE',  ( 0.6349999999999992317, 0.000000000000000000, -6.985000000000000320 ) ) ;
#4875 = ORIENTED_EDGE ( 'NONE', *, *, #2156, .F. ) ;
#4876 = AXIS2_PLACEMENT_3D ( 'NONE', #9321, #1693, #9147 ) ;
#4877 =( NAMED_UNIT ( * ) PLANE_ANGLE_UNIT ( ) SI_UNIT ( $, .RADIAN. ) );
#4878 = ORIENTED_EDGE ( 'NONE', *, *, #5847, .T. ) ;
#4879 = FACE_OUTER_BOUND ( 'NONE', #1496, .T. ) ;
#4880 = CARTESIAN_POINT ( 'NONE',  ( -1.905000000000000471, 0.000000000000000000, 0.6350000000000001199 ) ) ;
#4881 = SPHERICAL_SURFACE ( 'NONE', #8711, 0.3750000000000000000 ) ;
#4882 = SPHERICAL_SURFACE ( 'NONE', #8897, 0.3750000000000000000 ) ;
#4883 =( LENGTH_UNIT ( ) NAMED_UNIT ( * ) SI_UNIT ( .MILLI., .METRE. ) );
#4884 = ORIENTED_EDGE ( 'NONE', *, *, #660, .F. ) ;
#4885 = VERTEX_POINT ( 'NONE', #3346 ) ;
#4886 = CARTESIAN_POINT ( 'NONE',  ( 4.632082869338697506, 0.6999999999999998446, -6.985000000000000320 ) ) ;
#4887 = ORIENTED_EDGE ( 'NONE', *, *, #10132, .T. ) ;
#4888 = SURFACE_SIDE_STYLE ('',( #3120 ) ) ;
#4889 = CARTESIAN_POINT ( 'NONE',  ( 1.904999999999999583, 0.6999999999999999556, 3.175000000000000711 ) ) ;
#4890 = SURFACE_STYLE_FILL_AREA ( #2266 ) ;
#4891 = DIRECTION ( 'NONE',  ( 0.000000000000000000, 0.000000000000000000, -1.000000000000000000 ) ) ;
#4892 = ADVANCED_FACE ( 'NONE', ( #983 ), #10285, .F. ) ;
#4893 = DIRECTION ( 'NONE',  ( 0.000000000000000000, 0.000000000000000000, -1.000000000000000000 ) ) ;
#4894 = SPHERICAL_SURFACE ( 'NONE', #3683, 0.3750000000000000000 ) ;
#4895 = DIRECTION ( 'NONE',  ( 1.000000000000000000, 0.000000000000000000, 0.000000000000000000 ) ) ;
#4896 = ADVANCED_FACE ( 'NONE', ( #1661 ), #5068, .F. ) ;
#4897 = EDGE_CURVE ( 'NONE', #8401, #5447, #8538, .T. ) ;
#4898 = ORIENTED_EDGE ( 'NONE', *, *, #3414, .F. ) ;
#4899 = SPHERICAL_SURFACE ( 'NONE', #9128, 0.3750000000000000000 ) ;
#4900 = CIRCLE ( 'NONE', #1334, 0.3750000000000003331 ) ;
#4901 = ORIENTED_EDGE ( 'NONE', *, *, #4506, .F. ) ;
#4902 = DIRECTION ( 'NONE',  ( 0.000000000000000000, 0.000000000000000000, -1.000000000000000000 ) ) ;
#4903 = FILL_AREA_STYLE ('',( #5736 ) ) ;
#4904 = ORIENTED_EDGE ( 'NONE', *, *, #8379, .F. ) ;
#4905 = STYLED_ITEM ( 'NONE', ( #9787 ), #2855 ) ;
#4906 =( NAMED_UNIT ( * ) PLANE_ANGLE_UNIT ( ) SI_UNIT ( $, .RADIAN. ) );
#4907 =( GEOMETRIC_REPRESENTATION_CONTEXT ( 3 ) GLOBAL_UNCERTAINTY_ASSIGNED_CONTEXT ( ( #842 ) ) GLOBAL_UNIT_ASSIGNED_CONTEXT ( ( #1394, #5514, #2226 ) ) REPRESENTATION_CONTEXT ( 'NONE', 'WORKASPACE' ) );
#4908 = ADVANCED_FACE ( 'NONE', ( #6913 ), #6804, .T. ) ;
#4909 = ORIENTED_EDGE ( 'NONE', *, *, #4847, .F. ) ;
#4910 = ORIENTED_EDGE ( 'NONE', *, *, #5120, .F. ) ;
#4911 = CARTESIAN_POINT ( 'NONE',  ( -6.985000000000000320, 0.6999999999999999556, -5.714999999999999858 ) ) ;
#4912 = ORIENTED_EDGE ( 'NONE', *, *, #8124, .T. ) ;
#4913 = DIRECTION ( 'NONE',  ( 0.000000000000000000, -0.000000000000000000, -1.000000000000000000 ) ) ;
#4914 = STYLED_ITEM ( 'NONE', ( #432 ), #2165 ) ;
#4915 = ORIENTED_EDGE ( 'NONE', *, *, #4237, .F. ) ;
#4916 = EDGE_LOOP ( 'NONE', ( #10302, #9401, #640 ) ) ;
#4917 = PRESENTATION_LAYER_ASSIGNMENT (  '', '', ( #5098 ) ) ;
#4918 = CARTESIAN_POINT ( 'NONE',  ( -5.715000000000000746, 0.3750000000000000000, 6.985000000000001208 ) ) ;
#4919 = DIRECTION ( 'NONE',  ( 0.000000000000000000, -0.000000000000000000, -1.000000000000000000 ) ) ;
#4920 = FACE_OUTER_BOUND ( 'NONE', #2222, .T. ) ;
#4921 = DIRECTION ( 'NONE',  ( 0.000000000000000000, -1.000000000000000000, 0.000000000000000000 ) ) ;
#4922 = DIRECTION ( 'NONE',  ( 0.000000000000000000, 0.000000000000000000, -1.000000000000000000 ) ) ;
#4923 = DIRECTION ( 'NONE',  ( 0.000000000000000000, -1.000000000000000000, 0.000000000000000000 ) ) ;
#4924 = SPHERICAL_SURFACE ( 'NONE', #9281, 0.3750000000000000000 ) ;
#4925 =( GEOMETRIC_REPRESENTATION_CONTEXT ( 3 ) GLOBAL_UNCERTAINTY_ASSIGNED_CONTEXT ( ( #6985 ) ) GLOBAL_UNIT_ASSIGNED_CONTEXT ( ( #3054, #2993, #1363 ) ) REPRESENTATION_CONTEXT ( 'NONE', 'WORKASPACE' ) );
#4926 = EDGE_CURVE ( 'NONE', #7483, #6702, #6382, .T. ) ;
#4927 = CARTESIAN_POINT ( 'NONE',  ( -0.6350000000000001199, 0.3750000000000000000, -3.174999999999999822 ) ) ;
#4928 = VERTEX_POINT ( 'NONE', #6743 ) ;
#4929 = DIRECTION ( 'NONE',  ( 0.000000000000000000, 0.000000000000000000, -1.000000000000000000 ) ) ;
#4930 = COLOUR_RGB ( '',0.7921568627450980005, 0.8196078431372548767, 0.9333333333333333481 ) ;
#4931 = DIRECTION ( 'NONE',  ( 0.000000000000000000, 0.000000000000000000, -1.000000000000000000 ) ) ;
#4932 = CARTESIAN_POINT ( 'NONE',  ( -0.6350000000000001199, 0.3750000000000000000, 4.445000000000001172 ) ) ;
#4933 = CARTESIAN_POINT ( 'NONE',  ( -5.715000000000000746, 0.3750000000000000000, -1.904999999999999583 ) ) ;
#4934 = DIRECTION ( 'NONE',  ( 0.000000000000000000, -0.000000000000000000, -1.000000000000000000 ) ) ;
#4935 = PRESENTATION_LAYER_ASSIGNMENT (  '', '', ( #9706 ) ) ;
#4936 = DIRECTION ( 'NONE',  ( 0.000000000000000000, 0.000000000000000000, 1.000000000000000000 ) ) ;
#4937 = DIRECTION ( 'NONE',  ( -0.000000000000000000, 1.000000000000000000, -0.000000000000000000 ) ) ;
#4938 = SURFACE_STYLE_FILL_AREA ( #9328 ) ;
#4939 = EDGE_LOOP ( 'NONE', ( #5870, #352, #2374 ) ) ;
#4940 = DIRECTION ( 'NONE',  ( -1.000000000000000000, 0.000000000000000000, 0.000000000000000000 ) ) ;
#4941 =( NAMED_UNIT ( * ) SI_UNIT ( $, .STERADIAN. ) SOLID_ANGLE_UNIT ( ) );
#4942 = MECHANICAL_DESIGN_GEOMETRIC_PRESENTATION_REPRESENTATION (  '', ( #9712 ), #2992 ) ;
#4943 = CIRCLE ( 'NONE', #7970, 0.1870828693386972497 ) ;
#4944 = CARTESIAN_POINT ( 'NONE',  ( -2.092082869338697915, 0.6999999999999998446, 1.905000000000000471 ) ) ;
#4945 = EDGE_LOOP ( 'NONE', ( #7659, #6957, #3867 ) ) ;
#4946 = CARTESIAN_POINT ( 'NONE',  ( 4.257917130661303062, 0.6999999999999998446, -4.444999999999999396 ) ) ;
#4947 = AXIS2_PLACEMENT_3D ( 'NONE', #9426, #3499, #7156 ) ;
#4948 = VERTEX_POINT ( 'NONE', #2610 ) ;
#4949 = DIRECTION ( 'NONE',  ( 0.000000000000000000, -1.000000000000000000, 0.000000000000000000 ) ) ;
#4950 = EDGE_LOOP ( 'NONE', ( #4080, #9773, #3914 ) ) ;
#4951 = SPHERICAL_SURFACE ( 'NONE', #7018, 0.3750000000000000000 ) ;
#4952 = ADVANCED_FACE ( 'NONE', ( #3507 ), #9212, .T. ) ;
#4953 = PRODUCT_DEFINITION_CONTEXT ( 'detailed design', #6875, 'design' ) ;
#4954 = AXIS2_PLACEMENT_3D ( 'NONE', #7091, #6085, #1943 ) ;
#4955 = ORIENTED_EDGE ( 'NONE', *, *, #5666, .F. ) ;
#4956 = EDGE_CURVE ( 'NONE', #6332, #5187, #10840, .T. ) ;
#4957 = STYLED_ITEM ( 'NONE', ( #3580 ), #10570 ) ;
#4958 = CIRCLE ( 'NONE', #2840, 0.1870828693386972497 ) ;
#4959 = ORIENTED_EDGE ( 'NONE', *, *, #4443, .F. ) ;
#4960 = EDGE_LOOP ( 'NONE', ( #9550, #1732 ) ) ;
#4961 = CARTESIAN_POINT ( 'NONE',  ( -1.905000000000000471, 0.3750000000000000000, -0.6349999999999992317 ) ) ;
#4962 = AXIS2_PLACEMENT_3D ( 'NONE', #2159, #6342, #6515 ) ;
#4963 = ORIENTED_EDGE ( 'NONE', *, *, #8051, .T. ) ;
#4964 = CARTESIAN_POINT ( 'NONE',  ( -0.4479171306613028425, 0.6999999999999998446, 1.905000000000000471 ) ) ;
#4965 = UNCERTAINTY_MEASURE_WITH_UNIT (LENGTH_MEASURE( 1.000000000000000082E-05 ), #6485, 'distance_accuracy_value', 'NONE');
#4966 = ORIENTED_EDGE ( 'NONE', *, *, #3063, .F. ) ;
#4967 = EDGE_LOOP ( 'NONE', ( #8266, #3115 ) ) ;
#4968 = DIRECTION ( 'NONE',  ( -0.000000000000000000, 1.000000000000000000, -0.000000000000000000 ) ) ;
#4969 = FACE_OUTER_BOUND ( 'NONE', #7625, .T. ) ;
#4970 = AXIS2_PLACEMENT_3D ( 'NONE', #4933, #503, #8117 ) ;
#4971 = EDGE_CURVE ( 'NONE', #6855, #3055, #1581, .T. ) ;
#4972 = DIRECTION ( 'NONE',  ( -1.000000000000000000, 0.000000000000000000, 0.000000000000000000 ) ) ;
#4973 = FACE_OUTER_BOUND ( 'NONE', #6841, .T. ) ;
#4974 = ADVANCED_FACE ( 'NONE', ( #10186 ), #10234, .T. ) ;
#4975 = DIRECTION ( 'NONE',  ( 0.000000000000000000, 1.000000000000000000, 0.000000000000000000 ) ) ;
#4976 = CARTESIAN_POINT ( 'NONE',  ( -0.6350000000000001199, 0.3750000000000000000, 0.6350000000000001199 ) ) ;
#4977 = CARTESIAN_POINT ( 'NONE',  ( -5.715000000000000746, 0.3750000000000000000, 3.175000000000000711 ) ) ;
#4978 = ORIENTED_EDGE ( 'NONE', *, *, #4237, .T. ) ;
#4979 = FILL_AREA_STYLE_COLOUR ( '', #9286 ) ;
#4980 = CLOSED_SHELL ( 'NONE', ( #4699, #7667, #10774 ) ) ;
#4981 = ORIENTED_EDGE ( 'NONE', *, *, #2852, .F. ) ;
#4982 = DIRECTION ( 'NONE',  ( 0.000000000000000000, -0.000000000000000000, -1.000000000000000000 ) ) ;
#4983 = SURFACE_SIDE_STYLE ('',( #10047 ) ) ;
#4984 = DIRECTION ( 'NONE',  ( 0.000000000000000000, 0.000000000000000000, 1.000000000000000000 ) ) ;
#4985 = AXIS2_PLACEMENT_3D ( 'NONE', #4224, #5257, #6042 ) ;
#4986 = ADVANCED_FACE ( 'NONE', ( #7697 ), #21, .T. ) ;
#4987 = ADVANCED_FACE ( 'NONE', ( #4294 ), #1759, .F. ) ;
#4988 = DIRECTION ( 'NONE',  ( 0.000000000000000000, 0.000000000000000000, 1.000000000000000000 ) ) ;
#4989 = EDGE_CURVE ( 'NONE', #1551, #11015, #7826, .T. ) ;
#4990 = DIRECTION ( 'NONE',  ( 0.000000000000000000, -0.000000000000000000, -1.000000000000000000 ) ) ;
#4991 = ADVANCED_FACE ( 'NONE', ( #7907 ), #10457, .T. ) ;
#4992 = AXIS2_PLACEMENT_3D ( 'NONE', #1811, #2824, #6205 ) ;
#4993 = AXIS2_PLACEMENT_3D ( 'NONE', #1465, #9978, #7442 ) ;
#4994 = CIRCLE ( 'NONE', #905, 0.1870828693386972497 ) ;
#4995 = EDGE_LOOP ( 'NONE', ( #1886, #4138, #10383 ) ) ;
#4996 = CARTESIAN_POINT ( 'NONE',  ( 4.445000000000000284, 0.3750000000000000000, -4.444999999999999396 ) ) ;
#4997 = EDGE_LOOP ( 'NONE', ( #4245, #8739 ) ) ;
#4998 = DIRECTION ( 'NONE',  ( -0.000000000000000000, 1.000000000000000000, -0.000000000000000000 ) ) ;
#4999 = CIRCLE ( 'NONE', #7501, 0.1870828693386972497 ) ;
#5000 = DIRECTION ( 'NONE',  ( 0.000000000000000000, 0.000000000000000000, -1.000000000000000000 ) ) ;
#5001 = PLANE ( 'NONE',  #10126 ) ;
#5002 = EDGE_CURVE ( 'NONE', #9404, #6648, #9556, .T. ) ;
#5003 = AXIS2_PLACEMENT_3D ( 'NONE', #10423, #2802, #6178 ) ;
#5004 = CIRCLE ( 'NONE', #7864, 0.1870828693386972497 ) ;
#5005 = DIRECTION ( 'NONE',  ( 1.000000000000000000, 0.000000000000000000, 0.000000000000000000 ) ) ;
#5006 = DIRECTION ( 'NONE',  ( -0.000000000000000000, 1.000000000000000000, -0.000000000000000000 ) ) ;
#5007 = SURFACE_STYLE_FILL_AREA ( #10918 ) ;
#5008 =( NAMED_UNIT ( * ) PLANE_ANGLE_UNIT ( ) SI_UNIT ( $, .RADIAN. ) );
#5009 = AXIS2_PLACEMENT_3D ( 'NONE', #3477, #6017, #5963 ) ;
#5010 = AXIS2_PLACEMENT_3D ( 'NONE', #5791, #7430, #6698 ) ;
#5011 = VERTEX_POINT ( 'NONE', #3778 ) ;
#5012 = PLANE ( 'NONE',  #9359 ) ;
#5013 = CIRCLE ( 'NONE', #1799, 0.1870828693386972497 ) ;
#5014 = DIRECTION ( 'NONE',  ( 0.000000000000000000, -0.000000000000000000, -1.000000000000000000 ) ) ;
#5015 = ORIENTED_EDGE ( 'NONE', *, *, #9049, .F. ) ;
#5016 = SURFACE_STYLE_USAGE ( .BOTH. , #10136 ) ;
#5017 = MECHANICAL_DESIGN_GEOMETRIC_PRESENTATION_REPRESENTATION (  '', ( #8053 ), #2709 ) ;
#5018 =( NAMED_UNIT ( * ) PLANE_ANGLE_UNIT ( ) SI_UNIT ( $, .RADIAN. ) );
#5019 = VERTEX_POINT ( 'NONE', #5430 ) ;
#5020 = AXIS2_PLACEMENT_3D ( 'NONE', #5506, #9714, #8906 ) ;
#5021 = STYLED_ITEM ( 'NONE', ( #276 ), #6274 ) ;
#5022 = DIRECTION ( 'NONE',  ( 0.000000000000000000, 0.000000000000000000, 1.000000000000000000 ) ) ;
#5023 = AXIS2_PLACEMENT_3D ( 'NONE', #6193, #7991, #3818 ) ;
#5024 = PRESENTATION_STYLE_ASSIGNMENT (( #3361 ) ) ;
#5025 = AXIS2_PLACEMENT_3D ( 'NONE', #7637, #6738, #8417 ) ;
#5026 = EDGE_LOOP ( 'NONE', ( #6534, #9273, #2462 ) ) ;
#5027 = FILL_AREA_STYLE_COLOUR ( '', #5314 ) ;
#5028 = VERTEX_POINT ( 'NONE', #5324 ) ;
#5029 = CARTESIAN_POINT ( 'NONE',  ( 5.715000000000000746, 0.3750000000000000000, -6.985000000000000320 ) ) ;
#5030 = ORIENTED_EDGE ( 'NONE', *, *, #8989, .F. ) ;
#5031 = DIRECTION ( 'NONE',  ( 1.224646799147353207E-16, 0.000000000000000000, -1.000000000000000000 ) ) ;
#5032 = ORIENTED_EDGE ( 'NONE', *, *, #891, .F. ) ;
#5033 = VERTEX_POINT ( 'NONE', #2022 ) ;
#5034 = CARTESIAN_POINT ( 'NONE',  ( -6.985000000000000320, 0.3750000000000000000, -3.174999999999999822 ) ) ;
#5035 = EDGE_CURVE ( 'NONE', #7690, #6076, #669, .T. ) ;
#5036 = DIRECTION ( 'NONE',  ( 0.000000000000000000, 0.000000000000000000, 1.000000000000000000 ) ) ;
#5037 = FACE_OUTER_BOUND ( 'NONE', #3428, .T. ) ;
#5038 = DIRECTION ( 'NONE',  ( 0.000000000000000000, -1.000000000000000000, 0.000000000000000000 ) ) ;
#5039 = CARTESIAN_POINT ( 'NONE',  ( -6.797917130661303098, 0.6999999999999998446, -4.444999999999999396 ) ) ;
#5040 =( NAMED_UNIT ( * ) PLANE_ANGLE_UNIT ( ) SI_UNIT ( $, .RADIAN. ) );
#5041 = CIRCLE ( 'NONE', #3801, 0.1870828693386972497 ) ;
#5042 = STYLED_ITEM ( 'NONE', ( #3014 ), #3105 ) ;
#5043 = CARTESIAN_POINT ( 'NONE',  ( -4.632082869338698394, 0.6999999999999998446, 5.715000000000001634 ) ) ;
#5044 = EDGE_CURVE ( 'NONE', #8713, #6189, #8357, .T. ) ;
#5045 = ADVANCED_FACE ( 'NONE', ( #7064 ), #6104, .T. ) ;
#5046 = ADVANCED_FACE ( 'NONE', ( #10568 ), #1918, .T. ) ;
#5047 = ORIENTED_EDGE ( 'NONE', *, *, #2751, .T. ) ;
#5048 = ORIENTED_EDGE ( 'NONE', *, *, #6251, .F. ) ;
#5049 = DIRECTION ( 'NONE',  ( 0.000000000000000000, -1.000000000000000000, 0.000000000000000000 ) ) ;
#5050 = DIRECTION ( 'NONE',  ( 1.000000000000000000, 0.000000000000000000, 0.000000000000000000 ) ) ;
#5051 = ORIENTED_EDGE ( 'NONE', *, *, #3281, .F. ) ;
#5052 = DIRECTION ( 'NONE',  ( 0.000000000000000000, 0.000000000000000000, -1.000000000000000000 ) ) ;
#5053 = LINE ( 'NONE', #9368, #403 ) ;
#5054 = PRESENTATION_LAYER_ASSIGNMENT (  '', '', ( #3462 ) ) ;
#5055 = CARTESIAN_POINT ( 'NONE',  ( -0.6350000000000001199, 0.6999999999999998446, -5.714999999999999858 ) ) ;
#5056 = PLANE ( 'NONE',  #2509 ) ;
#5057 = AXIS2_PLACEMENT_3D ( 'NONE', #9121, #10976, #5014 ) ;
#5058 =( GEOMETRIC_REPRESENTATION_CONTEXT ( 3 ) GLOBAL_UNCERTAINTY_ASSIGNED_CONTEXT ( ( #6421 ) ) GLOBAL_UNIT_ASSIGNED_CONTEXT ( ( #8137, #475, #8254 ) ) REPRESENTATION_CONTEXT ( 'NONE', 'WORKASPACE' ) );
#5059 = CARTESIAN_POINT ( 'NONE',  ( -2.987917130661303489, 0.6999999999999998446, -4.444999999999999396 ) ) ;
#5060 = CARTESIAN_POINT ( 'NONE',  ( 0.4479171306613019543, 0.6999999999999998446, -6.985000000000000320 ) ) ;
#5061 = AXIS2_PLACEMENT_3D ( 'NONE', #3616, #9580, #7180 ) ;
#5062 = DIRECTION ( 'NONE',  ( 1.000000000000000000, 0.000000000000000000, 0.000000000000000000 ) ) ;
#5063 = ADVANCED_FACE ( 'NONE', ( #9691 ), #8068, .T. ) ;
#5064 = FACE_OUTER_BOUND ( 'NONE', #10575, .T. ) ;
#5065 = EDGE_LOOP ( 'NONE', ( #9791, #2349, #548 ) ) ;
#5066 =( NAMED_UNIT ( * ) PLANE_ANGLE_UNIT ( ) SI_UNIT ( $, .RADIAN. ) );
#5067 = DIRECTION ( 'NONE',  ( 0.000000000000000000, -1.000000000000000000, 0.000000000000000000 ) ) ;
#5068 = PLANE ( 'NONE',  #6761 ) ;
#5069 = CIRCLE ( 'NONE', #1477, 0.3750000000000003331 ) ;
#5070 = DIRECTION ( 'NONE',  ( -0.000000000000000000, 1.000000000000000000, -0.000000000000000000 ) ) ;
#5071 = FILL_AREA_STYLE_COLOUR ( '', #10528 ) ;
#5072 = DIRECTION ( 'NONE',  ( -1.000000000000000000, 0.000000000000000000, 0.000000000000000000 ) ) ;
#5073 = VERTEX_POINT ( 'NONE', #344 ) ;
#5074 = CARTESIAN_POINT ( 'NONE',  ( 5.715000000000000746, 0.3750000000000000000, 1.905000000000000471 ) ) ;
#5075 = ADVANCED_FACE ( 'NONE', ( #10510 ), #5484, .T. ) ;
#5076 = ORIENTED_EDGE ( 'NONE', *, *, #6947, .T. ) ;
#5077 = DIRECTION ( 'NONE',  ( -1.000000000000000000, 0.000000000000000000, 0.000000000000000000 ) ) ;
#5078 = CARTESIAN_POINT ( 'NONE',  ( -0.6350000000000001199, 0.3750000000000000000, 1.905000000000000471 ) ) ;
#5079 = VERTEX_POINT ( 'NONE', #6321 ) ;
#5080 = DIRECTION ( 'NONE',  ( 0.000000000000000000, -0.000000000000000000, -1.000000000000000000 ) ) ;
#5081 = FACE_OUTER_BOUND ( 'NONE', #9287, .T. ) ;
#5082 = ORIENTED_EDGE ( 'NONE', *, *, #2236, .F. ) ;
#5083 = AXIS2_PLACEMENT_3D ( 'NONE', #7417, #1494, #3892 ) ;
#5084 = VERTEX_POINT ( 'NONE', #8832 ) ;
#5085 = FACE_OUTER_BOUND ( 'NONE', #2040, .T. ) ;
#5086 = ORIENTED_EDGE ( 'NONE', *, *, #6390, .F. ) ;
#5087 = CARTESIAN_POINT ( 'NONE',  ( -4.257917130661303950, 0.6999999999999998446, 5.715000000000001634 ) ) ;
#5088 = UNCERTAINTY_MEASURE_WITH_UNIT (LENGTH_MEASURE( 1.000000000000000082E-05 ), #10844, 'distance_accuracy_value', 'NONE');
#5089 = ORIENTED_EDGE ( 'NONE', *, *, #4413, .F. ) ;
#5090 = DIRECTION ( 'NONE',  ( 1.000000000000000000, 0.000000000000000000, 0.000000000000000000 ) ) ;
#5091 = CARTESIAN_POINT ( 'NONE',  ( -1.905000000000000471, 0.3750000000000000000, -4.444999999999999396 ) ) ;
#5092 = PRESENTATION_LAYER_ASSIGNMENT (  '', '', ( #5613 ) ) ;
#5093 = CARTESIAN_POINT ( 'NONE',  ( -3.362082869338697932, 0.6999999999999998446, 6.985000000000001208 ) ) ;
#5094 = DIRECTION ( 'NONE',  ( 1.000000000000000000, 0.000000000000000000, 0.000000000000000000 ) ) ;
#5095 = SPHERICAL_SURFACE ( 'NONE', #10168, 0.3750000000000000000 ) ;
#5096 = AXIS2_PLACEMENT_3D ( 'NONE', #11046, #5915, #2398 ) ;
#5097 = DIRECTION ( 'NONE',  ( 1.224646799147353207E-16, 0.000000000000000000, -1.000000000000000000 ) ) ;
#5098 = STYLED_ITEM ( 'NONE', ( #2217 ), #6643 ) ;
#5099 = ORIENTED_EDGE ( 'NONE', *, *, #1484, .T. ) ;
#5100 = CARTESIAN_POINT ( 'NONE',  ( 3.174999999999999822, 0.6999999999999998446, -3.174999999999999822 ) ) ;
#5101 = VERTEX_POINT ( 'NONE', #4661 ) ;
#5102 = CARTESIAN_POINT ( 'NONE',  ( 3.174999999999999822, 0.6999999999999998446, -0.6349999999999992317 ) ) ;
#5103 = VERTEX_POINT ( 'NONE', #6210 ) ;
#5104 =( NAMED_UNIT ( * ) SI_UNIT ( $, .STERADIAN. ) SOLID_ANGLE_UNIT ( ) );
#5105 = DIRECTION ( 'NONE',  ( 1.000000000000000000, 0.000000000000000000, 0.000000000000000000 ) ) ;
#5106 = AXIS2_PLACEMENT_3D ( 'NONE', #4576, #3013, #3130 ) ;
#5107 = DIRECTION ( 'NONE',  ( -0.000000000000000000, 1.000000000000000000, -0.000000000000000000 ) ) ;
#5109 = EDGE_CURVE ( 'NONE', #5360, #7621, #1407, .T. ) ;
#5108 = CIRCLE ( 'NONE', #450, 0.3750000000000003331 ) ;
#5110 = FACE_OUTER_BOUND ( 'NONE', #8803, .T. ) ;
#5111 = DIRECTION ( 'NONE',  ( -1.000000000000000000, 0.000000000000000000, 0.000000000000000000 ) ) ;
#5112 = AXIS2_PLACEMENT_3D ( 'NONE', #5074, #8363, #5835 ) ;
#5113 = ORIENTED_EDGE ( 'NONE', *, *, #4082, .F. ) ;
#5114 = CARTESIAN_POINT ( 'NONE',  ( -3.175000000000000711, 0.6999999999999999556, -4.444999999999999396 ) ) ;
#5115 = DIRECTION ( 'NONE',  ( 1.000000000000000000, 0.000000000000000000, 0.000000000000000000 ) ) ;
#5116 = DIRECTION ( 'NONE',  ( 0.000000000000000000, 0.000000000000000000, -1.000000000000000000 ) ) ;
#5117 = DIRECTION ( 'NONE',  ( -1.000000000000000000, 0.000000000000000000, 0.000000000000000000 ) ) ;
#5118 = EDGE_CURVE ( 'NONE', #7891, #2431, #9928, .T. ) ;
#5119 = AXIS2_PLACEMENT_3D ( 'NONE', #331, #10388, #5310 ) ;
#5120 = EDGE_CURVE ( 'NONE', #6171, #3582, #500, .T. ) ;
#5121 = CIRCLE ( 'NONE', #1368, 0.3750000000000003331 ) ;
#5122 =( NAMED_UNIT ( * ) PLANE_ANGLE_UNIT ( ) SI_UNIT ( $, .RADIAN. ) );
#5123 = ORIENTED_EDGE ( 'NONE', *, *, #7399, .F. ) ;
#5124 = CARTESIAN_POINT ( 'NONE',  ( -3.175000000000000711, 0.3750000000000000000, 1.905000000000000471 ) ) ;
#5125 = CARTESIAN_POINT ( 'NONE',  ( -3.175000000000000711, 0.3750000000000000000, -3.174999999999999822 ) ) ;
#5126 = ORIENTED_EDGE ( 'NONE', *, *, #4265, .T. ) ;
#5127 = CIRCLE ( 'NONE', #4759, 0.3749999999999998890 ) ;
#5128 = EDGE_CURVE ( 'NONE', #3233, #1715, #6775, .T. ) ;
#5129 = ORIENTED_EDGE ( 'NONE', *, *, #1655, .F. ) ;
#5130 = SURFACE_STYLE_FILL_AREA ( #3363 ) ;
#5131 = ORIENTED_EDGE ( 'NONE', *, *, #3063, .T. ) ;
#5132 = CARTESIAN_POINT ( 'NONE',  ( -1.905000000000000471, 0.3750000000000000000, -3.174999999999999822 ) ) ;
#5133 = AXIS2_PLACEMENT_3D ( 'NONE', #7794, #1077, #6261 ) ;
#5134 = EDGE_LOOP ( 'NONE', ( #2186, #8121, #762 ) ) ;
#5135 = DIRECTION ( 'NONE',  ( 1.224646799147353207E-16, 0.000000000000000000, -1.000000000000000000 ) ) ;
#5136 = ORIENTED_EDGE ( 'NONE', *, *, #3828, .F. ) ;
#5137 = PRESENTATION_LAYER_ASSIGNMENT (  '', '', ( #3723 ) ) ;
#5138 = CARTESIAN_POINT ( 'NONE',  ( -5.715000000000000746, 0.3750000000000000000, -5.714999999999999858 ) ) ;
#5139 = DIRECTION ( 'NONE',  ( 1.224646799147353207E-16, 0.000000000000000000, -1.000000000000000000 ) ) ;
#5140 = FILL_AREA_STYLE ('',( #1788 ) ) ;
#5141 = DIRECTION ( 'NONE',  ( 0.000000000000000000, 1.000000000000000000, 0.000000000000000000 ) ) ;
#5142 = CARTESIAN_POINT ( 'NONE',  ( 2.987917130661302600, 0.6999999999999998446, -6.985000000000000320 ) ) ;
#5143 = AXIS2_PLACEMENT_3D ( 'NONE', #9435, #4238, #5891 ) ;
#5144 = CARTESIAN_POINT ( 'NONE',  ( 0.6349999999999992317, 0.6999999999999999556, 5.715000000000001634 ) ) ;
#5145 = CIRCLE ( 'NONE', #1925, 0.3750000000000003331 ) ;
#5146 = ORIENTED_EDGE ( 'NONE', *, *, #3618, .T. ) ;
#5147 = DIRECTION ( 'NONE',  ( 1.224646799147353207E-16, 0.000000000000000000, -1.000000000000000000 ) ) ;
#5148 = AXIS2_PLACEMENT_3D ( 'NONE', #7404, #1479, #451 ) ;
#5149 = EDGE_LOOP ( 'NONE', ( #4321, #6931, #4770 ) ) ;
#5150 = SPHERICAL_SURFACE ( 'NONE', #8927, 0.3750000000000000000 ) ;
#5151 = DIRECTION ( 'NONE',  ( 0.000000000000000000, 0.000000000000000000, -1.000000000000000000 ) ) ;
#5152 =( NAMED_UNIT ( * ) PLANE_ANGLE_UNIT ( ) SI_UNIT ( $, .RADIAN. ) );
#5153 = DIRECTION ( 'NONE',  ( -0.000000000000000000, 1.000000000000000000, -0.000000000000000000 ) ) ;
#5154 = FACE_OUTER_BOUND ( 'NONE', #7106, .T. ) ;
#5155 = AXIS2_PLACEMENT_3D ( 'NONE', #2770, #332, #7108 ) ;
#5156 = DIRECTION ( 'NONE',  ( 0.000000000000000000, 0.000000000000000000, -1.000000000000000000 ) ) ;
#5157 = CLOSED_SHELL ( 'NONE', ( #10428, #10669, #6131 ) ) ;
#5158 = VERTEX_POINT ( 'NONE', #7850 ) ;
#5159 = ADVANCED_FACE ( 'NONE', ( #177 ), #3224, .F. ) ;
#5160 = EDGE_LOOP ( 'NONE', ( #6811, #1215, #9338 ) ) ;
#5161 = FILL_AREA_STYLE_COLOUR ( '', #10594 ) ;
#5162 = DIRECTION ( 'NONE',  ( 0.000000000000000000, 0.000000000000000000, -1.000000000000000000 ) ) ;
#5163 = CARTESIAN_POINT ( 'NONE',  ( -4.445000000000001172, 0.6999999999999999556, -5.714999999999999858 ) ) ;
#5164 = EDGE_CURVE ( 'NONE', #838, #7047, #6942, .T. ) ;
#5165 = AXIS2_PLACEMENT_3D ( 'NONE', #6048, #5373, #8828 ) ;
#5166 = CARTESIAN_POINT ( 'NONE',  ( 1.904999999999999583, 0.3750000000000000000, 3.175000000000000711 ) ) ;
#5167 = AXIS2_PLACEMENT_3D ( 'NONE', #5485, #8735, #1095 ) ;
#5168 = CARTESIAN_POINT ( 'NONE',  ( -4.445000000000001172, 0.3750000000000000000, 1.905000000000000471 ) ) ;
#5169 = ORIENTED_EDGE ( 'NONE', *, *, #7588, .F. ) ;
#5170 = FACE_OUTER_BOUND ( 'NONE', #5509, .T. ) ;
#5171 = AXIS2_PLACEMENT_3D ( 'NONE', #4977, #4037, #7450 ) ;
#5172 = CARTESIAN_POINT ( 'NONE',  ( 5.902082869338697968, 0.6999999999999998446, -5.714999999999999858 ) ) ;
#5173 = ADVANCED_FACE ( 'NONE', ( #10618 ), #8165, .T. ) ;
#5174 = CIRCLE ( 'NONE', #10699, 0.3750000000000003331 ) ;
#5175 = CIRCLE ( 'NONE', #4822, 0.1870828693386972497 ) ;
#5176 = VERTEX_POINT ( 'NONE', #9931 ) ;
#5177 = AXIS2_PLACEMENT_3D ( 'NONE', #1935, #1052, #200 ) ;
#5178 = CIRCLE ( 'NONE', #9779, 0.1870828693386972497 ) ;
#5179 =( NAMED_UNIT ( * ) PLANE_ANGLE_UNIT ( ) SI_UNIT ( $, .RADIAN. ) );
#5180 =( GEOMETRIC_REPRESENTATION_CONTEXT ( 3 ) GLOBAL_UNCERTAINTY_ASSIGNED_CONTEXT ( ( #2399 ) ) GLOBAL_UNIT_ASSIGNED_CONTEXT ( ( #931, #8626, #9534 ) ) REPRESENTATION_CONTEXT ( 'NONE', 'WORKASPACE' ) );
#5181 = CIRCLE ( 'NONE', #359, 0.1870828693386972497 ) ;
#5182 = ORIENTED_EDGE ( 'NONE', *, *, #8939, .F. ) ;
#5183 = SURFACE_STYLE_USAGE ( .BOTH. , #10932 ) ;
#5184 = EDGE_LOOP ( 'NONE', ( #7870, #5787, #6504 ) ) ;
#5185 = ADVANCED_FACE ( 'NONE', ( #4763 ), #10735, .T. ) ;
#5186 = PLANE ( 'NONE',  #7513 ) ;
#5187 = VERTEX_POINT ( 'NONE', #7288 ) ;
#5188 = AXIS2_PLACEMENT_3D ( 'NONE', #5742, #4021, #6827 ) ;
#5189 =( GEOMETRIC_REPRESENTATION_CONTEXT ( 3 ) GLOBAL_UNCERTAINTY_ASSIGNED_CONTEXT ( ( #10309 ) ) GLOBAL_UNIT_ASSIGNED_CONTEXT ( ( #2498, #4176, #10970 ) ) REPRESENTATION_CONTEXT ( 'NONE', 'WORKASPACE' ) );
#5190 = UNCERTAINTY_MEASURE_WITH_UNIT (LENGTH_MEASURE( 1.000000000000000082E-05 ), #8093, 'distance_accuracy_value', 'NONE');
#5191 = ORIENTED_EDGE ( 'NONE', *, *, #10917, .F. ) ;
#5192 = CARTESIAN_POINT ( 'NONE',  ( -6.985000000000000320, 0.6999999999999999556, 6.985000000000001208 ) ) ;
#5193 = AXIS2_PLACEMENT_3D ( 'NONE', #7493, #9086, #8977 ) ;
#5194 = SURFACE_STYLE_FILL_AREA ( #9464 ) ;
#5195 = DIRECTION ( 'NONE',  ( 0.000000000000000000, 0.000000000000000000, 1.000000000000000000 ) ) ;
#5196 = DIRECTION ( 'NONE',  ( 1.000000000000000000, 0.000000000000000000, 0.000000000000000000 ) ) ;
#5197 = STYLED_ITEM ( 'NONE', ( #1553 ), #3122 ) ;
#5198 = CARTESIAN_POINT ( 'NONE',  ( 6.985000000000000320, 0.000000000000000000, 6.985000000000001208 ) ) ;
#5199 =( NAMED_UNIT ( * ) PLANE_ANGLE_UNIT ( ) SI_UNIT ( $, .RADIAN. ) );
#5200 = CIRCLE ( 'NONE', #1277, 0.3750000000000000000 ) ;
#5201 = DIRECTION ( 'NONE',  ( 0.000000000000000000, -0.000000000000000000, -1.000000000000000000 ) ) ;
#5202 = ADVANCED_FACE ( 'NONE', ( #2366 ), #9999, .F. ) ;
#5203 = ORIENTED_EDGE ( 'NONE', *, *, #218, .F. ) ;
#5204 =( GEOMETRIC_REPRESENTATION_CONTEXT ( 3 ) GLOBAL_UNCERTAINTY_ASSIGNED_CONTEXT ( ( #3094 ) ) GLOBAL_UNIT_ASSIGNED_CONTEXT ( ( #5991, #3232, #3455 ) ) REPRESENTATION_CONTEXT ( 'NONE', 'WORKASPACE' ) );
#5205 = DIRECTION ( 'NONE',  ( -1.000000000000000000, 0.000000000000000000, 0.000000000000000000 ) ) ;
#5206 = EDGE_CURVE ( 'NONE', #10434, #2395, #875, .T. ) ;
#5207 = UNCERTAINTY_MEASURE_WITH_UNIT (LENGTH_MEASURE( 1.000000000000000082E-05 ), #627, 'distance_accuracy_value', 'NONE');
#5208 = ORIENTED_EDGE ( 'NONE', *, *, #5974, .F. ) ;
#5209 = SPHERICAL_SURFACE ( 'NONE', #3069, 0.3750000000000000000 ) ;
#5210 = CARTESIAN_POINT ( 'NONE',  ( 6.985000000000000320, 0.3750000000000000000, 3.175000000000000711 ) ) ;
#5211 = EDGE_LOOP ( 'NONE', ( #3396, #10880 ) ) ;
#5212 = SPHERICAL_SURFACE ( 'NONE', #3024, 0.3750000000000000000 ) ;
#5213 = FILL_AREA_STYLE ('',( #10501 ) ) ;
#5214 = CARTESIAN_POINT ( 'NONE',  ( -7.500000000000005329, 5.120000000000000107, -7.499999999999998224 ) ) ;
#5215 =( GEOMETRIC_REPRESENTATION_CONTEXT ( 3 ) GLOBAL_UNCERTAINTY_ASSIGNED_CONTEXT ( ( #2973 ) ) GLOBAL_UNIT_ASSIGNED_CONTEXT ( ( #1249, #10565, #5538 ) ) REPRESENTATION_CONTEXT ( 'NONE', 'WORKASPACE' ) );
#5216 = DIRECTION ( 'NONE',  ( -0.000000000000000000, 1.000000000000000000, -0.000000000000000000 ) ) ;
#5217 = EDGE_LOOP ( 'NONE', ( #5015, #10222 ) ) ;
#5218 = DIRECTION ( 'NONE',  ( 1.000000000000000000, 0.000000000000000000, 0.000000000000000000 ) ) ;
#5219 = CARTESIAN_POINT ( 'NONE',  ( -5.715000000000000746, 0.3750000000000000000, -6.985000000000000320 ) ) ;
#5220 = PRESENTATION_STYLE_ASSIGNMENT (( #8525 ) ) ;
#5221 = DIRECTION ( 'NONE',  ( 0.000000000000000000, -0.000000000000000000, -1.000000000000000000 ) ) ;
#5222 = EDGE_CURVE ( 'NONE', #6052, #3738, #9740, .T. ) ;
#5223 = DIRECTION ( 'NONE',  ( -1.000000000000000000, 0.000000000000000000, 0.000000000000000000 ) ) ;
#5224 = VECTOR ( 'NONE', #5773, 1000.000000000000000 ) ;
#5225 = VERTEX_POINT ( 'NONE', #676 ) ;
#5226 = DIRECTION ( 'NONE',  ( 0.000000000000000000, -0.000000000000000000, -1.000000000000000000 ) ) ;
#5227 = AXIS2_PLACEMENT_3D ( 'NONE', #3468, #6115, #9496 ) ;
#5228 = PRESENTATION_LAYER_ASSIGNMENT (  '', '', ( #2742 ) ) ;
#5229 = CARTESIAN_POINT ( 'NONE',  ( -4.445000000000001172, 0.3750000000000000000, 6.985000000000001208 ) ) ;
#5230 = CARTESIAN_POINT ( 'NONE',  ( 0.6349999999999992317, 0.6999999999999999556, -0.6349999999999992317 ) ) ;
#5231 = CIRCLE ( 'NONE', #10573, 0.3750000000000003331 ) ;
#5232 = VERTEX_POINT ( 'NONE', #7230 ) ;
#5233 = ADVANCED_FACE ( 'NONE', ( #6379 ), #4881, .T. ) ;
#5234 = EDGE_CURVE ( 'NONE', #9993, #10434, #2844, .T. ) ;
#5235 = FILL_AREA_STYLE_COLOUR ( '', #6888 ) ;
#5236 = ORIENTED_EDGE ( 'NONE', *, *, #10992, .T. ) ;
#5237 = DIRECTION ( 'NONE',  ( 0.000000000000000000, 0.000000000000000000, -1.000000000000000000 ) ) ;
#5238 = VERTEX_POINT ( 'NONE', #9871 ) ;
#5239 = FILL_AREA_STYLE_COLOUR ( '', #3682 ) ;
#5240 = VERTEX_POINT ( 'NONE', #2254 ) ;
#5241 = SURFACE_STYLE_FILL_AREA ( #6990 ) ;
#5242 = SURFACE_STYLE_FILL_AREA ( #8600 ) ;
#5243 = EDGE_CURVE ( 'NONE', #1803, #3817, #9933, .T. ) ;
#5244 = DIRECTION ( 'NONE',  ( 0.000000000000000000, 0.000000000000000000, 1.000000000000000000 ) ) ;
#5245 = EDGE_CURVE ( 'NONE', #8497, #3254, #7299, .T. ) ;
#5246 = PRESENTATION_STYLE_ASSIGNMENT (( #3700 ) ) ;
#5247 = EDGE_CURVE ( 'NONE', #7592, #6855, #137, .T. ) ;
#5248 = CIRCLE ( 'NONE', #8636, 0.1870828693386972497 ) ;
#5249 = FACE_OUTER_BOUND ( 'NONE', #529, .T. ) ;
#5250 = ORIENTED_EDGE ( 'NONE', *, *, #8032, .T. ) ;
#5251 = DIRECTION ( 'NONE',  ( -0.000000000000000000, 1.000000000000000000, -0.000000000000000000 ) ) ;
#5252 = ORIENTED_EDGE ( 'NONE', *, *, #209, .F. ) ;
#5253 = CIRCLE ( 'NONE', #9152, 0.3749999999999998890 ) ;
#5254 = DIRECTION ( 'NONE',  ( 0.000000000000000000, 1.000000000000000000, 0.000000000000000000 ) ) ;
#5255 = DIRECTION ( 'NONE',  ( 1.224646799147353207E-16, 0.000000000000000000, -1.000000000000000000 ) ) ;
#5256 = EDGE_LOOP ( 'NONE', ( #886, #1233 ) ) ;
#5257 = DIRECTION ( 'NONE',  ( -0.000000000000000000, 1.000000000000000000, -0.000000000000000000 ) ) ;
#5258 = DIRECTION ( 'NONE',  ( -0.000000000000000000, 1.000000000000000000, -0.000000000000000000 ) ) ;
#5259 = FACE_OUTER_BOUND ( 'NONE', #2319, .T. ) ;
#5260 = COLOUR_RGB ( '',0.7921568627450980005, 0.8196078431372548767, 0.9333333333333333481 ) ;
#5261 = DIRECTION ( 'NONE',  ( 0.000000000000000000, 0.000000000000000000, -1.000000000000000000 ) ) ;
#5262 = EDGE_CURVE ( 'NONE', #7441, #8928, #6394, .T. ) ;
#5263 = PRESENTATION_LAYER_ASSIGNMENT (  '', '', ( #8486 ) ) ;
#5264 = PLANE ( 'NONE',  #4947 ) ;
#5265 = CARTESIAN_POINT ( 'NONE',  ( -5.715000000000000746, 0.6999999999999998446, -6.985000000000000320 ) ) ;
#5266 = SURFACE_STYLE_FILL_AREA ( #6051 ) ;
#5267 = ORIENTED_EDGE ( 'NONE', *, *, #9722, .T. ) ;
#5268 = SURFACE_STYLE_USAGE ( .BOTH. , #11016 ) ;
#5269 = FACE_OUTER_BOUND ( 'NONE', #7557, .T. ) ;
#5270 = CIRCLE ( 'NONE', #7603, 0.3749999999999998890 ) ;
#5271 = CARTESIAN_POINT ( 'NONE',  ( -3.175000000000000711, 0.000000000000000000, -5.714999999999999858 ) ) ;
#5272 = CARTESIAN_POINT ( 'NONE',  ( -0.6350000000000001199, 0.3750000000000000000, -4.444999999999999396 ) ) ;
#5273 = DIRECTION ( 'NONE',  ( 1.000000000000000000, 0.000000000000000000, 0.000000000000000000 ) ) ;
#5274 = AXIS2_PLACEMENT_3D ( 'NONE', #4357, #1147, #9541 ) ;
#5275 =( NAMED_UNIT ( * ) SI_UNIT ( $, .STERADIAN. ) SOLID_ANGLE_UNIT ( ) );
#5276 =( LENGTH_UNIT ( ) NAMED_UNIT ( * ) SI_UNIT ( .MILLI., .METRE. ) );
#5277 = ORIENTED_EDGE ( 'NONE', *, *, #8182, .T. ) ;
#5278 = CARTESIAN_POINT ( 'NONE',  ( 3.174999999999999822, 0.6999999999999999556, 0.6350000000000001199 ) ) ;
#5279 = AXIS2_PLACEMENT_3D ( 'NONE', #7810, #4456, #1764 ) ;
#5280 = CARTESIAN_POINT ( 'NONE',  ( -3.175000000000000711, 0.6999999999999999556, -1.904999999999999583 ) ) ;
#5281 = EDGE_LOOP ( 'NONE', ( #2679, #3230 ) ) ;
#5282 = STYLED_ITEM ( 'NONE', ( #3374 ), #10125 ) ;
#5283 = PRESENTATION_STYLE_ASSIGNMENT (( #4464 ) ) ;
#5284 = ORIENTED_EDGE ( 'NONE', *, *, #2239, .T. ) ;
#5285 =( NAMED_UNIT ( * ) PLANE_ANGLE_UNIT ( ) SI_UNIT ( $, .RADIAN. ) );
#5286 =( GEOMETRIC_REPRESENTATION_CONTEXT ( 3 ) GLOBAL_UNCERTAINTY_ASSIGNED_CONTEXT ( ( #10207 ) ) GLOBAL_UNIT_ASSIGNED_CONTEXT ( ( #8700, #7149, #208 ) ) REPRESENTATION_CONTEXT ( 'NONE', 'WORKASPACE' ) );
#5287 = DIRECTION ( 'NONE',  ( 1.000000000000000000, 0.000000000000000000, 0.000000000000000000 ) ) ;
#5288 = AXIS2_PLACEMENT_3D ( 'NONE', #7996, #556, #2125 ) ;
#5289 = ORIENTED_EDGE ( 'NONE', *, *, #7177, .F. ) ;
#5290 = DIRECTION ( 'NONE',  ( -0.000000000000000000, 1.000000000000000000, -0.000000000000000000 ) ) ;
#5291 = UNCERTAINTY_MEASURE_WITH_UNIT (LENGTH_MEASURE( 1.000000000000000082E-05 ), #9862, 'distance_accuracy_value', 'NONE');
#5292 = EDGE_LOOP ( 'NONE', ( #3946, #293, #1995 ) ) ;
#5293 = ADVANCED_FACE ( 'NONE', ( #10846 ), #1309, .T. ) ;
#5294 = CARTESIAN_POINT ( 'NONE',  ( -4.632082869338698394, 0.6999999999999998446, 3.175000000000000711 ) ) ;
#5295 = DIRECTION ( 'NONE',  ( 0.000000000000000000, -1.000000000000000000, 0.000000000000000000 ) ) ;
#5296 = DIRECTION ( 'NONE',  ( -0.000000000000000000, 1.000000000000000000, -0.000000000000000000 ) ) ;
#5297 = DIRECTION ( 'NONE',  ( 1.000000000000000000, 0.000000000000000000, 0.000000000000000000 ) ) ;
#5298 = FACE_OUTER_BOUND ( 'NONE', #8383, .T. ) ;
#5299 = PLANE ( 'NONE',  #9763 ) ;
#5300 = PRESENTATION_LAYER_ASSIGNMENT (  '', '', ( #3889 ) ) ;
#5301 = VERTEX_POINT ( 'NONE', #8943 ) ;
#5302 = DIRECTION ( 'NONE',  ( 1.000000000000000000, 0.000000000000000000, 0.000000000000000000 ) ) ;
#5303 = UNCERTAINTY_MEASURE_WITH_UNIT (LENGTH_MEASURE( 1.000000000000000082E-05 ), #2001, 'distance_accuracy_value', 'NONE');
#5304 = EDGE_LOOP ( 'NONE', ( #7802, #7556, #6873 ) ) ;
#5305 = EDGE_CURVE ( 'NONE', #5854, #11041, #3391, .T. ) ;
#5306 = DIRECTION ( 'NONE',  ( -0.000000000000000000, 1.000000000000000000, -0.000000000000000000 ) ) ;
#5307 = EDGE_CURVE ( 'NONE', #5028, #4568, #8367, .T. ) ;
#5308 = DIRECTION ( 'NONE',  ( 1.000000000000000000, 0.000000000000000000, 0.000000000000000000 ) ) ;
#5309 = ORIENTED_EDGE ( 'NONE', *, *, #9315, .F. ) ;
#5310 = DIRECTION ( 'NONE',  ( 0.000000000000000000, -0.000000000000000000, -1.000000000000000000 ) ) ;
#5311 = DIRECTION ( 'NONE',  ( 0.000000000000000000, 0.000000000000000000, 1.000000000000000000 ) ) ;
#5312 = CARTESIAN_POINT ( 'NONE',  ( -3.175000000000000711, 0.3750000000000000000, 4.445000000000001172 ) ) ;
#5313 = DIRECTION ( 'NONE',  ( 0.000000000000000000, 0.000000000000000000, 1.000000000000000000 ) ) ;
#5314 = COLOUR_RGB ( '',0.7921568627450980005, 0.8196078431372548767, 0.9333333333333333481 ) ;
#5315 = AXIS2_PLACEMENT_3D ( 'NONE', #2435, #7751, #9277 ) ;
#5316 = DIRECTION ( 'NONE',  ( 1.000000000000000000, 0.000000000000000000, 0.000000000000000000 ) ) ;
#5317 = ADVANCED_FACE ( 'NONE', ( #3332 ), #1805, .F. ) ;
#5318 = EDGE_CURVE ( 'NONE', #5101, #6175, #1760, .T. ) ;
#5319 = CIRCLE ( 'NONE', #2482, 0.3749999999999998890 ) ;
#5320 = EDGE_CURVE ( 'NONE', #8550, #103, #6212, .T. ) ;
#5321 = DIRECTION ( 'NONE',  ( 0.000000000000000000, -1.000000000000000000, 0.000000000000000000 ) ) ;
#5322 = FACE_OUTER_BOUND ( 'NONE', #6509, .T. ) ;
#5323 = EDGE_CURVE ( 'NONE', #5470, #7355, #4615, .T. ) ;
#5324 = CARTESIAN_POINT ( 'NONE',  ( 7.172082869338698430, 0.6999999999999998446, -6.985000000000000320 ) ) ;
#5325 = AXIS2_PLACEMENT_3D ( 'NONE', #6271, #1141, #4550 ) ;
#5326 = PLANE ( 'NONE',  #5167 ) ;
#5327 = CLOSED_SHELL ( 'NONE', ( #6889, #9767, #5185 ) ) ;
#5328 = PRESENTATION_STYLE_ASSIGNMENT (( #2782 ) ) ;
#5329 = ORIENTED_EDGE ( 'NONE', *, *, #9686, .F. ) ;
#5330 = CARTESIAN_POINT ( 'NONE',  ( 3.174999999999999822, 0.3750000000000000000, 0.6350000000000001199 ) ) ;
#5331 = EDGE_CURVE ( 'NONE', #1620, #4348, #2485, .T. ) ;
#5332 =( NAMED_UNIT ( * ) SI_UNIT ( $, .STERADIAN. ) SOLID_ANGLE_UNIT ( ) );
#5333 =( LENGTH_UNIT ( ) NAMED_UNIT ( * ) SI_UNIT ( .MILLI., .METRE. ) );
#5334 = CLOSED_SHELL ( 'NONE', ( #2081, #1140, #9860 ) ) ;
#5335 =( GEOMETRIC_REPRESENTATION_CONTEXT ( 3 ) GLOBAL_UNCERTAINTY_ASSIGNED_CONTEXT ( ( #5088 ) ) GLOBAL_UNIT_ASSIGNED_CONTEXT ( ( #10844, #6495, #4387 ) ) REPRESENTATION_CONTEXT ( 'NONE', 'WORKASPACE' ) );
#5336 = CLOSED_SHELL ( 'NONE', ( #3379, #5567, #1034 ) ) ;
#5337 = VERTEX_POINT ( 'NONE', #8464 ) ;
#5338 = CARTESIAN_POINT ( 'NONE',  ( 4.445000000000000284, 0.3750000000000000000, -6.985000000000000320 ) ) ;
#5339 = VERTEX_POINT ( 'NONE', #10 ) ;
#5340 = CIRCLE ( 'NONE', #8421, 0.3750000000000003331 ) ;
#5341 = AXIS2_PLACEMENT_3D ( 'NONE', #8679, #1036, #1197 ) ;
#5342 = DIRECTION ( 'NONE',  ( 1.000000000000000000, 0.000000000000000000, 0.000000000000000000 ) ) ;
#5343 = ORIENTED_EDGE ( 'NONE', *, *, #8180, .F. ) ;
#5344 = DIRECTION ( 'NONE',  ( 0.000000000000000000, 0.000000000000000000, 1.000000000000000000 ) ) ;
#5345 = ORIENTED_EDGE ( 'NONE', *, *, #8849, .F. ) ;
#5346 = FACE_OUTER_BOUND ( 'NONE', #1983, .T. ) ;
#5347 = CARTESIAN_POINT ( 'NONE',  ( 0.6349999999999992317, 0.3750000000000000000, 4.445000000000001172 ) ) ;
#5348 = AXIS2_PLACEMENT_3D ( 'NONE', #1739, #9989, #4215 ) ;
#5349 =( NAMED_UNIT ( * ) PLANE_ANGLE_UNIT ( ) SI_UNIT ( $, .RADIAN. ) );
#5350 = FILL_AREA_STYLE_COLOUR ( '', #3891 ) ;
#5351 = PRESENTATION_LAYER_ASSIGNMENT (  '', '', ( #10164 ) ) ;
#5352 = VECTOR ( 'NONE', #4342, 1000.000000000000000 ) ;
#5353 = DIRECTION ( 'NONE',  ( 0.000000000000000000, -0.000000000000000000, -1.000000000000000000 ) ) ;
#5354 = AXIS2_PLACEMENT_3D ( 'NONE', #9547, #3687, #5342 ) ;
#5355 = AXIS2_PLACEMENT_3D ( 'NONE', #3805, #8193, #5686 ) ;
#5356 = SPHERICAL_SURFACE ( 'NONE', #4477, 0.3750000000000000000 ) ;
#5357 = VERTEX_POINT ( 'NONE', #800 ) ;
#5358 = DIRECTION ( 'NONE',  ( 1.224646799147353207E-16, 0.000000000000000000, -1.000000000000000000 ) ) ;
#5359 = CIRCLE ( 'NONE', #178, 0.3750000000000003331 ) ;
#5360 = VERTEX_POINT ( 'NONE', #10899 ) ;
#5361 = DIRECTION ( 'NONE',  ( 0.000000000000000000, -1.000000000000000000, 0.000000000000000000 ) ) ;
#5362 = DIRECTION ( 'NONE',  ( 0.000000000000000000, 0.000000000000000000, 1.000000000000000000 ) ) ;
#5363 = CIRCLE ( 'NONE', #15, 0.1870828693386972497 ) ;
#5364 = VERTEX_POINT ( 'NONE', #3450 ) ;
#5365 = DIRECTION ( 'NONE',  ( 0.000000000000000000, 0.000000000000000000, -1.000000000000000000 ) ) ;
#5366 = MECHANICAL_DESIGN_GEOMETRIC_PRESENTATION_REPRESENTATION (  '', ( #5905 ), #5189 ) ;
#5367 = CARTESIAN_POINT ( 'NONE',  ( 5.527917130661303524, 0.6999999999999998446, 4.445000000000001172 ) ) ;
#5368 = AXIS2_PLACEMENT_3D ( 'NONE', #3915, #6595, #7391 ) ;
#5369 = ADVANCED_FACE ( 'NONE', ( #9372 ), #1749, .T. ) ;
#5370 = EDGE_CURVE ( 'NONE', #6175, #9545, #1411, .T. ) ;
#5371 = EDGE_CURVE ( 'NONE', #9895, #6648, #9061, .T. ) ;
#5372 = MECHANICAL_DESIGN_GEOMETRIC_PRESENTATION_REPRESENTATION (  '', ( #6264 ), #6642 ) ;
#5373 = DIRECTION ( 'NONE',  ( -0.000000000000000000, 1.000000000000000000, -0.000000000000000000 ) ) ;
#5374 = SURFACE_STYLE_USAGE ( .BOTH. , #10338 ) ;
#5375 = AXIS2_PLACEMENT_3D ( 'NONE', #1243, #6311, #4650 ) ;
#5376 =( LENGTH_UNIT ( ) NAMED_UNIT ( * ) SI_UNIT ( .MILLI., .METRE. ) );
#5377 = DIRECTION ( 'NONE',  ( 0.000000000000000000, -0.000000000000000000, -1.000000000000000000 ) ) ;
#5378 = SURFACE_STYLE_USAGE ( .BOTH. , #1976 ) ;
#5379 = PRESENTATION_LAYER_ASSIGNMENT (  '', '', ( #10362 ) ) ;
#5380 = DIRECTION ( 'NONE',  ( 1.000000000000000000, 0.000000000000000000, 0.000000000000000000 ) ) ;
#5381 = EDGE_CURVE ( 'NONE', #7711, #2845, #3735, .T. ) ;
#5382 = ADVANCED_FACE ( 'NONE', ( #2654 ), #9264, .T. ) ;
#5383 = DIRECTION ( 'NONE',  ( 0.000000000000000000, 0.000000000000000000, -1.000000000000000000 ) ) ;
#5384 = PRESENTATION_STYLE_ASSIGNMENT (( #1981 ) ) ;
#5385 = CIRCLE ( 'NONE', #7895, 0.3750000000000000000 ) ;
#5386 = ORIENTED_EDGE ( 'NONE', *, *, #181, .F. ) ;
#5387 = ORIENTED_EDGE ( 'NONE', *, *, #10698, .F. ) ;
#5388 = SPHERICAL_SURFACE ( 'NONE', #7426, 0.3750000000000000000 ) ;
#5389 = SPHERICAL_SURFACE ( 'NONE', #44, 0.3750000000000000000 ) ;
#5390 =( NAMED_UNIT ( * ) PLANE_ANGLE_UNIT ( ) SI_UNIT ( $, .RADIAN. ) );
#5391 = CIRCLE ( 'NONE', #5564, 0.3750000000000000000 ) ;
#5392 = CARTESIAN_POINT ( 'NONE',  ( -6.985000000000000320, 0.000000000000000000, -4.444999999999999396 ) ) ;
#5393 = FACE_OUTER_BOUND ( 'NONE', #2384, .T. ) ;
#5394 = ADVANCED_FACE ( 'NONE', ( #6043 ), #5212, .T. ) ;
#5395 = AXIS2_PLACEMENT_3D ( 'NONE', #826, #6003, #10404 ) ;
#5396 = PRESENTATION_LAYER_ASSIGNMENT (  '', '', ( #1842 ) ) ;
#5397 = ORIENTED_EDGE ( 'NONE', *, *, #8777, .T. ) ;
#5398 = DIRECTION ( 'NONE',  ( 1.000000000000000000, 0.000000000000000000, 0.000000000000000000 ) ) ;
#5399 = EDGE_LOOP ( 'NONE', ( #5858, #473 ) ) ;
#5400 = AXIS2_PLACEMENT_3D ( 'NONE', #3831, #10617, #2076 ) ;
#5401 = SPHERICAL_SURFACE ( 'NONE', #6440, 0.3750000000000000000 ) ;
#5402 = EDGE_LOOP ( 'NONE', ( #1643, #1778, #87 ) ) ;
#5403 = FILL_AREA_STYLE ('',( #1743 ) ) ;
#5404 = UNCERTAINTY_MEASURE_WITH_UNIT (LENGTH_MEASURE( 1.000000000000000082E-05 ), #2514, 'distance_accuracy_value', 'NONE');
#5405 = ORIENTED_EDGE ( 'NONE', *, *, #1244, .T. ) ;
#5406 = SPHERICAL_SURFACE ( 'NONE', #5703, 0.3750000000000000000 ) ;
#5407 = DIRECTION ( 'NONE',  ( 0.000000000000000000, 0.000000000000000000, 1.000000000000000000 ) ) ;
#5408 = MECHANICAL_DESIGN_GEOMETRIC_PRESENTATION_REPRESENTATION (  '', ( #8957 ), #2574 ) ;
#5409 = DIRECTION ( 'NONE',  ( 0.000000000000000000, 0.000000000000000000, 1.000000000000000000 ) ) ;
#5410 = DIRECTION ( 'NONE',  ( 0.000000000000000000, -0.000000000000000000, -1.000000000000000000 ) ) ;
#5411 =( NAMED_UNIT ( * ) PLANE_ANGLE_UNIT ( ) SI_UNIT ( $, .RADIAN. ) );
#5412 = ORIENTED_EDGE ( 'NONE', *, *, #5676, .T. ) ;
#5413 = DIRECTION ( 'NONE',  ( -1.000000000000000000, 0.000000000000000000, 0.000000000000000000 ) ) ;
#5414 = UNCERTAINTY_MEASURE_WITH_UNIT (LENGTH_MEASURE( 1.000000000000000082E-05 ), #8469, 'distance_accuracy_value', 'NONE');
#5415 = ORIENTED_EDGE ( 'NONE', *, *, #2024, .F. ) ;
#5416 = CARTESIAN_POINT ( 'NONE',  ( -6.000000000000005329, 5.120000000000000107, -5.999999999999998224 ) ) ;
#5417 = DIRECTION ( 'NONE',  ( -1.000000000000000000, 0.000000000000000000, 0.000000000000000000 ) ) ;
#5418 = EDGE_LOOP ( 'NONE', ( #10719, #4747, #10091 ) ) ;
#5419 = PLANE ( 'NONE',  #1768 ) ;
#5420 = CARTESIAN_POINT ( 'NONE',  ( -5.715000000000000746, 0.3750000000000000000, 1.905000000000000471 ) ) ;
#5421 = DIRECTION ( 'NONE',  ( 0.000000000000000000, 0.000000000000000000, 1.000000000000000000 ) ) ;
#5422 = DIRECTION ( 'NONE',  ( -0.000000000000000000, 1.000000000000000000, -0.000000000000000000 ) ) ;
#5423 = AXIS2_PLACEMENT_3D ( 'NONE', #2561, #5070, #4296 ) ;
#5424 = EDGE_CURVE ( 'NONE', #3032, #6878, #8881, .T. ) ;
#5425 = SURFACE_SIDE_STYLE ('',( #7902 ) ) ;
#5426 = CARTESIAN_POINT ( 'NONE',  ( 4.445000000000000284, 0.6999999999999998446, 1.905000000000000471 ) ) ;
#5427 = CIRCLE ( 'NONE', #3496, 0.3749999999999998890 ) ;
#5428 = SURFACE_SIDE_STYLE ('',( #8116 ) ) ;
#5429 = EDGE_CURVE ( 'NONE', #2431, #1534, #2107, .T. ) ;
#5430 = CARTESIAN_POINT ( 'NONE',  ( 3.174999999999999822, 0.000000000000000000, -5.714999999999999858 ) ) ;
#5431 = CARTESIAN_POINT ( 'NONE',  ( 4.257917130661303062, 0.6999999999999998446, 0.6350000000000001199 ) ) ;
#5432 =( NAMED_UNIT ( * ) SI_UNIT ( $, .STERADIAN. ) SOLID_ANGLE_UNIT ( ) );
#5433 = ORIENTED_EDGE ( 'NONE', *, *, #8800, .F. ) ;
#5434 = ORIENTED_EDGE ( 'NONE', *, *, #209, .T. ) ;
#5435 = FILL_AREA_STYLE_COLOUR ( '', #9685 ) ;
#5436 = CIRCLE ( 'NONE', #6707, 0.3749999999999998890 ) ;
#5437 = CARTESIAN_POINT ( 'NONE',  ( -5.715000000000000746, 0.6999999999999998446, -4.444999999999999396 ) ) ;
#5438 = AXIS2_PLACEMENT_3D ( 'NONE', #4119, #1663, #1438 ) ;
#5439 =( LENGTH_UNIT ( ) NAMED_UNIT ( * ) SI_UNIT ( .MILLI., .METRE. ) );
#5440 = ADVANCED_FACE ( 'NONE', ( #860 ), #6950, .T. ) ;
#5441 = CARTESIAN_POINT ( 'NONE',  ( -4.445000000000001172, 0.000000000000000000, -3.174999999999999822 ) ) ;
#5442 = CIRCLE ( 'NONE', #10443, 0.1870828693386972497 ) ;
#5443 = STYLED_ITEM ( 'NONE', ( #3851 ), #2449 ) ;
#5444 = DIRECTION ( 'NONE',  ( 0.000000000000000000, -0.000000000000000000, -1.000000000000000000 ) ) ;
#5445 = EDGE_LOOP ( 'NONE', ( #9938, #1729, #5488, #8645 ) ) ;
#5446 = PLANE ( 'NONE',  #9739 ) ;
#5447 = VERTEX_POINT ( 'NONE', #5984 ) ;
#5448 = CARTESIAN_POINT ( 'NONE',  ( 1.904999999999999583, 0.6999999999999999556, 4.445000000000001172 ) ) ;
#5449 = COLOUR_RGB ( '',0.7921568627450980005, 0.8196078431372548767, 0.9333333333333333481 ) ;
#5450 = ORIENTED_EDGE ( 'NONE', *, *, #10160, .T. ) ;
#5451 = SURFACE_STYLE_USAGE ( .BOTH. , #1160 ) ;
#5452 = ORIENTED_EDGE ( 'NONE', *, *, #10433, .T. ) ;
#5453 = AXIS2_PLACEMENT_3D ( 'NONE', #2549, #5941, #1651 ) ;
#5454 = DIRECTION ( 'NONE',  ( -0.000000000000000000, 1.000000000000000000, -0.000000000000000000 ) ) ;
#5455 = DIRECTION ( 'NONE',  ( 0.000000000000000000, 0.000000000000000000, 1.000000000000000000 ) ) ;
#5456 = FACE_OUTER_BOUND ( 'NONE', #1464, .T. ) ;
#5457 = DIRECTION ( 'NONE',  ( 0.000000000000000000, -0.000000000000000000, -1.000000000000000000 ) ) ;
#5458 = CIRCLE ( 'NONE', #3875, 0.3750000000000003331 ) ;
#5459 = SURFACE_STYLE_USAGE ( .BOTH. , #9783 ) ;
#5460 = FILL_AREA_STYLE ('',( #9483 ) ) ;
#5461 = CIRCLE ( 'NONE', #10813, 0.3749999999999998890 ) ;
#5462 = DIRECTION ( 'NONE',  ( -0.000000000000000000, 1.000000000000000000, -0.000000000000000000 ) ) ;
#5463 = SPHERICAL_SURFACE ( 'NONE', #9265, 0.3750000000000000000 ) ;
#5464 = ORIENTED_EDGE ( 'NONE', *, *, #7370, .T. ) ;
#5465 = SPHERICAL_SURFACE ( 'NONE', #6514, 0.3750000000000000000 ) ;
#5466 = EDGE_LOOP ( 'NONE', ( #4878, #3262 ) ) ;
#5467 = CIRCLE ( 'NONE', #647, 0.3750000000000003331 ) ;
#5468 = CARTESIAN_POINT ( 'NONE',  ( 6.985000000000000320, 0.3750000000000000000, 1.905000000000000471 ) ) ;
#5469 = CARTESIAN_POINT ( 'NONE',  ( 0.4479171306613019543, 0.6999999999999998446, 6.985000000000001208 ) ) ;
#5470 = VERTEX_POINT ( 'NONE', #9629 ) ;
#5471 = CARTESIAN_POINT ( 'NONE',  ( -3.175000000000000711, 0.3750000000000000000, -6.985000000000000320 ) ) ;
#5472 = CIRCLE ( 'NONE', #6368, 0.3750000000000003331 ) ;
#5473 = DIRECTION ( 'NONE',  ( 0.000000000000000000, 0.000000000000000000, 1.000000000000000000 ) ) ;
#5474 = CARTESIAN_POINT ( 'NONE',  ( -1.905000000000000471, 0.3750000000000000000, 6.985000000000001208 ) ) ;
#5475 = FACE_OUTER_BOUND ( 'NONE', #2917, .T. ) ;
#5476 =( NAMED_UNIT ( * ) SI_UNIT ( $, .STERADIAN. ) SOLID_ANGLE_UNIT ( ) );
#5477 = CIRCLE ( 'NONE', #3540, 0.3750000000000003331 ) ;
#5478 = SPHERICAL_SURFACE ( 'NONE', #4817, 0.3750000000000000000 ) ;
#5479 = FACE_OUTER_BOUND ( 'NONE', #6111, .T. ) ;
#5480 = CIRCLE ( 'NONE', #5133, 0.3749999999999998890 ) ;
#5481 = CARTESIAN_POINT ( 'NONE',  ( 6.985000000000000320, 0.6999999999999999556, 3.175000000000000711 ) ) ;
#5482 = PLANE ( 'NONE',  #772 ) ;
#5483 = STYLED_ITEM ( 'NONE', ( #4392 ), #10399 ) ;
#5484 = SPHERICAL_SURFACE ( 'NONE', #11020, 0.3750000000000000000 ) ;
#5485 = CARTESIAN_POINT ( 'NONE',  ( -4.445000000000001172, 0.6999999999999999556, -3.174999999999999822 ) ) ;
#5486 = AXIS2_PLACEMENT_3D ( 'NONE', #8552, #45, #899 ) ;
#5487 =( LENGTH_UNIT ( ) NAMED_UNIT ( * ) SI_UNIT ( .MILLI., .METRE. ) );
#5488 = ORIENTED_EDGE ( 'NONE', *, *, #4316, .T. ) ;
#5489 = VERTEX_POINT ( 'NONE', #273 ) ;
#5490 = EDGE_CURVE ( 'NONE', #5650, #1671, #8000, .T. ) ;
#5491 = COLOUR_RGB ( '',0.7921568627450980005, 0.8196078431372548767, 0.9333333333333333481 ) ;
#5492 = VERTEX_POINT ( 'NONE', #4494 ) ;
#5493 = DIRECTION ( 'NONE',  ( 0.000000000000000000, 0.000000000000000000, -1.000000000000000000 ) ) ;
#5494 = DIRECTION ( 'NONE',  ( -0.000000000000000000, 1.000000000000000000, -0.000000000000000000 ) ) ;
#5495 = SURFACE_SIDE_STYLE ('',( #1262 ) ) ;
#5496 = EDGE_CURVE ( 'NONE', #1202, #4644, #7480, .T. ) ;
#5497 = AXIS2_PLACEMENT_3D ( 'NONE', #3283, #7738, #10274 ) ;
#5498 = AXIS2_PLACEMENT_3D ( 'NONE', #8950, #6279, #3677 ) ;
#5499 = CARTESIAN_POINT ( 'NONE',  ( -6.985000000000000320, 0.3750000000000000000, -6.985000000000000320 ) ) ;
#5500 = SURFACE_STYLE_USAGE ( .BOTH. , #4564 ) ;
#5501 =( LENGTH_UNIT ( ) NAMED_UNIT ( * ) SI_UNIT ( .MILLI., .METRE. ) );
#5502 = ADVANCED_FACE ( 'NONE', ( #112 ), #3605, .F. ) ;
#5503 = ADVANCED_FACE ( 'NONE', ( #8719 ), #10500, .T. ) ;
#5504 = EDGE_LOOP ( 'NONE', ( #7187, #2604 ) ) ;
#5505 = CLOSED_SHELL ( 'NONE', ( #5382, #675, #815 ) ) ;
#5506 = CARTESIAN_POINT ( 'NONE',  ( -0.6350000000000001199, 0.3750000000000000000, -3.174999999999999822 ) ) ;
#5507 = PLANE ( 'NONE',  #46 ) ;
#5508 = PRESENTATION_LAYER_ASSIGNMENT (  '', '', ( #9413 ) ) ;
#5509 = EDGE_LOOP ( 'NONE', ( #3962, #10464, #6139, #8709 ) ) ;
#5510 = DIRECTION ( 'NONE',  ( 0.000000000000000000, 0.000000000000000000, 1.000000000000000000 ) ) ;
#5511 =( NAMED_UNIT ( * ) PLANE_ANGLE_UNIT ( ) SI_UNIT ( $, .RADIAN. ) );
#5512 = CIRCLE ( 'NONE', #3924, 0.1870828693386972497 ) ;
#5513 = DIRECTION ( 'NONE',  ( 0.000000000000000000, 0.000000000000000000, 1.000000000000000000 ) ) ;
#5514 =( NAMED_UNIT ( * ) PLANE_ANGLE_UNIT ( ) SI_UNIT ( $, .RADIAN. ) );
#5515 = EDGE_CURVE ( 'NONE', #6609, #103, #9221, .T. ) ;
#5516 = CIRCLE ( 'NONE', #701, 0.3750000000000003331 ) ;
#5517 = CARTESIAN_POINT ( 'NONE',  ( -5.715000000000000746, 0.000000000000000000, 6.985000000000001208 ) ) ;
#5518 = EDGE_CURVE ( 'NONE', #5850, #9028, #5862, .T. ) ;
#5519 = EDGE_LOOP ( 'NONE', ( #2372, #1159, #7388 ) ) ;
#5520 = DIRECTION ( 'NONE',  ( 1.000000000000000000, 0.000000000000000000, 0.000000000000000000 ) ) ;
#5521 = AXIS2_PLACEMENT_3D ( 'NONE', #4152, #7567, #1687 ) ;
#5522 = UNCERTAINTY_MEASURE_WITH_UNIT (LENGTH_MEASURE( 1.000000000000000082E-05 ), #841, 'distance_accuracy_value', 'NONE');
#5523 = EDGE_LOOP ( 'NONE', ( #7594, #4594, #10605 ) ) ;
#5524 = AXIS2_PLACEMENT_3D ( 'NONE', #1032, #6054, #11018 ) ;
#5525 = CARTESIAN_POINT ( 'NONE',  ( 5.715000000000000746, 0.3750000000000000000, -3.174999999999999822 ) ) ;
#5526 = EDGE_LOOP ( 'NONE', ( #7163, #1325 ) ) ;
#5527 = AXIS2_PLACEMENT_3D ( 'NONE', #10503, #114, #6099 ) ;
#5528 = DIRECTION ( 'NONE',  ( 0.000000000000000000, -0.000000000000000000, -1.000000000000000000 ) ) ;
#5529 = DIRECTION ( 'NONE',  ( 0.000000000000000000, 0.000000000000000000, 1.000000000000000000 ) ) ;
#5530 = FACE_OUTER_BOUND ( 'NONE', #9295, .T. ) ;
#5531 = CIRCLE ( 'NONE', #4651, 0.1870828693386972497 ) ;
#5532 =( GEOMETRIC_REPRESENTATION_CONTEXT ( 3 ) GLOBAL_UNCERTAINTY_ASSIGNED_CONTEXT ( ( #5303 ) ) GLOBAL_UNIT_ASSIGNED_CONTEXT ( ( #2001, #9617, #6129 ) ) REPRESENTATION_CONTEXT ( 'NONE', 'WORKASPACE' ) );
#5533 = EDGE_CURVE ( 'NONE', #3711, #10401, #326, .T. ) ;
#5534 = CIRCLE ( 'NONE', #1453, 0.1870828693386972497 ) ;
#5535 = CARTESIAN_POINT ( 'NONE',  ( -4.445000000000001172, 0.6999999999999999556, 1.905000000000000471 ) ) ;
#5536 = EDGE_CURVE ( 'NONE', #6518, #10191, #8009, .T. ) ;
#5537 = STYLED_ITEM ( 'NONE', ( #1770 ), #3192 ) ;
#5538 =( NAMED_UNIT ( * ) SI_UNIT ( $, .STERADIAN. ) SOLID_ANGLE_UNIT ( ) );
#5539 = CARTESIAN_POINT ( 'NONE',  ( 5.715000000000000746, 0.6999999999999998446, 3.175000000000000711 ) ) ;
#5540 = AXIS2_PLACEMENT_3D ( 'NONE', #4624, #8030, #3898 ) ;
#5541 = FILL_AREA_STYLE_COLOUR ( '', #1798 ) ;
#5542 = AXIS2_PLACEMENT_3D ( 'NONE', #9136, #8271, #8152 ) ;
#5543 = DIRECTION ( 'NONE',  ( 1.224646799147353207E-16, 0.000000000000000000, -1.000000000000000000 ) ) ;
#5544 = AXIS2_PLACEMENT_3D ( 'NONE', #1700, #3339, #10908 ) ;
#5545 = DIRECTION ( 'NONE',  ( 0.000000000000000000, 0.000000000000000000, 1.000000000000000000 ) ) ;
#5546 =( GEOMETRIC_REPRESENTATION_CONTEXT ( 3 ) GLOBAL_UNCERTAINTY_ASSIGNED_CONTEXT ( ( #3643 ) ) GLOBAL_UNIT_ASSIGNED_CONTEXT ( ( #6779, #5040, #3212 ) ) REPRESENTATION_CONTEXT ( 'NONE', 'WORKASPACE' ) );
#5547 = EDGE_LOOP ( 'NONE', ( #1554, #8997 ) ) ;
#5548 = VERTEX_POINT ( 'NONE', #7995 ) ;
#5549 = CARTESIAN_POINT ( 'NONE',  ( -3.362082869338697932, 0.6999999999999998446, -4.444999999999999396 ) ) ;
#5550 = SURFACE_SIDE_STYLE ('',( #8951 ) ) ;
#5551 = CARTESIAN_POINT ( 'NONE',  ( -5.715000000000000746, 0.3750000000000000000, 0.6350000000000001199 ) ) ;
#5552 = COLOUR_RGB ( '',0.7921568627450980005, 0.8196078431372548767, 0.9333333333333333481 ) ;
#5553 = DIRECTION ( 'NONE',  ( 0.000000000000000000, 0.000000000000000000, 1.000000000000000000 ) ) ;
#5554 = ADVANCED_FACE ( 'NONE', ( #2923 ), #9479, .T. ) ;
#5555 = DIRECTION ( 'NONE',  ( -1.000000000000000000, 0.000000000000000000, 0.000000000000000000 ) ) ;
#5556 = FILL_AREA_STYLE_COLOUR ( '', #5818 ) ;
#5557 = AXIS2_PLACEMENT_3D ( 'NONE', #436, #6539, #10556 ) ;
#5558 = SURFACE_STYLE_FILL_AREA ( #416 ) ;
#5559 = DIRECTION ( 'NONE',  ( 0.000000000000000000, 0.000000000000000000, 1.000000000000000000 ) ) ;
#5560 = ORIENTED_EDGE ( 'NONE', *, *, #1638, .F. ) ;
#5561 = CARTESIAN_POINT ( 'NONE',  ( -6.985000000000000320, 0.000000000000000000, -6.985000000000000320 ) ) ;
#5562 = VERTEX_POINT ( 'NONE', #1856 ) ;
#5563 =( NAMED_UNIT ( * ) SI_UNIT ( $, .STERADIAN. ) SOLID_ANGLE_UNIT ( ) );
#5564 = AXIS2_PLACEMENT_3D ( 'NONE', #3502, #7641, #5994 ) ;
#5565 = ORIENTED_EDGE ( 'NONE', *, *, #518, .F. ) ;
#5566 = DIRECTION ( 'NONE',  ( -0.000000000000000000, 1.000000000000000000, -0.000000000000000000 ) ) ;
#5567 = ADVANCED_FACE ( 'NONE', ( #7840 ), #5419, .F. ) ;
#5568 = DIRECTION ( 'NONE',  ( 1.224646799147353207E-16, 0.000000000000000000, -1.000000000000000000 ) ) ;
#5569 = AXIS2_PLACEMENT_3D ( 'NONE', #7650, #10242, #3408 ) ;
#5570 = PLANE ( 'NONE',  #1263 ) ;
#5571 = CARTESIAN_POINT ( 'NONE',  ( 0.6349999999999992317, 0.6999999999999998446, 1.905000000000000471 ) ) ;
#5572 = AXIS2_PLACEMENT_3D ( 'NONE', #7347, #7455, #3111 ) ;
#5573 = CARTESIAN_POINT ( 'NONE',  ( -2.987917130661303489, 0.6999999999999998446, 5.715000000000001634 ) ) ;
#5574 = DIRECTION ( 'NONE',  ( 1.000000000000000000, 0.000000000000000000, 0.000000000000000000 ) ) ;
#5575 = DIRECTION ( 'NONE',  ( 0.000000000000000000, 0.000000000000000000, 1.000000000000000000 ) ) ;
#5576 = ORIENTED_EDGE ( 'NONE', *, *, #3645, .F. ) ;
#5577 = DIRECTION ( 'NONE',  ( 1.000000000000000000, 0.000000000000000000, 0.000000000000000000 ) ) ;
#5578 = ORIENTED_EDGE ( 'NONE', *, *, #9600, .T. ) ;
#5579 = CARTESIAN_POINT ( 'NONE',  ( -6.000000000000005329, 5.120000000000000107, -6.599999999999997868 ) ) ;
#5580 = EDGE_CURVE ( 'NONE', #7465, #6996, #2301, .T. ) ;
#5581 = CARTESIAN_POINT ( 'NONE',  ( 6.985000000000000320, 0.6999999999999998446, -5.714999999999999858 ) ) ;
#5582 = EDGE_LOOP ( 'NONE', ( #4966, #6591, #5576 ) ) ;
#5583 = EDGE_CURVE ( 'NONE', #367, #7886, #9945, .T. ) ;
#5584 = CARTESIAN_POINT ( 'NONE',  ( 7.172082869338698430, 0.6999999999999998446, 3.175000000000000711 ) ) ;
#5585 = CARTESIAN_POINT ( 'NONE',  ( -6.000000000000005329, 5.070000000000000284, -6.599999999999997868 ) ) ;
#5586 = EDGE_CURVE ( 'NONE', #9303, #5028, #7118, .T. ) ;
#5587 = SPHERICAL_SURFACE ( 'NONE', #4115, 0.3750000000000000000 ) ;
#5588 = AXIS2_PLACEMENT_3D ( 'NONE', #4590, #3653, #104 ) ;
#5589 = FILL_AREA_STYLE ('',( #3873 ) ) ;
#5590 = FACE_OUTER_BOUND ( 'NONE', #8398, .T. ) ;
#5591 = FILL_AREA_STYLE ('',( #3830 ) ) ;
#5592 = FILL_AREA_STYLE_COLOUR ( '', #4015 ) ;
#5593 = DIRECTION ( 'NONE',  ( 0.000000000000000000, 0.000000000000000000, 1.000000000000000000 ) ) ;
#5594 = CARTESIAN_POINT ( 'NONE',  ( 0.6349999999999992317, 0.3750000000000000000, 5.715000000000001634 ) ) ;
#5595 = EDGE_CURVE ( 'NONE', #6709, #6303, #5480, .T. ) ;
#5596 = DIRECTION ( 'NONE',  ( 1.000000000000000000, 0.000000000000000000, 0.000000000000000000 ) ) ;
#5597 = AXIS2_PLACEMENT_3D ( 'NONE', #4058, #7471, #8295 ) ;
#5598 = CARTESIAN_POINT ( 'NONE',  ( -6.985000000000000320, 0.6999999999999999556, -4.444999999999999396 ) ) ;
#5599 = CARTESIAN_POINT ( 'NONE',  ( -5.715000000000000746, 0.6999999999999999556, -5.714999999999999858 ) ) ;
#5600 = ORIENTED_EDGE ( 'NONE', *, *, #8583, .T. ) ;
#5601 = ORIENTED_EDGE ( 'NONE', *, *, #9529, .T. ) ;
#5602 = STYLED_ITEM ( 'NONE', ( #8573 ), #2717 ) ;
#5603 = DIRECTION ( 'NONE',  ( 0.000000000000000000, 0.000000000000000000, -1.000000000000000000 ) ) ;
#5604 = ORIENTED_EDGE ( 'NONE', *, *, #10176, .T. ) ;
#5605 =( LENGTH_UNIT ( ) NAMED_UNIT ( * ) SI_UNIT ( .MILLI., .METRE. ) );
#5606 = PLANE ( 'NONE',  #8072 ) ;
#5607 = DIRECTION ( 'NONE',  ( 1.000000000000000000, 0.000000000000000000, 0.000000000000000000 ) ) ;
#5608 = MECHANICAL_DESIGN_GEOMETRIC_PRESENTATION_REPRESENTATION (  '', ( #5790 ), #10420 ) ;
#5609 = DIRECTION ( 'NONE',  ( -1.000000000000000000, 0.000000000000000000, 0.000000000000000000 ) ) ;
#5610 = CIRCLE ( 'NONE', #9872, 0.1870828693386972497 ) ;
#5611 = ORIENTED_EDGE ( 'NONE', *, *, #7224, .F. ) ;
#5612 = CARTESIAN_POINT ( 'NONE',  ( -6.000000000000005329, 5.120000000000000107, -6.599999999999997868 ) ) ;
#5613 = STYLED_ITEM ( 'NONE', ( #8261 ), #6540 ) ;
#5614 = ORIENTED_EDGE ( 'NONE', *, *, #3961, .F. ) ;
#5615 = CARTESIAN_POINT ( 'NONE',  ( -3.175000000000000711, 0.3750000000000000000, -5.714999999999999858 ) ) ;
#5616 = ORIENTED_EDGE ( 'NONE', *, *, #5496, .T. ) ;
#5617 = ORIENTED_EDGE ( 'NONE', *, *, #6251, .T. ) ;
#5618 = DIRECTION ( 'NONE',  ( 0.000000000000000000, 0.000000000000000000, -1.000000000000000000 ) ) ;
#5619 = CARTESIAN_POINT ( 'NONE',  ( -1.905000000000000471, 0.3750000000000000000, -1.904999999999999583 ) ) ;
#5620 = UNCERTAINTY_MEASURE_WITH_UNIT (LENGTH_MEASURE( 1.000000000000000082E-05 ), #8545, 'distance_accuracy_value', 'NONE');
#5621 = ORIENTED_EDGE ( 'NONE', *, *, #8058, .T. ) ;
#5622 = DIRECTION ( 'NONE',  ( 0.000000000000000000, 0.000000000000000000, -1.000000000000000000 ) ) ;
#5623 = AXIS2_PLACEMENT_3D ( 'NONE', #9457, #144, #3583 ) ;
#5624 = STYLED_ITEM ( 'NONE', ( #523 ), #6661 ) ;
#5625 = FILL_AREA_STYLE ('',( #8094 ) ) ;
#5626 = CARTESIAN_POINT ( 'NONE',  ( -6.985000000000000320, 0.3750000000000000000, 3.175000000000000711 ) ) ;
#5627 = SURFACE_STYLE_FILL_AREA ( #1283 ) ;
#5628 = FILL_AREA_STYLE_COLOUR ( '', #10112 ) ;
#5629 = AXIS2_PLACEMENT_3D ( 'NONE', #10520, #461, #2892 ) ;
#5631 = EDGE_CURVE ( 'NONE', #9911, #1715, #859, .T. ) ;
#5630 =( GEOMETRIC_REPRESENTATION_CONTEXT ( 3 ) GLOBAL_UNCERTAINTY_ASSIGNED_CONTEXT ( ( #8756 ) ) GLOBAL_UNIT_ASSIGNED_CONTEXT ( ( #636, #5008, #7475 ) ) REPRESENTATION_CONTEXT ( 'NONE', 'WORKASPACE' ) );
#5632 = ORIENTED_EDGE ( 'NONE', *, *, #9469, .T. ) ;
#5633 = DIRECTION ( 'NONE',  ( 0.000000000000000000, 0.000000000000000000, 1.000000000000000000 ) ) ;
#5634 = UNCERTAINTY_MEASURE_WITH_UNIT (LENGTH_MEASURE( 1.000000000000000082E-05 ), #64, 'distance_accuracy_value', 'NONE');
#5635 = VERTEX_POINT ( 'NONE', #5584 ) ;
#5636 = FACE_OUTER_BOUND ( 'NONE', #4849, .T. ) ;
#5637 = PLANE ( 'NONE',  #7730 ) ;
#5638 = VERTEX_POINT ( 'NONE', #4028 ) ;
#5639 =( NAMED_UNIT ( * ) SI_UNIT ( $, .STERADIAN. ) SOLID_ANGLE_UNIT ( ) );
#5640 = COLOUR_RGB ( '',0.7921568627450980005, 0.8196078431372548767, 0.9333333333333333481 ) ;
#5641 = DIRECTION ( 'NONE',  ( 0.000000000000000000, -1.000000000000000000, 0.000000000000000000 ) ) ;
#5642 = DIRECTION ( 'NONE',  ( 1.000000000000000000, 0.000000000000000000, 0.000000000000000000 ) ) ;
#5643 = DIRECTION ( 'NONE',  ( 0.000000000000000000, 0.000000000000000000, 1.000000000000000000 ) ) ;
#5644 = STYLED_ITEM ( 'NONE', ( #6734 ), #6852 ) ;
#5645 = CARTESIAN_POINT ( 'NONE',  ( -7.172082869338698430, 0.6999999999999998446, -5.714999999999999858 ) ) ;
#5646 = DIRECTION ( 'NONE',  ( 1.224646799147353207E-16, 0.000000000000000000, -1.000000000000000000 ) ) ;
#5647 = EDGE_CURVE ( 'NONE', #748, #5962, #4069, .T. ) ;
#5648 = COLOUR_RGB ( '',0.7921568627450980005, 0.8196078431372548767, 0.9333333333333333481 ) ;
#5649 = FILL_AREA_STYLE ('',( #1862 ) ) ;
#5650 = VERTEX_POINT ( 'NONE', #1298 ) ;
#5651 = AXIS2_PLACEMENT_3D ( 'NONE', #6951, #9423, #8566 ) ;
#5652 =( NAMED_UNIT ( * ) PLANE_ANGLE_UNIT ( ) SI_UNIT ( $, .RADIAN. ) );
#5653 = DIRECTION ( 'NONE',  ( 1.000000000000000000, 0.000000000000000000, 0.000000000000000000 ) ) ;
#5654 =( NAMED_UNIT ( * ) PLANE_ANGLE_UNIT ( ) SI_UNIT ( $, .RADIAN. ) );
#5655 = DIRECTION ( 'NONE',  ( 0.000000000000000000, 0.000000000000000000, -1.000000000000000000 ) ) ;
#5656 = STYLED_ITEM ( 'NONE', ( #746 ), #10346 ) ;
#5657 = FILL_AREA_STYLE ('',( #6559 ) ) ;
#5658 = SURFACE_STYLE_USAGE ( .BOTH. , #7408 ) ;
#5659 = EDGE_CURVE ( 'NONE', #1463, #6219, #7282, .T. ) ;
#5660 = EDGE_LOOP ( 'NONE', ( #8481, #10478, #2903 ) ) ;
#5661 = AXIS2_PLACEMENT_3D ( 'NONE', #10995, #10154, #5972 ) ;
#5662 = VERTEX_POINT ( 'NONE', #7338 ) ;
#5663 = SURFACE_STYLE_FILL_AREA ( #8892 ) ;
#5664 = FACE_OUTER_BOUND ( 'NONE', #5026, .T. ) ;
#5665 = FILL_AREA_STYLE_COLOUR ( '', #1975 ) ;
#5666 = EDGE_CURVE ( 'NONE', #5240, #10875, #1395, .T. ) ;
#5667 = ORIENTED_EDGE ( 'NONE', *, *, #3088, .F. ) ;
#5668 =( NAMED_UNIT ( * ) PLANE_ANGLE_UNIT ( ) SI_UNIT ( $, .RADIAN. ) );
#5669 = CARTESIAN_POINT ( 'NONE',  ( -3.175000000000000711, 0.6999999999999999556, -3.174999999999999822 ) ) ;
#5670 = PRESENTATION_STYLE_ASSIGNMENT (( #9946 ) ) ;
#5671 = CIRCLE ( 'NONE', #7290, 0.3749999999999998890 ) ;
#5672 = CARTESIAN_POINT ( 'NONE',  ( 3.174999999999999822, 0.6999999999999998446, -6.985000000000000320 ) ) ;
#5673 = CLOSED_SHELL ( 'NONE', ( #6373, #10648, #5173 ) ) ;
#5674 = SURFACE_STYLE_FILL_AREA ( #10919 ) ;
#5675 = DIRECTION ( 'NONE',  ( 1.000000000000000000, 0.000000000000000000, 0.000000000000000000 ) ) ;
#5676 = EDGE_CURVE ( 'NONE', #2458, #3814, #1921, .T. ) ;
#5677 = EDGE_LOOP ( 'NONE', ( #1881, #4640 ) ) ;
#5678 = AXIS2_PLACEMENT_3D ( 'NONE', #7350, #6496, #617 ) ;
#5679 = ADVANCED_FACE ( 'NONE', ( #6369 ), #5699, .T. ) ;
#5680 = EDGE_LOOP ( 'NONE', ( #970, #9794 ) ) ;
#5681 = ORIENTED_EDGE ( 'NONE', *, *, #5002, .F. ) ;
#5682 = FACE_OUTER_BOUND ( 'NONE', #10130, .T. ) ;
#5683 = FACE_OUTER_BOUND ( 'NONE', #2335, .T. ) ;
#5684 = CLOSED_SHELL ( 'NONE', ( #1824, #3579, #4908 ) ) ;
#5685 = VERTEX_POINT ( 'NONE', #439 ) ;
#5686 = DIRECTION ( 'NONE',  ( 1.000000000000000000, 0.000000000000000000, 0.000000000000000000 ) ) ;
#5687 = AXIS2_PLACEMENT_3D ( 'NONE', #10389, #8823, #9526 ) ;
#5688 = CARTESIAN_POINT ( 'NONE',  ( -3.175000000000000711, 0.6999999999999998446, -1.904999999999999583 ) ) ;
#5689 = ORIENTED_EDGE ( 'NONE', *, *, #10545, .F. ) ;
#5690 = COLOUR_RGB ( '',0.7921568627450980005, 0.8196078431372548767, 0.9333333333333333481 ) ;
#5691 = CARTESIAN_POINT ( 'NONE',  ( -6.985000000000000320, 0.6999999999999999556, 1.905000000000000471 ) ) ;
#5692 = ORIENTED_EDGE ( 'NONE', *, *, #10650, .F. ) ;
#5693 = EDGE_LOOP ( 'NONE', ( #7212, #8534, #7375 ) ) ;
#5694 = VERTEX_POINT ( 'NONE', #1348 ) ;
#5695 = DIRECTION ( 'NONE',  ( 1.000000000000000000, 0.000000000000000000, 0.000000000000000000 ) ) ;
#5696 = CARTESIAN_POINT ( 'NONE',  ( 0.6349999999999992317, 0.3750000000000000000, 0.6350000000000001199 ) ) ;
#5697 = EDGE_LOOP ( 'NONE', ( #6103, #1111, #1831 ) ) ;
#5698 = CLOSED_SHELL ( 'NONE', ( #3021, #9579, #4685 ) ) ;
#5699 = SPHERICAL_SURFACE ( 'NONE', #6756, 0.3750000000000000000 ) ;
#5700 = DIRECTION ( 'NONE',  ( 0.000000000000000000, 0.000000000000000000, -1.000000000000000000 ) ) ;
#5701 = DIRECTION ( 'NONE',  ( 0.000000000000000000, 0.000000000000000000, -1.000000000000000000 ) ) ;
#5702 = CARTESIAN_POINT ( 'NONE',  ( -5.715000000000000746, 0.3750000000000000000, -4.444999999999999396 ) ) ;
#5703 = AXIS2_PLACEMENT_3D ( 'NONE', #4475, #8807, #7878 ) ;
#5704 = VECTOR ( 'NONE', #6322, 1000.000000000000000 ) ;
#5705 = SURFACE_STYLE_FILL_AREA ( #9929 ) ;
#5706 = CARTESIAN_POINT ( 'NONE',  ( -3.175000000000000711, 0.6999999999999998446, 0.6350000000000001199 ) ) ;
#5707 = FILL_AREA_STYLE_COLOUR ( '', #2499 ) ;
#5708 = DIRECTION ( 'NONE',  ( -1.000000000000000000, 0.000000000000000000, 0.000000000000000000 ) ) ;
#5709 = CIRCLE ( 'NONE', #9973, 0.1870828693386972497 ) ;
#5710 = AXIS2_PLACEMENT_3D ( 'NONE', #9019, #5568, #7319 ) ;
#5711 = CARTESIAN_POINT ( 'NONE',  ( -5.715000000000000746, 0.6999999999999999556, 5.715000000000001634 ) ) ;
#5712 = ADVANCED_FACE ( 'NONE', ( #1408 ), #1240, .F. ) ;
#5713 = ADVANCED_FACE ( 'NONE', ( #8273 ), #8215, .T. ) ;
#5714 = AXIS2_PLACEMENT_3D ( 'NONE', #2558, #7849, #5115 ) ;
#5715 = AXIS2_PLACEMENT_3D ( 'NONE', #8157, #3923, #849 ) ;
#5716 =( LENGTH_UNIT ( ) NAMED_UNIT ( * ) SI_UNIT ( .MILLI., .METRE. ) );
#5717 = ORIENTED_EDGE ( 'NONE', *, *, #10564, .F. ) ;
#5718 = ORIENTED_EDGE ( 'NONE', *, *, #868, .T. ) ;
#5719 = AXIS2_PLACEMENT_3D ( 'NONE', #4961, #6590, #5852 ) ;
#5720 = FILL_AREA_STYLE_COLOUR ( '', #3593 ) ;
#5721 = MECHANICAL_DESIGN_GEOMETRIC_PRESENTATION_REPRESENTATION (  '', ( #5021 ), #10889 ) ;
#5722 = ORIENTED_EDGE ( 'NONE', *, *, #6324, .F. ) ;
#5723 = FACE_OUTER_BOUND ( 'NONE', #5964, .T. ) ;
#5724 = AXIS2_PLACEMENT_3D ( 'NONE', #8861, #8095, #9842 ) ;
#5725 = FACE_OUTER_BOUND ( 'NONE', #2994, .T. ) ;
#5726 = ADVANCED_FACE ( 'NONE', ( #7274 ), #9921, .T. ) ;
#5727 = COLOUR_RGB ( '',0.7921568627450980005, 0.8196078431372548767, 0.9333333333333333481 ) ;
#5728 = DIRECTION ( 'NONE',  ( 1.224646799147353207E-16, 0.000000000000000000, -1.000000000000000000 ) ) ;
#5729 = ADVANCED_FACE ( 'NONE', ( #3099 ), #6600, .T. ) ;
#5730 = DIRECTION ( 'NONE',  ( -0.000000000000000000, 1.000000000000000000, -0.000000000000000000 ) ) ;
#5731 = CARTESIAN_POINT ( 'NONE',  ( -4.445000000000001172, 0.3750000000000000000, -1.904999999999999583 ) ) ;
#5732 = DIRECTION ( 'NONE',  ( 0.000000000000000000, 0.000000000000000000, -1.000000000000000000 ) ) ;
#5733 = DIRECTION ( 'NONE',  ( 0.000000000000000000, -0.000000000000000000, -1.000000000000000000 ) ) ;
#5734 = EDGE_LOOP ( 'NONE', ( #10946, #3147, #2183 ) ) ;
#5735 = CARTESIAN_POINT ( 'NONE',  ( -7.172082869338698430, 0.6999999999999998446, -6.985000000000000320 ) ) ;
#5736 = FILL_AREA_STYLE_COLOUR ( '', #182 ) ;
#5737 = ORIENTED_EDGE ( 'NONE', *, *, #5917, .T. ) ;
#5738 = ADVANCED_FACE ( 'NONE', ( #2353 ), #7219, .T. ) ;
#5739 = AXIS2_PLACEMENT_3D ( 'NONE', #4682, #7874, #7254 ) ;
#5740 = EDGE_LOOP ( 'NONE', ( #5614, #2868, #10881, #6946 ) ) ;
#5741 = AXIS2_PLACEMENT_3D ( 'NONE', #5034, #6832, #3269 ) ;
#5742 = CARTESIAN_POINT ( 'NONE',  ( 0.6349999999999992317, 0.3750000000000000000, 3.175000000000000711 ) ) ;
#5743 = VERTEX_POINT ( 'NONE', #10665 ) ;
#5744 = CARTESIAN_POINT ( 'NONE',  ( -1.717917130661303249, 0.6999999999999998446, -0.6349999999999992317 ) ) ;
#5745 = UNCERTAINTY_MEASURE_WITH_UNIT (LENGTH_MEASURE( 1.000000000000000082E-05 ), #1006, 'distance_accuracy_value', 'NONE');
#5746 = ORIENTED_EDGE ( 'NONE', *, *, #131, .T. ) ;
#5747 = ORIENTED_EDGE ( 'NONE', *, *, #10160, .F. ) ;
#5748 = SPHERICAL_SURFACE ( 'NONE', #5542, 0.3750000000000000000 ) ;
#5749 = FACE_OUTER_BOUND ( 'NONE', #7453, .T. ) ;
#5750 = DIRECTION ( 'NONE',  ( 0.000000000000000000, 0.000000000000000000, 1.000000000000000000 ) ) ;
#5751 = DIRECTION ( 'NONE',  ( 0.000000000000000000, 0.000000000000000000, 1.000000000000000000 ) ) ;
#5752 = DIRECTION ( 'NONE',  ( 0.000000000000000000, -0.000000000000000000, -1.000000000000000000 ) ) ;
#5753 = CIRCLE ( 'NONE', #6653, 0.3749999999999998890 ) ;
#5754 = CARTESIAN_POINT ( 'NONE',  ( 0.6349999999999992317, 0.6999999999999998446, 0.6350000000000001199 ) ) ;
#5755 = AXIS2_PLACEMENT_3D ( 'NONE', #5125, #990, #8537 ) ;
#5756 = AXIS2_PLACEMENT_3D ( 'NONE', #5078, #4902, #770 ) ;
#5757 = SPHERICAL_SURFACE ( 'NONE', #3236, 0.3750000000000000000 ) ;
#5758 = CIRCLE ( 'NONE', #1836, 0.3749999999999998890 ) ;
#5759 = VERTEX_POINT ( 'NONE', #4750 ) ;
#5760 = DIRECTION ( 'NONE',  ( 0.000000000000000000, -0.000000000000000000, -1.000000000000000000 ) ) ;
#5761 = DIRECTION ( 'NONE',  ( -0.000000000000000000, 1.000000000000000000, -0.000000000000000000 ) ) ;
#5762 = SURFACE_STYLE_USAGE ( .BOTH. , #4762 ) ;
#5763 = DIRECTION ( 'NONE',  ( 1.224646799147353207E-16, 0.000000000000000000, -1.000000000000000000 ) ) ;
#5764 = DIRECTION ( 'NONE',  ( 1.224646799147353207E-16, 0.000000000000000000, -1.000000000000000000 ) ) ;
#5765 = SURFACE_STYLE_FILL_AREA ( #805 ) ;
#5766 =( NAMED_UNIT ( * ) PLANE_ANGLE_UNIT ( ) SI_UNIT ( $, .RADIAN. ) );
#5767 = ADVANCED_FACE ( 'NONE', ( #4804 ), #2979, .F. ) ;
#5768 = EDGE_LOOP ( 'NONE', ( #5129, #6703, #4959 ) ) ;
#5769 = EDGE_LOOP ( 'NONE', ( #8176, #8947 ) ) ;
#5770 = ADVANCED_FACE ( 'NONE', ( #3039 ), #9799, .T. ) ;
#5771 = ORIENTED_EDGE ( 'NONE', *, *, #6121, .F. ) ;
#5772 =( LENGTH_UNIT ( ) NAMED_UNIT ( * ) SI_UNIT ( .MILLI., .METRE. ) );
#5773 = DIRECTION ( 'NONE',  ( 0.000000000000000000, 1.000000000000000000, 0.000000000000000000 ) ) ;
#5774 = DIRECTION ( 'NONE',  ( 1.000000000000000000, 0.000000000000000000, 0.000000000000000000 ) ) ;
#5775 = CARTESIAN_POINT ( 'NONE',  ( 5.715000000000000746, 0.000000000000000000, 1.905000000000000471 ) ) ;
#5776 = SURFACE_STYLE_USAGE ( .BOTH. , #1544 ) ;
#5777 = DIRECTION ( 'NONE',  ( 0.000000000000000000, 0.000000000000000000, 1.000000000000000000 ) ) ;
#5778 = DIRECTION ( 'NONE',  ( -1.000000000000000000, 0.000000000000000000, 0.000000000000000000 ) ) ;
#5779 = AXIS2_PLACEMENT_3D ( 'NONE', #3615, #9488, #870 ) ;
#5780 = VERTEX_POINT ( 'NONE', #5093 ) ;
#5781 = DIRECTION ( 'NONE',  ( 0.000000000000000000, 0.000000000000000000, 1.000000000000000000 ) ) ;
#5782 = VERTEX_POINT ( 'NONE', #8503 ) ;
#5783 = CARTESIAN_POINT ( 'NONE',  ( -6.985000000000000320, 0.000000000000000000, -3.174999999999999822 ) ) ;
#5785 = EDGE_CURVE ( 'NONE', #1998, #5685, #6929, .T. ) ;
#5784 = AXIS2_PLACEMENT_3D ( 'NONE', #1990, #8022, #3844 ) ;
#5786 = EDGE_CURVE ( 'NONE', #7965, #4184, #2090, .T. ) ;
#5787 = ORIENTED_EDGE ( 'NONE', *, *, #3893, .T. ) ;
#5788 =( LENGTH_UNIT ( ) NAMED_UNIT ( * ) SI_UNIT ( .MILLI., .METRE. ) );
#5789 = VERTEX_POINT ( 'NONE', #8390 ) ;
#5790 = STYLED_ITEM ( 'NONE', ( #614 ), #2805 ) ;
#5791 = CARTESIAN_POINT ( 'NONE',  ( -3.175000000000000711, 0.3750000000000000000, -5.714999999999999858 ) ) ;
#5792 = STYLED_ITEM ( 'NONE', ( #5024 ), #6517 ) ;
#5793 = SPHERICAL_SURFACE ( 'NONE', #2600, 0.3750000000000000000 ) ;
#5794 = ORIENTED_EDGE ( 'NONE', *, *, #3414, .T. ) ;
#5795 = FACE_OUTER_BOUND ( 'NONE', #1344, .T. ) ;
#5796 = EDGE_CURVE ( 'NONE', #1626, #9297, #7652, .T. ) ;
#5797 = ORIENTED_EDGE ( 'NONE', *, *, #1714, .F. ) ;
#5798 = CARTESIAN_POINT ( 'NONE',  ( -4.445000000000001172, 0.6999999999999998446, -5.714999999999999858 ) ) ;
#5799 = AXIS2_PLACEMENT_3D ( 'NONE', #895, #6706, #9301 ) ;
#5800 = EDGE_LOOP ( 'NONE', ( #1727, #9569, #5433 ) ) ;
#5801 = ORIENTED_EDGE ( 'NONE', *, *, #1577, .F. ) ;
#5802 = STYLED_ITEM ( 'NONE', ( #9890 ), #6675 ) ;
#5803 = EDGE_CURVE ( 'NONE', #4568, #5028, #9923, .T. ) ;
#5804 = CARTESIAN_POINT ( 'NONE',  ( -3.175000000000000711, 0.3750000000000000000, -0.6349999999999992317 ) ) ;
#5805 = CARTESIAN_POINT ( 'NONE',  ( 3.174999999999999822, 0.6999999999999998446, 3.175000000000000711 ) ) ;
#5806 = FILL_AREA_STYLE_COLOUR ( '', #4585 ) ;
#5807 = CARTESIAN_POINT ( 'NONE',  ( -0.8220828693386974528, 0.6999999999999998446, 5.715000000000001634 ) ) ;
#5808 = CARTESIAN_POINT ( 'NONE',  ( 7.499999999999994671, 5.120000000000000107, 7.500000000000001776 ) ) ;
#5809 = CIRCLE ( 'NONE', #831, 0.3749999999999998890 ) ;
#5810 = FILL_AREA_STYLE_COLOUR ( '', #4838 ) ;
#5811 = FACE_OUTER_BOUND ( 'NONE', #4636, .T. ) ;
#5812 = EDGE_CURVE ( 'NONE', #9223, #4928, #1748, .T. ) ;
#5813 = ORIENTED_EDGE ( 'NONE', *, *, #5128, .F. ) ;
#5814 = SURFACE_SIDE_STYLE ('',( #795 ) ) ;
#5815 = VERTEX_POINT ( 'NONE', #7672 ) ;
#5816 = CARTESIAN_POINT ( 'NONE',  ( -2.092082869338697915, 0.6999999999999998446, -1.904999999999999583 ) ) ;
#5817 = CARTESIAN_POINT ( 'NONE',  ( 2.092082869338697027, 0.6999999999999998446, 4.445000000000001172 ) ) ;
#5818 = COLOUR_RGB ( '',0.7921568627450980005, 0.8196078431372548767, 0.9333333333333333481 ) ;
#5819 = CARTESIAN_POINT ( 'NONE',  ( -5.715000000000000746, 0.3750000000000000000, -0.6349999999999992317 ) ) ;
#5820 = DIRECTION ( 'NONE',  ( 0.000000000000000000, 0.000000000000000000, -1.000000000000000000 ) ) ;
#5821 = PRESENTATION_LAYER_ASSIGNMENT (  '', '', ( #7260 ) ) ;
#5822 = SURFACE_SIDE_STYLE ('',( #7407 ) ) ;
#5823 = CARTESIAN_POINT ( 'NONE',  ( 3.362082869338697044, 0.6999999999999998446, 3.175000000000000711 ) ) ;
#5824 = ORIENTED_EDGE ( 'NONE', *, *, #4755, .F. ) ;
#5825 = DIRECTION ( 'NONE',  ( -0.000000000000000000, 1.000000000000000000, -0.000000000000000000 ) ) ;
#5826 = MECHANICAL_DESIGN_GEOMETRIC_PRESENTATION_REPRESENTATION (  '', ( #3525 ), #280 ) ;
#5827 = ORIENTED_EDGE ( 'NONE', *, *, #6002, .T. ) ;
#5828 = DIRECTION ( 'NONE',  ( 0.000000000000000000, 0.000000000000000000, 1.000000000000000000 ) ) ;
#5829 = SPHERICAL_SURFACE ( 'NONE', #8780, 0.3750000000000000000 ) ;
#5830 = CARTESIAN_POINT ( 'NONE',  ( -1.905000000000000471, 0.6999999999999999556, 3.175000000000000711 ) ) ;
#5831 = DIRECTION ( 'NONE',  ( 1.224646799147353207E-16, 0.000000000000000000, -1.000000000000000000 ) ) ;
#5832 = DIRECTION ( 'NONE',  ( 0.000000000000000000, 0.000000000000000000, 1.000000000000000000 ) ) ;
#5833 = SURFACE_STYLE_USAGE ( .BOTH. , #1546 ) ;
#5834 = ORIENTED_EDGE ( 'NONE', *, *, #4074, .T. ) ;
#5835 = DIRECTION ( 'NONE',  ( 1.000000000000000000, 0.000000000000000000, 0.000000000000000000 ) ) ;
#5836 = PRESENTATION_LAYER_ASSIGNMENT (  '', '', ( #6932 ) ) ;
#5837 = ORIENTED_EDGE ( 'NONE', *, *, #5586, .F. ) ;
#5838 = EDGE_CURVE ( 'NONE', #911, #1954, #3321, .T. ) ;
#5839 = DIRECTION ( 'NONE',  ( 0.000000000000000000, -1.000000000000000000, 0.000000000000000000 ) ) ;
#5840 = VERTEX_POINT ( 'NONE', #5864 ) ;
#5841 = CARTESIAN_POINT ( 'NONE',  ( -7.500000000000005329, 1.070000000000000284, 7.500000000000001776 ) ) ;
#5842 =( NAMED_UNIT ( * ) SI_UNIT ( $, .STERADIAN. ) SOLID_ANGLE_UNIT ( ) );
#5843 = UNCERTAINTY_MEASURE_WITH_UNIT (LENGTH_MEASURE( 1.000000000000000082E-05 ), #2037, 'distance_accuracy_value', 'NONE');
#5844 = AXIS2_PLACEMENT_3D ( 'NONE', #3588, #7979, #5297 ) ;
#5845 = EDGE_LOOP ( 'NONE', ( #7373, #588, #3998 ) ) ;
#5846 = DIRECTION ( 'NONE',  ( 0.000000000000000000, 0.000000000000000000, -1.000000000000000000 ) ) ;
#5847 = EDGE_CURVE ( 'NONE', #840, #3887, #1389, .T. ) ;
#5848 = ADVANCED_FACE ( 'NONE', ( #10097 ), #6663, .F. ) ;
#5849 = AXIS2_PLACEMENT_3D ( 'NONE', #313, #2169, #3019 ) ;
#5850 = VERTEX_POINT ( 'NONE', #7563 ) ;
#5851 = ORIENTED_EDGE ( 'NONE', *, *, #3491, .T. ) ;
#5852 = DIRECTION ( 'NONE',  ( 1.000000000000000000, 0.000000000000000000, 0.000000000000000000 ) ) ;
#5853 = CIRCLE ( 'NONE', #7956, 0.3750000000000003331 ) ;
#5854 = VERTEX_POINT ( 'NONE', #2467 ) ;
#5855 = DIRECTION ( 'NONE',  ( 1.000000000000000000, 0.000000000000000000, 0.000000000000000000 ) ) ;
#5856 = UNCERTAINTY_MEASURE_WITH_UNIT (LENGTH_MEASURE( 1.000000000000000082E-05 ), #10313, 'distance_accuracy_value', 'NONE');
#5857 = ORIENTED_EDGE ( 'NONE', *, *, #9389, .F. ) ;
#5858 = ORIENTED_EDGE ( 'NONE', *, *, #6921, .T. ) ;
#5859 = DIRECTION ( 'NONE',  ( 0.000000000000000000, 0.000000000000000000, 1.000000000000000000 ) ) ;
#5860 = DIRECTION ( 'NONE',  ( -1.000000000000000000, 0.000000000000000000, 0.000000000000000000 ) ) ;
#5861 = DIRECTION ( 'NONE',  ( 0.000000000000000000, 0.000000000000000000, 1.000000000000000000 ) ) ;
#5862 = CIRCLE ( 'NONE', #1047, 0.3750000000000003331 ) ;
#5863 = AXIS2_PLACEMENT_3D ( 'NONE', #2261, #4828, #6507 ) ;
#5864 = CARTESIAN_POINT ( 'NONE',  ( -5.715000000000000746, 0.000000000000000000, 0.6350000000000001199 ) ) ;
#5865 = PLANE ( 'NONE',  #645 ) ;
#5866 = CLOSED_SHELL ( 'NONE', ( #8866, #2173, #6551 ) ) ;
#5867 = DIRECTION ( 'NONE',  ( 0.000000000000000000, 0.000000000000000000, 1.000000000000000000 ) ) ;
#5868 = ADVANCED_FACE ( 'NONE', ( #8450 ), #788, .T. ) ;
#5869 = DIRECTION ( 'NONE',  ( 1.224646799147353207E-16, 0.000000000000000000, -1.000000000000000000 ) ) ;
#5870 = ORIENTED_EDGE ( 'NONE', *, *, #5318, .F. ) ;
#5871 = EDGE_LOOP ( 'NONE', ( #2290, #7716 ) ) ;
#5872 = CARTESIAN_POINT ( 'NONE',  ( -3.362082869338697932, 0.6999999999999998446, 4.445000000000001172 ) ) ;
#5873 = FILL_AREA_STYLE ('',( #10046 ) ) ;
#5874 = CLOSED_SHELL ( 'NONE', ( #5926, #10854, #1514 ) ) ;
#5875 = ORIENTED_EDGE ( 'NONE', *, *, #1297, .T. ) ;
#5876 = DIRECTION ( 'NONE',  ( 0.000000000000000000, 0.000000000000000000, -1.000000000000000000 ) ) ;
#5877 = MECHANICAL_DESIGN_GEOMETRIC_PRESENTATION_REPRESENTATION (  '', ( #3745 ), #1063 ) ;
#5878 =( NAMED_UNIT ( * ) SI_UNIT ( $, .STERADIAN. ) SOLID_ANGLE_UNIT ( ) );
#5879 = DIRECTION ( 'NONE',  ( -0.000000000000000000, 1.000000000000000000, -0.000000000000000000 ) ) ;
#5880 = ADVANCED_FACE ( 'NONE', ( #5037 ), #1735, .T. ) ;
#5881 = AXIS2_PLACEMENT_3D ( 'NONE', #1915, #3612, #1087 ) ;
#5882 = CARTESIAN_POINT ( 'NONE',  ( -6.000000000000005329, 5.120000000000000107, -5.399999999999998579 ) ) ;
#5883 = AXIS2_PLACEMENT_3D ( 'NONE', #2184, #7332, #1403 ) ;
#5884 = AXIS2_PLACEMENT_3D ( 'NONE', #1254, #5543, #3113 ) ;
#5885 = PLANE ( 'NONE',  #3752 ) ;
#5886 = DIRECTION ( 'NONE',  ( 0.000000000000000000, 0.000000000000000000, -1.000000000000000000 ) ) ;
#5887 = ORIENTED_EDGE ( 'NONE', *, *, #9996, .F. ) ;
#5888 = FACE_OUTER_BOUND ( 'NONE', #9937, .T. ) ;
#5889 = AXIS2_PLACEMENT_3D ( 'NONE', #1011, #2760, #7043 ) ;
#5890 = CARTESIAN_POINT ( 'NONE',  ( 0.6349999999999992317, 0.3750000000000000000, 1.905000000000000471 ) ) ;
#5891 = DIRECTION ( 'NONE',  ( 0.000000000000000000, -0.000000000000000000, -1.000000000000000000 ) ) ;
#5892 = CIRCLE ( 'NONE', #5003, 0.1870828693386972497 ) ;
#5893 = AXIS2_PLACEMENT_3D ( 'NONE', #9143, #4975, #2356 ) ;
#5894 = CARTESIAN_POINT ( 'NONE',  ( -4.445000000000001172, 0.6999999999999998446, 4.445000000000001172 ) ) ;
#5895 = SURFACE_SIDE_STYLE ('',( #10504 ) ) ;
#5896 = PRESENTATION_STYLE_ASSIGNMENT (( #7534 ) ) ;
#5897 = AXIS2_PLACEMENT_3D ( 'NONE', #9131, #7661, #11044 ) ;
#5898 = AXIS2_PLACEMENT_3D ( 'NONE', #8968, #4736, #375 ) ;
#5899 = EDGE_LOOP ( 'NONE', ( #3368, #8630 ) ) ;
#5900 = DIRECTION ( 'NONE',  ( 0.000000000000000000, 0.000000000000000000, 1.000000000000000000 ) ) ;
#5901 = AXIS2_PLACEMENT_3D ( 'NONE', #9902, #5513, #3806 ) ;
#5902 = FACE_OUTER_BOUND ( 'NONE', #3986, .T. ) ;
#5903 = SURFACE_STYLE_FILL_AREA ( #4188 ) ;
#5904 = VERTEX_POINT ( 'NONE', #9308 ) ;
#5905 = STYLED_ITEM ( 'NONE', ( #6571 ), #6258 ) ;
#5906 = CARTESIAN_POINT ( 'NONE',  ( -4.445000000000001172, 0.6999999999999998446, 6.985000000000001208 ) ) ;
#5907 = AXIS2_PLACEMENT_3D ( 'NONE', #435, #8322, #5695 ) ;
#5908 = CIRCLE ( 'NONE', #2537, 0.1870828693386972497 ) ;
#5909 = VERTEX_POINT ( 'NONE', #2530 ) ;
#5910 = EDGE_LOOP ( 'NONE', ( #2536, #592, #4485 ) ) ;
#5911 = ADVANCED_FACE ( 'NONE', ( #5920 ), #2584, .F. ) ;
#5912 = MECHANICAL_DESIGN_GEOMETRIC_PRESENTATION_REPRESENTATION (  '', ( #10729 ), #5546 ) ;
#5913 = CARTESIAN_POINT ( 'NONE',  ( -6.985000000000000320, 0.000000000000000000, 1.905000000000000471 ) ) ;
#5914 = VERTEX_POINT ( 'NONE', #5807 ) ;
#5915 = DIRECTION ( 'NONE',  ( 0.000000000000000000, 0.000000000000000000, -1.000000000000000000 ) ) ;
#5916 = EDGE_LOOP ( 'NONE', ( #6876, #9914, #5386 ) ) ;
#5917 = EDGE_CURVE ( 'NONE', #8495, #10359, #48, .T. ) ;
#5918 = CARTESIAN_POINT ( 'NONE',  ( 3.362082869338697044, 0.6999999999999998446, 0.6350000000000001199 ) ) ;
#5919 = DIRECTION ( 'NONE',  ( 0.000000000000000000, 0.000000000000000000, -1.000000000000000000 ) ) ;
#5920 = FACE_OUTER_BOUND ( 'NONE', #8135, .T. ) ;
#5921 = DIRECTION ( 'NONE',  ( 1.224646799147353207E-16, 0.000000000000000000, -1.000000000000000000 ) ) ;
#5922 = SPHERICAL_SURFACE ( 'NONE', #8213, 0.3750000000000000000 ) ;
#5923 =( NAMED_UNIT ( * ) PLANE_ANGLE_UNIT ( ) SI_UNIT ( $, .RADIAN. ) );
#5924 = CIRCLE ( 'NONE', #8434, 0.3749999999999998890 ) ;
#5925 = DIRECTION ( 'NONE',  ( 0.000000000000000000, 0.000000000000000000, 1.000000000000000000 ) ) ;
#5926 = ADVANCED_FACE ( 'NONE', ( #3483 ), #8327, .T. ) ;
#5927 = ORIENTED_EDGE ( 'NONE', *, *, #8690, .F. ) ;
#5928 = CARTESIAN_POINT ( 'NONE',  ( -0.6350000000000001199, 0.3750000000000000000, -3.174999999999999822 ) ) ;
#5929 = ORIENTED_EDGE ( 'NONE', *, *, #5785, .T. ) ;
#5930 = EDGE_CURVE ( 'NONE', #3487, #2811, #481, .T. ) ;
#5931 = SPHERICAL_SURFACE ( 'NONE', #7323, 0.3750000000000000000 ) ;
#5932 = ADVANCED_FACE ( 'NONE', ( #8810 ), #4583, .T. ) ;
#5933 = DIRECTION ( 'NONE',  ( 0.000000000000000000, 0.000000000000000000, 1.000000000000000000 ) ) ;
#5934 = STYLED_ITEM ( 'NONE', ( #10358 ), #3235 ) ;
#5935 = MANIFOLD_SOLID_BREP ( 'LPattern1[10]', #5336 ) ;
#5936 = CARTESIAN_POINT ( 'NONE',  ( -0.6350000000000001199, 0.000000000000000000, 1.905000000000000471 ) ) ;
#5937 = CARTESIAN_POINT ( 'NONE',  ( 0.6349999999999992317, 0.6999999999999998446, -6.985000000000000320 ) ) ;
#5938 = CARTESIAN_POINT ( 'NONE',  ( 4.445000000000000284, 0.3750000000000000000, -4.444999999999999396 ) ) ;
#5939 = CIRCLE ( 'NONE', #1122, 0.3749999999999998890 ) ;
#5940 = SURFACE_STYLE_USAGE ( .BOTH. , #2914 ) ;
#5941 = DIRECTION ( 'NONE',  ( -0.000000000000000000, 1.000000000000000000, -0.000000000000000000 ) ) ;
#5942 = AXIS2_PLACEMENT_3D ( 'NONE', #8781, #2827, #1195 ) ;
#5943 = ORIENTED_EDGE ( 'NONE', *, *, #5515, .F. ) ;
#5944 = FACE_OUTER_BOUND ( 'NONE', #9610, .T. ) ;
#5945 = DIRECTION ( 'NONE',  ( 0.000000000000000000, 0.000000000000000000, -1.000000000000000000 ) ) ;
#5946 = EDGE_LOOP ( 'NONE', ( #7272, #5718, #2834 ) ) ;
#5947 = PLANE ( 'NONE',  #9863 ) ;
#5948 = FACE_OUTER_BOUND ( 'NONE', #10754, .T. ) ;
#5949 = CIRCLE ( 'NONE', #775, 0.1870828693386972497 ) ;
#5950 = CARTESIAN_POINT ( 'NONE',  ( -5.527917130661303524, 0.6999999999999998446, 4.445000000000001172 ) ) ;
#5951 = DIRECTION ( 'NONE',  ( 0.000000000000000000, 0.000000000000000000, -1.000000000000000000 ) ) ;
#5952 = DIRECTION ( 'NONE',  ( -1.000000000000000000, 0.000000000000000000, 0.000000000000000000 ) ) ;
#5953 = CARTESIAN_POINT ( 'NONE',  ( -6.797917130661303098, 0.6999999999999998446, 1.905000000000000471 ) ) ;
#5954 = SURFACE_STYLE_FILL_AREA ( #635 ) ;
#5955 = ORIENTED_EDGE ( 'NONE', *, *, #251, .F. ) ;
#5956 = CARTESIAN_POINT ( 'NONE',  ( -5.715000000000000746, 0.3750000000000000000, -1.904999999999999583 ) ) ;
#5957 = CARTESIAN_POINT ( 'NONE',  ( 0.6349999999999992317, 0.6999999999999999556, 6.985000000000001208 ) ) ;
#5958 = SURFACE_SIDE_STYLE ('',( #7758 ) ) ;
#5959 = ORIENTED_EDGE ( 'NONE', *, *, #3271, .T. ) ;
#5960 = FILL_AREA_STYLE_COLOUR ( '', #80 ) ;
#5961 = CIRCLE ( 'NONE', #1150, 0.1870828693386972497 ) ;
#5962 = VERTEX_POINT ( 'NONE', #6182 ) ;
#5963 = DIRECTION ( 'NONE',  ( 1.000000000000000000, 0.000000000000000000, 0.000000000000000000 ) ) ;
#5964 = EDGE_LOOP ( 'NONE', ( #8963, #5099 ) ) ;
#5965 =( NAMED_UNIT ( * ) PLANE_ANGLE_UNIT ( ) SI_UNIT ( $, .RADIAN. ) );
#5966 = CIRCLE ( 'NONE', #7042, 0.3749999999999998890 ) ;
#5967 = UNCERTAINTY_MEASURE_WITH_UNIT (LENGTH_MEASURE( 1.000000000000000082E-05 ), #4619, 'distance_accuracy_value', 'NONE');
#5968 = ORIENTED_EDGE ( 'NONE', *, *, #8551, .T. ) ;
#5969 = SURFACE_STYLE_USAGE ( .BOTH. , #43 ) ;
#5970 = CARTESIAN_POINT ( 'NONE',  ( 1.904999999999999583, 0.3750000000000000000, -0.6349999999999992317 ) ) ;
#5971 = CARTESIAN_POINT ( 'NONE',  ( -0.6350000000000001199, 0.6999999999999998446, -5.714999999999999858 ) ) ;
#5972 = DIRECTION ( 'NONE',  ( 1.000000000000000000, 0.000000000000000000, 0.000000000000000000 ) ) ;
#5973 = DIRECTION ( 'NONE',  ( 0.000000000000000000, 0.000000000000000000, 1.000000000000000000 ) ) ;
#5974 = EDGE_CURVE ( 'NONE', #2118, #5073, #11011, .T. ) ;
#5975 = CIRCLE ( 'NONE', #4024, 0.3749999999999998890 ) ;
#5976 = FACE_OUTER_BOUND ( 'NONE', #5304, .T. ) ;
#5977 = ORIENTED_EDGE ( 'NONE', *, *, #6538, .F. ) ;
#5978 = CARTESIAN_POINT ( 'NONE',  ( -4.257917130661303950, 0.6999999999999998446, -5.714999999999999858 ) ) ;
#5979 = CARTESIAN_POINT ( 'NONE',  ( 0.8220828693386965647, 0.6999999999999998446, -6.985000000000000320 ) ) ;
#5980 = EDGE_LOOP ( 'NONE', ( #1209, #7811, #10798 ) ) ;
#5981 = DIRECTION ( 'NONE',  ( 0.000000000000000000, -1.000000000000000000, 0.000000000000000000 ) ) ;
#5982 = CARTESIAN_POINT ( 'NONE',  ( -6.985000000000000320, 0.3750000000000000000, -1.904999999999999583 ) ) ;
#5983 = FILL_AREA_STYLE ('',( #1804 ) ) ;
#5984 = CARTESIAN_POINT ( 'NONE',  ( 5.902082869338697968, 0.6999999999999998446, 1.905000000000000471 ) ) ;
#5985 = CARTESIAN_POINT ( 'NONE',  ( -6.985000000000000320, 0.6999999999999998446, -1.904999999999999583 ) ) ;
#5986 = COLOUR_RGB ( '',0.7921568627450980005, 0.8196078431372548767, 0.9333333333333333481 ) ;
#5987 = EDGE_CURVE ( 'NONE', #1405, #10626, #8348, .T. ) ;
#5988 = DIRECTION ( 'NONE',  ( 0.000000000000000000, 0.000000000000000000, -1.000000000000000000 ) ) ;
#5989 = CIRCLE ( 'NONE', #623, 0.1870828693386972497 ) ;
#5990 = AXIS2_PLACEMENT_3D ( 'NONE', #3488, #9317, #7412 ) ;
#5991 =( LENGTH_UNIT ( ) NAMED_UNIT ( * ) SI_UNIT ( .MILLI., .METRE. ) );
#5992 = AXIS2_PLACEMENT_3D ( 'NONE', #8232, #8285, #8346 ) ;
#5993 = DIRECTION ( 'NONE',  ( -0.000000000000000000, 1.000000000000000000, -0.000000000000000000 ) ) ;
#5994 = DIRECTION ( 'NONE',  ( 1.000000000000000000, 0.000000000000000000, 0.000000000000000000 ) ) ;
#5995 = SPHERICAL_SURFACE ( 'NONE', #5524, 0.3750000000000000000 ) ;
#5996 = DIRECTION ( 'NONE',  ( 1.000000000000000000, 0.000000000000000000, 0.000000000000000000 ) ) ;
#5997 = CARTESIAN_POINT ( 'NONE',  ( 2.092082869338697027, 0.6999999999999998446, 1.905000000000000471 ) ) ;
#5998 = ADVANCED_FACE ( 'NONE', ( #4426 ), #7777, .F. ) ;
#5999 = AXIS2_PLACEMENT_3D ( 'NONE', #10040, #4146, #5752 ) ;
#6000 = VERTEX_POINT ( 'NONE', #10373 ) ;
#6001 = DIRECTION ( 'NONE',  ( -1.000000000000000000, 0.000000000000000000, 0.000000000000000000 ) ) ;
#6002 = EDGE_CURVE ( 'NONE', #4579, #6076, #6018, .T. ) ;
#6003 = DIRECTION ( 'NONE',  ( 0.000000000000000000, 0.000000000000000000, 1.000000000000000000 ) ) ;
#6004 = MECHANICAL_DESIGN_GEOMETRIC_PRESENTATION_REPRESENTATION (  '', ( #3708 ), #4050 ) ;
#6005 = PLANE ( 'NONE',  #1810 ) ;
#6006 = ORIENTED_EDGE ( 'NONE', *, *, #4713, .T. ) ;
#6007 = AXIS2_PLACEMENT_3D ( 'NONE', #9652, #4617, #8898 ) ;
#6008 = AXIS2_PLACEMENT_3D ( 'NONE', #8710, #8817, #966 ) ;
#6009 = FACE_OUTER_BOUND ( 'NONE', #4960, .T. ) ;
#6010 = EDGE_CURVE ( 'NONE', #5232, #9613, #9726, .T. ) ;
#6011 = ORIENTED_EDGE ( 'NONE', *, *, #7960, .F. ) ;
#6012 = EDGE_CURVE ( 'NONE', #3075, #10240, #4478, .T. ) ;
#6013 = FILL_AREA_STYLE ('',( #9174 ) ) ;
#6014 = ORIENTED_EDGE ( 'NONE', *, *, #915, .F. ) ;
#6015 = MANIFOLD_SOLID_BREP ( 'LPattern1[15]', #6057 ) ;
#6016 = EDGE_LOOP ( 'NONE', ( #5309, #10201, #4126 ) ) ;
#6017 = DIRECTION ( 'NONE',  ( 0.000000000000000000, 0.000000000000000000, 1.000000000000000000 ) ) ;
#6018 = CIRCLE ( 'NONE', #3549, 0.1870828693386972497 ) ;
#6019 = EDGE_LOOP ( 'NONE', ( #3938, #364 ) ) ;
#6020 = ORIENTED_EDGE ( 'NONE', *, *, #3893, .F. ) ;
#6021 = AXIS2_PLACEMENT_3D ( 'NONE', #8863, #6903, #6046 ) ;
#6022 = CARTESIAN_POINT ( 'NONE',  ( -1.905000000000000471, 0.6999999999999998446, 5.715000000000001634 ) ) ;
#6023 = CARTESIAN_POINT ( 'NONE',  ( -2.092082869338697915, 0.6999999999999998446, -5.714999999999999858 ) ) ;
#6024 = CARTESIAN_POINT ( 'NONE',  ( -6.985000000000000320, 0.3750000000000000000, -3.174999999999999822 ) ) ;
#6025 = DIRECTION ( 'NONE',  ( 0.000000000000000000, 1.000000000000000000, 0.000000000000000000 ) ) ;
#6026 = DIRECTION ( 'NONE',  ( 1.000000000000000000, 0.000000000000000000, 0.000000000000000000 ) ) ;
#6027 = AXIS2_PLACEMENT_3D ( 'NONE', #2666, #10124, #9386 ) ;
#6028 = CARTESIAN_POINT ( 'NONE',  ( -2.092082869338697915, 0.6999999999999998446, 5.715000000000001634 ) ) ;
#6029 = SURFACE_SIDE_STYLE ('',( #1846 ) ) ;
#6030 = COLOUR_RGB ( '',0.7921568627450980005, 0.8196078431372548767, 0.9333333333333333481 ) ;
#6031 = FACE_OUTER_BOUND ( 'NONE', #154, .T. ) ;
#6032 = ORIENTED_EDGE ( 'NONE', *, *, #5659, .T. ) ;
#6033 = FACE_OUTER_BOUND ( 'NONE', #5582, .T. ) ;
#6034 = ADVANCED_FACE ( 'NONE', ( #3135 ), #2964, .T. ) ;
#6035 = AXIS2_PLACEMENT_3D ( 'NONE', #920, #5153, #6728 ) ;
#6036 = ORIENTED_EDGE ( 'NONE', *, *, #5331, .F. ) ;
#6037 = CARTESIAN_POINT ( 'NONE',  ( -5.527917130661303524, 0.6999999999999998446, -3.174999999999999822 ) ) ;
#6038 = DIRECTION ( 'NONE',  ( -1.000000000000000000, 0.000000000000000000, 0.000000000000000000 ) ) ;
#6039 = MANIFOLD_SOLID_BREP ( 'LPattern1[115]', #7495 ) ;
#6040 = ORIENTED_EDGE ( 'NONE', *, *, #4850, .T. ) ;
#6041 = CLOSED_SHELL ( 'NONE', ( #7517, #388, #7092 ) ) ;
#6042 = DIRECTION ( 'NONE',  ( 0.000000000000000000, 0.000000000000000000, 1.000000000000000000 ) ) ;
#6043 = FACE_OUTER_BOUND ( 'NONE', #533, .T. ) ;
#6044 = CARTESIAN_POINT ( 'NONE',  ( -4.445000000000001172, 0.6999999999999998446, -6.985000000000000320 ) ) ;
#6045 = DIRECTION ( 'NONE',  ( -0.000000000000000000, 1.000000000000000000, -0.000000000000000000 ) ) ;
#6046 = DIRECTION ( 'NONE',  ( 1.000000000000000000, 0.000000000000000000, 0.000000000000000000 ) ) ;
#6047 = CLOSED_SHELL ( 'NONE', ( #3020, #4390, #1708 ) ) ;
#6048 = CARTESIAN_POINT ( 'NONE',  ( -3.175000000000000711, 0.6999999999999998446, -1.904999999999999583 ) ) ;
#6049 = ADVANCED_FACE ( 'NONE', ( #5456 ), #2047, .T. ) ;
#6050 = COLOUR_RGB ( '',0.7921568627450980005, 0.8196078431372548767, 0.9333333333333333481 ) ;
#6051 = FILL_AREA_STYLE ('',( #1192 ) ) ;
#6052 = VERTEX_POINT ( 'NONE', #423 ) ;
#6053 =( LENGTH_UNIT ( ) NAMED_UNIT ( * ) SI_UNIT ( .MILLI., .METRE. ) );
#6054 = DIRECTION ( 'NONE',  ( 0.000000000000000000, 0.000000000000000000, -1.000000000000000000 ) ) ;
#6055 = EDGE_CURVE ( 'NONE', #8806, #6800, #5178, .T. ) ;
#6056 = CARTESIAN_POINT ( 'NONE',  ( 5.715000000000000746, 0.6999999999999999556, -4.444999999999999396 ) ) ;
#6057 = CLOSED_SHELL ( 'NONE', ( #5679, #10966, #6136 ) ) ;
#6058 = DIRECTION ( 'NONE',  ( 0.000000000000000000, 0.000000000000000000, 1.000000000000000000 ) ) ;
#6059 = AXIS2_PLACEMENT_3D ( 'NONE', #2205, #9748, #3995 ) ;
#6060 = FILL_AREA_STYLE ('',( #1763 ) ) ;
#6061 = FILL_AREA_STYLE_COLOUR ( '', #2971 ) ;
#6062 = ORIENTED_EDGE ( 'NONE', *, *, #10778, .F. ) ;
#6063 = PLANE ( 'NONE',  #1720 ) ;
#6064 = AXIS2_PLACEMENT_3D ( 'NONE', #977, #1026, #4442 ) ;
#6065 = COLOUR_RGB ( '',0.7921568627450980005, 0.8196078431372548767, 0.9333333333333333481 ) ;
#6066 = CIRCLE ( 'NONE', #8029, 0.1870828693386972497 ) ;
#6067 = ORIENTED_EDGE ( 'NONE', *, *, #5323, .T. ) ;
#6068 = EDGE_CURVE ( 'NONE', #1765, #5650, #8576, .T. ) ;
#6069 = ADVANCED_FACE ( 'NONE', ( #10596 ), #3856, .T. ) ;
#6070 = AXIS2_PLACEMENT_3D ( 'NONE', #7034, #5237, #6928 ) ;
#6071 = AXIS2_PLACEMENT_3D ( 'NONE', #9002, #2318, #10630 ) ;
#6072 = FILL_AREA_STYLE ('',( #5235 ) ) ;
#6073 = CIRCLE ( 'NONE', #3249, 0.3749999999999998890 ) ;
#6074 = EDGE_LOOP ( 'NONE', ( #2960, #2415, #2662 ) ) ;
#6075 = DIRECTION ( 'NONE',  ( 0.000000000000000000, 0.000000000000000000, 1.000000000000000000 ) ) ;
#6076 = VERTEX_POINT ( 'NONE', #10541 ) ;
#6077 = AXIS2_PLACEMENT_3D ( 'NONE', #625, #2997, #6452 ) ;
#6078 = UNCERTAINTY_MEASURE_WITH_UNIT (LENGTH_MEASURE( 1.000000000000000082E-05 ), #3241, 'distance_accuracy_value', 'NONE');
#6079 = VERTEX_POINT ( 'NONE', #1332 ) ;
#6080 = PLANE ( 'NONE',  #9769 ) ;
#6081 = ADVANCED_FACE ( 'NONE', ( #4688 ), #6409, .T. ) ;
#6082 = SPHERICAL_SURFACE ( 'NONE', #3454, 0.3750000000000000000 ) ;
#6083 = AXIS2_PLACEMENT_3D ( 'NONE', #7215, #5306, #2009 ) ;
#6084 = DIRECTION ( 'NONE',  ( 1.000000000000000000, 0.000000000000000000, 0.000000000000000000 ) ) ;
#6085 = DIRECTION ( 'NONE',  ( -0.000000000000000000, 1.000000000000000000, -0.000000000000000000 ) ) ;
#6086 = CARTESIAN_POINT ( 'NONE',  ( 3.174999999999999822, 0.3750000000000000000, 4.445000000000001172 ) ) ;
#6087 = DIRECTION ( 'NONE',  ( 0.000000000000000000, 0.000000000000000000, -1.000000000000000000 ) ) ;
#6088 = AXIS2_PLACEMENT_3D ( 'NONE', #4531, #6087, #6186 ) ;
#6089 = DIRECTION ( 'NONE',  ( 0.000000000000000000, 0.000000000000000000, 1.000000000000000000 ) ) ;
#6090 = EDGE_LOOP ( 'NONE', ( #8189, #3420, #2890 ) ) ;
#6091 = PRESENTATION_LAYER_ASSIGNMENT (  '', '', ( #4841 ) ) ;
#6092 = FACE_OUTER_BOUND ( 'NONE', #1074, .T. ) ;
#6093 = UNCERTAINTY_MEASURE_WITH_UNIT (LENGTH_MEASURE( 1.000000000000000082E-05 ), #5788, 'distance_accuracy_value', 'NONE');
#6094 = ORIENTED_EDGE ( 'NONE', *, *, #5647, .T. ) ;
#6095 = DIRECTION ( 'NONE',  ( 1.000000000000000000, 0.000000000000000000, 0.000000000000000000 ) ) ;
#6096 = CARTESIAN_POINT ( 'NONE',  ( -5.715000000000000746, 0.3750000000000000000, 1.905000000000000471 ) ) ;
#6097 = VERTEX_POINT ( 'NONE', #1451 ) ;
#6098 = AXIS2_PLACEMENT_3D ( 'NONE', #6945, #5362, #8662 ) ;
#6099 = DIRECTION ( 'NONE',  ( 1.000000000000000000, 0.000000000000000000, 0.000000000000000000 ) ) ;
#6100 = CARTESIAN_POINT ( 'NONE',  ( 2.987917130661302600, 0.6999999999999998446, 4.445000000000001172 ) ) ;
#6101 = CIRCLE ( 'NONE', #10203, 0.1870828693386972497 ) ;
#6102 = FACE_OUTER_BOUND ( 'NONE', #4249, .T. ) ;
#6103 = ORIENTED_EDGE ( 'NONE', *, *, #6731, .F. ) ;
#6104 = SPHERICAL_SURFACE ( 'NONE', #3011, 0.3750000000000000000 ) ;
#6105 = PRESENTATION_LAYER_ASSIGNMENT (  '', '', ( #7561 ) ) ;
#6106 = LINE ( 'NONE', #9492, #5704 ) ;
#6107 = CIRCLE ( 'NONE', #3470, 0.1870828693386972497 ) ;
#6108 = EDGE_CURVE ( 'NONE', #4885, #8801, #7150, .T. ) ;
#6109 = PRESENTATION_STYLE_ASSIGNMENT (( #1820 ) ) ;
#6110 = FILL_AREA_STYLE_COLOUR ( '', #1177 ) ;
#6111 = EDGE_LOOP ( 'NONE', ( #6528, #9647 ) ) ;
#6112 = CARTESIAN_POINT ( 'NONE',  ( -5.902082869338697968, 0.6999999999999998446, 6.985000000000001208 ) ) ;
#6113 = EDGE_CURVE ( 'NONE', #11001, #4611, #909, .T. ) ;
#6114 = MECHANICAL_DESIGN_GEOMETRIC_PRESENTATION_REPRESENTATION (  '', ( #3647 ), #1311 ) ;
#6115 = DIRECTION ( 'NONE',  ( -0.000000000000000000, 1.000000000000000000, -0.000000000000000000 ) ) ;
#6116 = FILL_AREA_STYLE ('',( #7708 ) ) ;
#6117 = AXIS2_PLACEMENT_3D ( 'NONE', #740, #5876, #9420 ) ;
#6118 = VERTEX_POINT ( 'NONE', #3022 ) ;
#6119 = ORIENTED_EDGE ( 'NONE', *, *, #9460, .T. ) ;
#6120 = CARTESIAN_POINT ( 'NONE',  ( -4.445000000000001172, 0.3750000000000000000, 6.985000000000001208 ) ) ;
#6121 = EDGE_CURVE ( 'NONE', #1639, #2208, #1965, .T. ) ;
#6122 = ADVANCED_FACE ( 'NONE', ( #3083 ), #703, .F. ) ;
#6123 = SPHERICAL_SURFACE ( 'NONE', #8408, 0.3750000000000000000 ) ;
#6124 = ORIENTED_EDGE ( 'NONE', *, *, #8651, .F. ) ;
#6125 = DIRECTION ( 'NONE',  ( 1.000000000000000000, 0.000000000000000000, 0.000000000000000000 ) ) ;
#6126 = EDGE_LOOP ( 'NONE', ( #2443, #1115, #5747 ) ) ;
#6127 = CARTESIAN_POINT ( 'NONE',  ( 0.6349999999999992317, 0.3750000000000000000, -0.6349999999999992317 ) ) ;
#6128 = CARTESIAN_POINT ( 'NONE',  ( -1.905000000000000471, 0.3750000000000000000, -3.174999999999999822 ) ) ;
#6129 =( NAMED_UNIT ( * ) SI_UNIT ( $, .STERADIAN. ) SOLID_ANGLE_UNIT ( ) );
#6130 = DIRECTION ( 'NONE',  ( 0.000000000000000000, 0.000000000000000000, 1.000000000000000000 ) ) ;
#6131 = ADVANCED_FACE ( 'NONE', ( #3359 ), #4191, .T. ) ;
#6132 = ADVANCED_FACE ( 'NONE', ( #6759 ), #7484, .F. ) ;
#6133 = EDGE_CURVE ( 'NONE', #6966, #3473, #8206, .T. ) ;
#6134 = MECHANICAL_DESIGN_GEOMETRIC_PRESENTATION_REPRESENTATION (  '', ( #1695 ), #8986 ) ;
#6135 = SPHERICAL_SURFACE ( 'NONE', #8575, 0.3750000000000000000 ) ;
#6136 = ADVANCED_FACE ( 'NONE', ( #833 ), #11035, .T. ) ;
#6137 = ORIENTED_EDGE ( 'NONE', *, *, #891, .T. ) ;
#6138 = CARTESIAN_POINT ( 'NONE',  ( 3.362082869338697044, 0.6999999999999998446, -3.174999999999999822 ) ) ;
#6139 = ORIENTED_EDGE ( 'NONE', *, *, #10264, .F. ) ;
#6140 = AXIS2_PLACEMENT_3D ( 'NONE', #4725, #9006, #1377 ) ;
#6141 = CARTESIAN_POINT ( 'NONE',  ( -3.175000000000000711, 0.6999999999999999556, 3.175000000000000711 ) ) ;
#6142 = DIRECTION ( 'NONE',  ( -0.000000000000000000, 1.000000000000000000, -0.000000000000000000 ) ) ;
#6143 = MANIFOLD_SOLID_BREP ( 'LPattern1[46]', #10144 ) ;
#6144 = EDGE_LOOP ( 'NONE', ( #10035, #37, #310 ) ) ;
#6145 = CARTESIAN_POINT ( 'NONE',  ( -1.905000000000000471, 0.3750000000000000000, -5.714999999999999858 ) ) ;
#6146 = CARTESIAN_POINT ( 'NONE',  ( 0.6349999999999992317, 0.3750000000000000000, 6.985000000000001208 ) ) ;
#6147 = FACE_OUTER_BOUND ( 'NONE', #3901, .T. ) ;
#6148 = SURFACE_STYLE_USAGE ( .BOTH. , #5895 ) ;
#6149 = COLOUR_RGB ( '',0.7921568627450980005, 0.8196078431372548767, 0.9333333333333333481 ) ;
#6150 = ADVANCED_FACE ( 'NONE', ( #3257 ), #2452, .T. ) ;
#6151 = DIRECTION ( 'NONE',  ( -0.000000000000000000, 1.000000000000000000, -0.000000000000000000 ) ) ;
#6152 =( LENGTH_UNIT ( ) NAMED_UNIT ( * ) SI_UNIT ( .MILLI., .METRE. ) );
#6153 = FACE_OUTER_BOUND ( 'NONE', #1235, .T. ) ;
#6154 = CARTESIAN_POINT ( 'NONE',  ( 4.445000000000000284, 0.6999999999999998446, 0.6350000000000001199 ) ) ;
#6155 = MECHANICAL_DESIGN_GEOMETRIC_PRESENTATION_REPRESENTATION (  '', ( #3335 ), #10432 ) ;
#6156 = FACE_OUTER_BOUND ( 'NONE', #4997, .T. ) ;
#6157 = AXIS2_PLACEMENT_3D ( 'NONE', #8535, #2444, #1497 ) ;
#6158 = DIRECTION ( 'NONE',  ( 0.000000000000000000, 0.000000000000000000, -1.000000000000000000 ) ) ;
#6159 = PRESENTATION_STYLE_ASSIGNMENT (( #9539 ) ) ;
#6160 = EDGE_LOOP ( 'NONE', ( #9713, #7200, #7360 ) ) ;
#6161 = SPHERICAL_SURFACE ( 'NONE', #3158, 0.3750000000000000000 ) ;
#6162 = AXIS2_PLACEMENT_3D ( 'NONE', #1144, #1201, #8789 ) ;
#6163 = CARTESIAN_POINT ( 'NONE',  ( -0.4479171306613028425, 0.6999999999999998446, -5.714999999999999858 ) ) ;
#6164 = CARTESIAN_POINT ( 'NONE',  ( 5.715000000000000746, 0.3750000000000000000, 0.6350000000000001199 ) ) ;
#6165 = SURFACE_SIDE_STYLE ('',( #10469 ) ) ;
#6166 = ORIENTED_EDGE ( 'NONE', *, *, #7651, .F. ) ;
#6167 = MECHANICAL_DESIGN_GEOMETRIC_PRESENTATION_REPRESENTATION (  '', ( #7626 ), #1543 ) ;
#6168 =( GEOMETRIC_REPRESENTATION_CONTEXT ( 3 ) GLOBAL_UNCERTAINTY_ASSIGNED_CONTEXT ( ( #6770 ) ) GLOBAL_UNIT_ASSIGNED_CONTEXT ( ( #2313, #747, #6503 ) ) REPRESENTATION_CONTEXT ( 'NONE', 'WORKASPACE' ) );
#6169 = DIRECTION ( 'NONE',  ( 0.000000000000000000, -1.000000000000000000, 0.000000000000000000 ) ) ;
#6170 = EDGE_CURVE ( 'NONE', #713, #10191, #6975, .T. ) ;
#6171 = VERTEX_POINT ( 'NONE', #8435 ) ;
#6172 = MANIFOLD_SOLID_BREP ( 'LPattern1[37]', #4463 ) ;
#6173 = SPHERICAL_SURFACE ( 'NONE', #5354, 0.3750000000000000000 ) ;
#6174 = STYLED_ITEM ( 'NONE', ( #4542 ), #6922 ) ;
#6175 = VERTEX_POINT ( 'NONE', #4886 ) ;
#6176 = UNCERTAINTY_MEASURE_WITH_UNIT (LENGTH_MEASURE( 1.000000000000000082E-05 ), #10472, 'distance_accuracy_value', 'NONE');
#6177 = ORIENTED_EDGE ( 'NONE', *, *, #6310, .T. ) ;
#6178 = DIRECTION ( 'NONE',  ( 0.000000000000000000, 0.000000000000000000, 1.000000000000000000 ) ) ;
#6179 = DIRECTION ( 'NONE',  ( 0.000000000000000000, 0.000000000000000000, 1.000000000000000000 ) ) ;
#6180 = DIRECTION ( 'NONE',  ( 0.000000000000000000, -0.000000000000000000, -1.000000000000000000 ) ) ;
#6181 = EDGE_CURVE ( 'NONE', #10438, #7542, #9974, .T. ) ;
#6182 = CARTESIAN_POINT ( 'NONE',  ( 3.362082869338697044, 0.6999999999999998446, 6.985000000000001208 ) ) ;
#6183 = EDGE_CURVE ( 'NONE', #2748, #8317, #8409, .T. ) ;
#6184 = EDGE_CURVE ( 'NONE', #9522, #6422, #3244, .T. ) ;
#6185 = DIRECTION ( 'NONE',  ( 0.000000000000000000, 0.000000000000000000, 1.000000000000000000 ) ) ;
#6186 = DIRECTION ( 'NONE',  ( 1.000000000000000000, 0.000000000000000000, 0.000000000000000000 ) ) ;
#6187 = DIRECTION ( 'NONE',  ( 0.000000000000000000, -1.000000000000000000, 0.000000000000000000 ) ) ;
#6188 = MECHANICAL_DESIGN_GEOMETRIC_PRESENTATION_REPRESENTATION (  '', ( #4263 ), #10291 ) ;
#6189 = VERTEX_POINT ( 'NONE', #4054 ) ;
#6190 = CARTESIAN_POINT ( 'NONE',  ( 4.445000000000000284, 0.3750000000000000000, -6.985000000000000320 ) ) ;
#6191 = UNCERTAINTY_MEASURE_WITH_UNIT (LENGTH_MEASURE( 1.000000000000000082E-05 ), #4720, 'distance_accuracy_value', 'NONE');
#6192 = EDGE_LOOP ( 'NONE', ( #4884, #5834, #1206 ) ) ;
#6193 = CARTESIAN_POINT ( 'NONE',  ( 4.445000000000000284, 0.3750000000000000000, 5.715000000000001634 ) ) ;
#6194 = EDGE_CURVE ( 'NONE', #7690, #4579, #4652, .T. ) ;
#6195 = DIRECTION ( 'NONE',  ( 0.000000000000000000, 0.000000000000000000, -1.000000000000000000 ) ) ;
#6196 = MANIFOLD_SOLID_BREP ( 'LPattern1[7]', #4295 ) ;
#6197 = ORIENTED_EDGE ( 'NONE', *, *, #9038, .T. ) ;
#6198 = AXIS2_PLACEMENT_3D ( 'NONE', #7725, #10942, #11052 ) ;
#6199 = EDGE_CURVE ( 'NONE', #7441, #9013, #2155, .T. ) ;
#6200 = DIRECTION ( 'NONE',  ( 1.000000000000000000, 0.000000000000000000, 0.000000000000000000 ) ) ;
#6201 = CARTESIAN_POINT ( 'NONE',  ( -5.715000000000000746, 0.6999999999999998446, -3.174999999999999822 ) ) ;
#6202 = PRESENTATION_LAYER_ASSIGNMENT (  '', '', ( #4957 ) ) ;
#6203 =( LENGTH_UNIT ( ) NAMED_UNIT ( * ) SI_UNIT ( .MILLI., .METRE. ) );
#6204 = AXIS2_PLACEMENT_3D ( 'NONE', #5272, #8733, #3724 ) ;
#6205 = DIRECTION ( 'NONE',  ( -1.000000000000000000, 0.000000000000000000, 0.000000000000000000 ) ) ;
#6206 =( NAMED_UNIT ( * ) PLANE_ANGLE_UNIT ( ) SI_UNIT ( $, .RADIAN. ) );
#6207 = CLOSED_SHELL ( 'NONE', ( #9655, #5848, #10093 ) ) ;
#6208 = PLANE ( 'NONE',  #76 ) ;
#6209 = CARTESIAN_POINT ( 'NONE',  ( -3.175000000000000711, 0.000000000000000000, -3.174999999999999822 ) ) ;
#6210 = CARTESIAN_POINT ( 'NONE',  ( 3.362082869338697044, 0.6999999999999998446, 4.445000000000001172 ) ) ;
#6211 = ADVANCED_FACE ( 'NONE', ( #6508 ), #9881, .F. ) ;
#6212 = CIRCLE ( 'NONE', #8543, 0.3750000000000003331 ) ;
#6213 = DIRECTION ( 'NONE',  ( 0.000000000000000000, 0.000000000000000000, -1.000000000000000000 ) ) ;
#6214 = MANIFOLD_SOLID_BREP ( 'LPattern1[73]', #330 ) ;
#6215 = CLOSED_SHELL ( 'NONE', ( #4530, #7963, #8418 ) ) ;
#6216 = SURFACE_SIDE_STYLE ('',( #75 ) ) ;
#6217 = FILL_AREA_STYLE_COLOUR ( '', #1004 ) ;
#6218 = ORIENTED_EDGE ( 'NONE', *, *, #4183, .F. ) ;
#6219 = VERTEX_POINT ( 'NONE', #691 ) ;
#6220 = DIRECTION ( 'NONE',  ( 0.000000000000000000, 0.000000000000000000, -1.000000000000000000 ) ) ;
#6221 = DIRECTION ( 'NONE',  ( 0.000000000000000000, 0.000000000000000000, 1.000000000000000000 ) ) ;
#6222 = PRESENTATION_STYLE_ASSIGNMENT (( #2838 ) ) ;
#6223 = FILL_AREA_STYLE ('',( #8745 ) ) ;
#6224 = CLOSED_SHELL ( 'NONE', ( #9228, #1557, #803 ) ) ;
#6225 = CARTESIAN_POINT ( 'NONE',  ( 6.797917130661303098, 0.6999999999999998446, -5.714999999999999858 ) ) ;
#6226 = FACE_OUTER_BOUND ( 'NONE', #5149, .T. ) ;
#6227 = AXIS2_PLACEMENT_3D ( 'NONE', #6265, #9636, #5316 ) ;
#6228 = EDGE_LOOP ( 'NONE', ( #5415, #9380, #1841 ) ) ;
#6229 = CARTESIAN_POINT ( 'NONE',  ( 6.797917130661303098, 0.6999999999999998446, 3.175000000000000711 ) ) ;
#6230 = AXIS2_PLACEMENT_3D ( 'NONE', #6154, #123, #872 ) ;
#6231 = MANIFOLD_SOLID_BREP ( 'LPattern1[20]', #7120 ) ;
#6232 = CIRCLE ( 'NONE', #3755, 0.1870828693386972497 ) ;
#6233 = CARTESIAN_POINT ( 'NONE',  ( 4.257917130661303062, 0.6999999999999998446, 4.445000000000001172 ) ) ;
#6234 = VERTEX_POINT ( 'NONE', #3952 ) ;
#6235 = CARTESIAN_POINT ( 'NONE',  ( 0.8220828693386965647, 0.6999999999999998446, -4.444999999999999396 ) ) ;
#6236 = EDGE_LOOP ( 'NONE', ( #7390, #2624 ) ) ;
#6237 = CARTESIAN_POINT ( 'NONE',  ( -6.797917130661303098, 0.6999999999999998446, -0.6349999999999992317 ) ) ;
#6238 = CARTESIAN_POINT ( 'NONE',  ( -5.902082869338697968, 0.6999999999999998446, 1.905000000000000471 ) ) ;
#6239 = CIRCLE ( 'NONE', #5171, 0.3750000000000003331 ) ;
#6240 = CARTESIAN_POINT ( 'NONE',  ( 6.985000000000000320, 0.6999999999999999556, 5.715000000000001634 ) ) ;
#6241 = STYLED_ITEM ( 'NONE', ( #7378 ), #6039 ) ;
#6242 =( GEOMETRIC_REPRESENTATION_CONTEXT ( 3 ) GLOBAL_UNCERTAINTY_ASSIGNED_CONTEXT ( ( #255 ) ) GLOBAL_UNIT_ASSIGNED_CONTEXT ( ( #9689, #7904, #10567 ) ) REPRESENTATION_CONTEXT ( 'NONE', 'WORKASPACE' ) );
#6243 = AXIS2_PLACEMENT_3D ( 'NONE', #1750, #5820, #8518 ) ;
#6244 = FACE_OUTER_BOUND ( 'NONE', #1674, .T. ) ;
#6245 = SURFACE_SIDE_STYLE ('',( #2758 ) ) ;
#6246 = EDGE_CURVE ( 'NONE', #9014, #10518, #10352, .T. ) ;
#6247 = PRESENTATION_STYLE_ASSIGNMENT (( #2228 ) ) ;
#6248 = AXIS2_PLACEMENT_3D ( 'NONE', #5029, #8441, #4137 ) ;
#6249 = STYLED_ITEM ( 'NONE', ( #2562 ), #6305 ) ;
#6250 = DIRECTION ( 'NONE',  ( 0.000000000000000000, 0.000000000000000000, 1.000000000000000000 ) ) ;
#6251 = EDGE_CURVE ( 'NONE', #5962, #748, #9789, .T. ) ;
#6252 = EDGE_LOOP ( 'NONE', ( #8188, #10139, #9291 ) ) ;
#6253 = DIRECTION ( 'NONE',  ( 1.224646799147353207E-16, 0.000000000000000000, -1.000000000000000000 ) ) ;
#6254 = AXIS2_PLACEMENT_3D ( 'NONE', #10833, #1685, #3274 ) ;
#6255 = VERTEX_POINT ( 'NONE', #3178 ) ;
#6256 = PLANE ( 'NONE',  #8736 ) ;
#6257 = CARTESIAN_POINT ( 'NONE',  ( -6.985000000000000320, 0.6999999999999999556, 4.445000000000001172 ) ) ;
#6258 = MANIFOLD_SOLID_BREP ( 'LPattern1[75]', #4095 ) ;
#6259 = ORIENTED_EDGE ( 'NONE', *, *, #4516, .F. ) ;
#6260 = PRESENTATION_STYLE_ASSIGNMENT (( #7892 ) ) ;
#6261 = DIRECTION ( 'NONE',  ( 1.000000000000000000, 0.000000000000000000, 0.000000000000000000 ) ) ;
#6262 = SPHERICAL_SURFACE ( 'NONE', #9371, 0.3750000000000000000 ) ;
#6263 = DIRECTION ( 'NONE',  ( 0.000000000000000000, 0.000000000000000000, 1.000000000000000000 ) ) ;
#6264 = STYLED_ITEM ( 'NONE', ( #7113 ), #2929 ) ;
#6265 = CARTESIAN_POINT ( 'NONE',  ( -1.905000000000000471, 0.3750000000000000000, 1.905000000000000471 ) ) ;
#6266 = ADVANCED_FACE ( 'NONE', ( #6513 ), #6745, .T. ) ;
#6267 = EDGE_CURVE ( 'NONE', #7440, #5562, #7348, .T. ) ;
#6268 =( NAMED_UNIT ( * ) PLANE_ANGLE_UNIT ( ) SI_UNIT ( $, .RADIAN. ) );
#6269 = DIRECTION ( 'NONE',  ( 0.000000000000000000, -0.000000000000000000, -1.000000000000000000 ) ) ;
#6270 = CARTESIAN_POINT ( 'NONE',  ( -6.985000000000000320, 0.6999999999999998446, 4.445000000000001172 ) ) ;
#6271 = CARTESIAN_POINT ( 'NONE',  ( 5.715000000000000746, 0.3750000000000000000, -5.714999999999999858 ) ) ;
#6272 = CIRCLE ( 'NONE', #1825, 0.3750000000000003331 ) ;
#6273 = DIRECTION ( 'NONE',  ( 0.000000000000000000, 0.000000000000000000, 1.000000000000000000 ) ) ;
#6274 = MANIFOLD_SOLID_BREP ( 'LPattern1[122]', #2857 ) ;
#6275 = AXIS2_PLACEMENT_3D ( 'NONE', #3916, #1466, #6425 ) ;
#6276 = EDGE_LOOP ( 'NONE', ( #5959, #4744 ) ) ;
#6277 = VERTEX_POINT ( 'NONE', #5953 ) ;
#6278 = DIRECTION ( 'NONE',  ( 0.000000000000000000, -0.000000000000000000, -1.000000000000000000 ) ) ;
#6279 = DIRECTION ( 'NONE',  ( -0.000000000000000000, 1.000000000000000000, -0.000000000000000000 ) ) ;
#6280 = AXIS2_PLACEMENT_3D ( 'NONE', #3000, #9060, #2321 ) ;
#6281 = DIRECTION ( 'NONE',  ( 0.000000000000000000, 0.000000000000000000, 1.000000000000000000 ) ) ;
#6282 = APPLICATION_CONTEXT ( 'automotive_design' ) ;
#6283 = SPHERICAL_SURFACE ( 'NONE', #9907, 0.3750000000000000000 ) ;
#6284 = DIRECTION ( 'NONE',  ( 0.000000000000000000, 0.000000000000000000, 1.000000000000000000 ) ) ;
#6285 = CIRCLE ( 'NONE', #5569, 0.5999999999999998668 ) ;
#6286 = AXIS2_PLACEMENT_3D ( 'NONE', #4787, #8190, #530 ) ;
#6287 = EDGE_LOOP ( 'NONE', ( #7124, #9430 ) ) ;
#6288 = AXIS2_PLACEMENT_3D ( 'NONE', #5426, #4448, #7848 ) ;
#6289 = MANIFOLD_SOLID_BREP ( 'LPattern1[102]', #1228 ) ;
#6290 = EDGE_LOOP ( 'NONE', ( #1781, #4380, #6036 ) ) ;
#6291 = DIRECTION ( 'NONE',  ( 1.000000000000000000, 0.000000000000000000, 0.000000000000000000 ) ) ;
#6292 = EDGE_LOOP ( 'NONE', ( #2346, #10909, #2783 ) ) ;
#6293 = ORIENTED_EDGE ( 'NONE', *, *, #732, .T. ) ;
#6294 = DIRECTION ( 'NONE',  ( 1.000000000000000000, 0.000000000000000000, 0.000000000000000000 ) ) ;
#6295 = PRESENTATION_STYLE_ASSIGNMENT (( #8760 ) ) ;
#6296 = DIRECTION ( 'NONE',  ( 0.000000000000000000, 0.000000000000000000, 1.000000000000000000 ) ) ;
#6297 = CARTESIAN_POINT ( 'NONE',  ( 6.985000000000000320, 0.6999999999999999556, -6.985000000000000320 ) ) ;
#6298 = CARTESIAN_POINT ( 'NONE',  ( 2.092082869338697027, 0.6999999999999998446, -0.6349999999999992317 ) ) ;
#6299 = DIRECTION ( 'NONE',  ( 1.000000000000000000, 0.000000000000000000, 0.000000000000000000 ) ) ;
#6300 = EDGE_LOOP ( 'NONE', ( #1562, #10837, #5943 ) ) ;
#6301 = PLANE ( 'NONE',  #8488 ) ;
#6302 = UNCERTAINTY_MEASURE_WITH_UNIT (LENGTH_MEASURE( 1.000000000000000082E-05 ), #9958, 'distance_accuracy_value', 'NONE');
#6303 = VERTEX_POINT ( 'NONE', #335 ) ;
#6304 = PLANE ( 'NONE',  #7351 ) ;
#6305 = MANIFOLD_SOLID_BREP ( 'LPattern1[13]', #9570 ) ;
#6306 = EDGE_LOOP ( 'NONE', ( #9130, #10310, #2461 ) ) ;
#6307 = SURFACE_SIDE_STYLE ('',( #1131 ) ) ;
#6308 = CARTESIAN_POINT ( 'NONE',  ( 5.715000000000000746, 0.6999999999999999556, -6.985000000000000320 ) ) ;
#6309 = DIRECTION ( 'NONE',  ( 0.000000000000000000, 0.000000000000000000, 1.000000000000000000 ) ) ;
#6310 = EDGE_CURVE ( 'NONE', #4370, #7047, #3256, .T. ) ;
#6311 = DIRECTION ( 'NONE',  ( -0.000000000000000000, 1.000000000000000000, -0.000000000000000000 ) ) ;
#6312 = MECHANICAL_DESIGN_GEOMETRIC_PRESENTATION_REPRESENTATION (  '', ( #5602 ), #2034 ) ;
#6313 = EDGE_CURVE ( 'NONE', #7519, #1448, #6984, .T. ) ;
#6314 = DIRECTION ( 'NONE',  ( 0.000000000000000000, 0.000000000000000000, 1.000000000000000000 ) ) ;
#6315 = CIRCLE ( 'NONE', #7763, 0.1870828693386972497 ) ;
#6316 = CARTESIAN_POINT ( 'NONE',  ( 1.904999999999999583, 0.6999999999999998446, 4.445000000000001172 ) ) ;
#6317 = DIRECTION ( 'NONE',  ( -0.000000000000000000, 1.000000000000000000, -0.000000000000000000 ) ) ;
#6318 = DIRECTION ( 'NONE',  ( 1.000000000000000000, 0.000000000000000000, 0.000000000000000000 ) ) ;
#6319 = COLOUR_RGB ( '',0.7921568627450980005, 0.8196078431372548767, 0.9333333333333333481 ) ;
#6320 = CARTESIAN_POINT ( 'NONE',  ( -5.527917130661303524, 0.6999999999999998446, -5.714999999999999858 ) ) ;
#6321 = CARTESIAN_POINT ( 'NONE',  ( 3.174999999999999822, 0.000000000000000000, 4.445000000000001172 ) ) ;
#6322 = DIRECTION ( 'NONE',  ( -1.000000000000000000, -0.000000000000000000, -0.000000000000000000 ) ) ;
#6324 = EDGE_CURVE ( 'NONE', #8981, #5815, #3439, .T. ) ;
#6323 = PRESENTATION_LAYER_ASSIGNMENT (  '', '', ( #8294 ) ) ;
#6325 = EDGE_CURVE ( 'NONE', #6480, #6189, #10538, .T. ) ;
#6326 = MANIFOLD_SOLID_BREP ( 'LPattern1[25]', #6581 ) ;
#6327 = FILL_AREA_STYLE_COLOUR ( '', #8859 ) ;
#6328 = DIRECTION ( 'NONE',  ( 0.000000000000000000, -0.000000000000000000, -1.000000000000000000 ) ) ;
#6329 = EDGE_LOOP ( 'NONE', ( #2212, #5968, #5737, #10807 ) ) ;
#6330 = ORIENTED_EDGE ( 'NONE', *, *, #7560, .F. ) ;
#6331 = CARTESIAN_POINT ( 'NONE',  ( -0.6350000000000001199, 0.6999999999999999556, 3.175000000000000711 ) ) ;
#6332 = VERTEX_POINT ( 'NONE', #5645 ) ;
#6333 = PRESENTATION_LAYER_ASSIGNMENT (  '', '', ( #4914 ) ) ;
#6334 = AXIS2_PLACEMENT_3D ( 'NONE', #362, #7306, #5444 ) ;
#6335 = DIRECTION ( 'NONE',  ( 1.000000000000000000, 0.000000000000000000, -0.000000000000000000 ) ) ;
#6336 = EDGE_CURVE ( 'NONE', #7467, #9108, #8936, .T. ) ;
#6337 = DIRECTION ( 'NONE',  ( -0.000000000000000000, 1.000000000000000000, -0.000000000000000000 ) ) ;
#6338 = VECTOR ( 'NONE', #1985, 1000.000000000000000 ) ;
#6339 = DIRECTION ( 'NONE',  ( 1.000000000000000000, 0.000000000000000000, 0.000000000000000000 ) ) ;
#6340 = EDGE_CURVE ( 'NONE', #655, #3292, #7172, .T. ) ;
#6341 = VERTEX_POINT ( 'NONE', #9679 ) ;
#6342 = DIRECTION ( 'NONE',  ( 0.000000000000000000, -1.000000000000000000, 0.000000000000000000 ) ) ;
#6343 = MANIFOLD_SOLID_BREP ( 'LPattern1[91]', #7303 ) ;
#6344 = ORIENTED_EDGE ( 'NONE', *, *, #1545, .T. ) ;
#6345 = DIRECTION ( 'NONE',  ( 1.000000000000000000, 0.000000000000000000, 0.000000000000000000 ) ) ;
#6346 =( GEOMETRIC_REPRESENTATION_CONTEXT ( 3 ) GLOBAL_UNCERTAINTY_ASSIGNED_CONTEXT ( ( #3528 ) ) GLOBAL_UNIT_ASSIGNED_CONTEXT ( ( #1296, #4540, #4706 ) ) REPRESENTATION_CONTEXT ( 'NONE', 'WORKASPACE' ) );
#6347 = SURFACE_SIDE_STYLE ('',( #2958 ) ) ;
#6348 = SURFACE_STYLE_FILL_AREA ( #5403 ) ;
#6349 = EDGE_LOOP ( 'NONE', ( #2955, #7386, #1936 ) ) ;
#6350 = PRESENTATION_LAYER_ASSIGNMENT (  '', '', ( #9180 ) ) ;
#6351 = CARTESIAN_POINT ( 'NONE',  ( -3.175000000000000711, 0.6999999999999998446, 4.445000000000001172 ) ) ;
#6352 = SURFACE_SIDE_STYLE ('',( #5241 ) ) ;
#6353 = EDGE_CURVE ( 'NONE', #7755, #4591, #9611, .T. ) ;
#6354 = DIRECTION ( 'NONE',  ( 1.000000000000000000, 0.000000000000000000, 0.000000000000000000 ) ) ;
#6355 =( NAMED_UNIT ( * ) PLANE_ANGLE_UNIT ( ) SI_UNIT ( $, .RADIAN. ) );
#6356 = AXIS2_PLACEMENT_3D ( 'NONE', #4029, #4089, #662 ) ;
#6357 = SURFACE_STYLE_FILL_AREA ( #3910 ) ;
#6358 = CARTESIAN_POINT ( 'NONE',  ( 5.715000000000000746, 0.3750000000000000000, 0.6350000000000001199 ) ) ;
#6359 = VERTEX_POINT ( 'NONE', #3826 ) ;
#6360 =( NAMED_UNIT ( * ) PLANE_ANGLE_UNIT ( ) SI_UNIT ( $, .RADIAN. ) );
#6361 = EDGE_LOOP ( 'NONE', ( #8660, #6891, #1566 ) ) ;
#6362 = AXIS2_PLACEMENT_3D ( 'NONE', #8889, #5383, #404 ) ;
#6363 = DIRECTION ( 'NONE',  ( -1.000000000000000000, 0.000000000000000000, 0.000000000000000000 ) ) ;
#6364 = DIRECTION ( 'NONE',  ( 0.000000000000000000, 0.000000000000000000, -1.000000000000000000 ) ) ;
#6365 = MANIFOLD_SOLID_BREP ( 'LPattern1[77]', #10498 ) ;
#6366 = EDGE_LOOP ( 'NONE', ( #928, #2168, #10766 ) ) ;
#6367 = SURFACE_STYLE_FILL_AREA ( #2123 ) ;
#6368 = AXIS2_PLACEMENT_3D ( 'NONE', #3433, #2296, #7923 ) ;
#6369 = FACE_OUTER_BOUND ( 'NONE', #4717, .T. ) ;
#6370 = CARTESIAN_POINT ( 'NONE',  ( -6.797917130661303098, 0.6999999999999998446, 0.6350000000000001199 ) ) ;
#6371 = DIRECTION ( 'NONE',  ( -0.000000000000000000, 1.000000000000000000, -0.000000000000000000 ) ) ;
#6372 =( GEOMETRIC_REPRESENTATION_CONTEXT ( 3 ) GLOBAL_UNCERTAINTY_ASSIGNED_CONTEXT ( ( #829 ) ) GLOBAL_UNIT_ASSIGNED_CONTEXT ( ( #10903, #9204, #10178 ) ) REPRESENTATION_CONTEXT ( 'NONE', 'WORKASPACE' ) );
#6373 = ADVANCED_FACE ( 'NONE', ( #4271 ), #10042, .T. ) ;
#6374 = DIRECTION ( 'NONE',  ( 1.000000000000000000, 0.000000000000000000, 0.000000000000000000 ) ) ;
#6375 = COLOUR_RGB ( '',0.7921568627450980005, 0.8196078431372548767, 0.9333333333333333481 ) ;
#6376 = SURFACE_STYLE_USAGE ( .BOTH. , #4501 ) ;
#6377 = CARTESIAN_POINT ( 'NONE',  ( -2.987917130661303489, 0.6999999999999998446, 4.445000000000001172 ) ) ;
#6378 = MECHANICAL_DESIGN_GEOMETRIC_PRESENTATION_REPRESENTATION (  '', ( #6758 ), #674 ) ;
#6379 = FACE_OUTER_BOUND ( 'NONE', #1402, .T. ) ;
#6380 = CARTESIAN_POINT ( 'NONE',  ( -4.445000000000001172, 0.3750000000000000000, 4.445000000000001172 ) ) ;
#6381 = MANIFOLD_SOLID_BREP ( 'LPattern1[86]', #6041 ) ;
#6382 = CIRCLE ( 'NONE', #10664, 0.3749999999999998890 ) ;
#6383 = EDGE_CURVE ( 'NONE', #9589, #5914, #9997, .T. ) ;
#6384 = ORIENTED_EDGE ( 'NONE', *, *, #9925, .T. ) ;
#6385 = ORIENTED_EDGE ( 'NONE', *, *, #8726, .T. ) ;
#6386 =( LENGTH_UNIT ( ) NAMED_UNIT ( * ) SI_UNIT ( .MILLI., .METRE. ) );
#6387 = STYLED_ITEM ( 'NONE', ( #7201 ), #10585 ) ;
#6388 = DIRECTION ( 'NONE',  ( 0.000000000000000000, 0.000000000000000000, -1.000000000000000000 ) ) ;
#6389 = DIRECTION ( 'NONE',  ( 0.000000000000000000, 0.000000000000000000, 1.000000000000000000 ) ) ;
#6390 = EDGE_CURVE ( 'NONE', #1783, #10892, #5200, .T. ) ;
#6391 = EDGE_LOOP ( 'NONE', ( #525, #10252, #1741 ) ) ;
#6392 =( NAMED_UNIT ( * ) SI_UNIT ( $, .STERADIAN. ) SOLID_ANGLE_UNIT ( ) );
#6393 = FACE_OUTER_BOUND ( 'NONE', #6287, .T. ) ;
#6394 = CIRCLE ( 'NONE', #10670, 0.3750000000000003331 ) ;
#6395 = AXIS2_PLACEMENT_3D ( 'NONE', #2592, #9256, #1689 ) ;
#6396 = DIRECTION ( 'NONE',  ( 1.224646799147353207E-16, 0.000000000000000000, -1.000000000000000000 ) ) ;
#6397 = SURFACE_STYLE_FILL_AREA ( #415 ) ;
#6398 = DIRECTION ( 'NONE',  ( 0.000000000000000000, 0.000000000000000000, 1.000000000000000000 ) ) ;
#6399 = MANIFOLD_SOLID_BREP ( 'LPattern1[98]', #9063 ) ;
#6400 = VERTEX_POINT ( 'NONE', #791 ) ;
#6401 = CLOSED_SHELL ( 'NONE', ( #3686, #5770, #3766, #1385, #1067, #10012 ) ) ;
#6402 = FACE_OUTER_BOUND ( 'NONE', #4679, .T. ) ;
#6403 = EDGE_CURVE ( 'NONE', #431, #6878, #1648, .T. ) ;
#6404 = ORIENTED_EDGE ( 'NONE', *, *, #7560, .T. ) ;
#6405 = ADVANCED_FACE ( 'NONE', ( #2357 ), #4924, .T. ) ;
#6406 = UNCERTAINTY_MEASURE_WITH_UNIT (LENGTH_MEASURE( 1.000000000000000082E-05 ), #4883, 'distance_accuracy_value', 'NONE');
#6407 = ORIENTED_EDGE ( 'NONE', *, *, #1280, .T. ) ;
#6408 = DIRECTION ( 'NONE',  ( 0.000000000000000000, 0.000000000000000000, 1.000000000000000000 ) ) ;
#6409 = SPHERICAL_SURFACE ( 'NONE', #5898, 0.3750000000000000000 ) ;
#6410 = CIRCLE ( 'NONE', #10152, 0.1870828693386972497 ) ;
#6411 = DIRECTION ( 'NONE',  ( 0.000000000000000000, 0.000000000000000000, 1.000000000000000000 ) ) ;
#6412 = DIRECTION ( 'NONE',  ( 0.000000000000000000, 0.000000000000000000, 1.000000000000000000 ) ) ;
#6413 = AXIS2_PLACEMENT_3D ( 'NONE', #10494, #6481, #9916 ) ;
#6414 = AXIS2_PLACEMENT_3D ( 'NONE', #7019, #1920, #2078 ) ;
#6415 = DIRECTION ( 'NONE',  ( 1.000000000000000000, 0.000000000000000000, 0.000000000000000000 ) ) ;
#6416 = CARTESIAN_POINT ( 'NONE',  ( -0.4479171306613028425, 0.6999999999999998446, -0.6349999999999992317 ) ) ;
#6417 = ADVANCED_FACE ( 'NONE', ( #9144 ), #7729, .T. ) ;
#6418 = ORIENTED_EDGE ( 'NONE', *, *, #6697, .F. ) ;
#6419 = SPHERICAL_SURFACE ( 'NONE', #10246, 0.3750000000000000000 ) ;
#6420 = CIRCLE ( 'NONE', #1612, 0.1870828693386972497 ) ;
#6421 = UNCERTAINTY_MEASURE_WITH_UNIT (LENGTH_MEASURE( 1.000000000000000082E-05 ), #8137, 'distance_accuracy_value', 'NONE');
#6422 = VERTEX_POINT ( 'NONE', #1172 ) ;
#6423 = CARTESIAN_POINT ( 'NONE',  ( -4.445000000000001172, 0.3750000000000000000, 0.6350000000000001199 ) ) ;
#6424 = AXIS2_PLACEMENT_3D ( 'NONE', #7528, #10912, #10747 ) ;
#6425 = DIRECTION ( 'NONE',  ( 0.000000000000000000, -0.000000000000000000, -1.000000000000000000 ) ) ;
#6426 = MANIFOLD_SOLID_BREP ( 'LPattern1[71]', #2489 ) ;
#6427 = ORIENTED_EDGE ( 'NONE', *, *, #3150, .F. ) ;
#6428 = AXIS2_PLACEMENT_3D ( 'NONE', #558, #6309, #4709 ) ;
#6429 = SPHERICAL_SURFACE ( 'NONE', #8670, 0.3750000000000000000 ) ;
#6430 = DIRECTION ( 'NONE',  ( 0.000000000000000000, 0.000000000000000000, -1.000000000000000000 ) ) ;
#6431 = CARTESIAN_POINT ( 'NONE',  ( -6.985000000000000320, 0.6999999999999998446, -1.904999999999999583 ) ) ;
#6432 = CARTESIAN_POINT ( 'NONE',  ( 5.715000000000000746, 0.000000000000000000, -3.174999999999999822 ) ) ;
#6433 =( NAMED_UNIT ( * ) SI_UNIT ( $, .STERADIAN. ) SOLID_ANGLE_UNIT ( ) );
#6434 = CIRCLE ( 'NONE', #7866, 0.3750000000000003331 ) ;
#6435 = COLOUR_RGB ( '',0.7921568627450980005, 0.8196078431372548767, 0.9333333333333333481 ) ;
#6436 = CIRCLE ( 'NONE', #8220, 0.1870828693386972497 ) ;
#6437 = DIRECTION ( 'NONE',  ( 0.000000000000000000, 0.000000000000000000, 1.000000000000000000 ) ) ;
#6438 = PLANE ( 'NONE',  #9149 ) ;
#6439 = DIRECTION ( 'NONE',  ( 0.000000000000000000, 0.000000000000000000, 1.000000000000000000 ) ) ;
#6440 = AXIS2_PLACEMENT_3D ( 'NONE', #6464, #2220, #8962 ) ;
#6441 = SURFACE_STYLE_FILL_AREA ( #7285 ) ;
#6442 = DIRECTION ( 'NONE',  ( 0.000000000000000000, 0.000000000000000000, 1.000000000000000000 ) ) ;
#6443 = AXIS2_PLACEMENT_3D ( 'NONE', #3268, #720, #5090 ) ;
#6444 = CARTESIAN_POINT ( 'NONE',  ( 1.904999999999999583, 0.6999999999999999556, -0.6349999999999992317 ) ) ;
#6445 = COLOUR_RGB ( '',0.7921568627450980005, 0.8196078431372548767, 0.9333333333333333481 ) ;
#6446 = MANIFOLD_SOLID_BREP ( 'LPattern1[95]', #6224 ) ;
#6447 = CARTESIAN_POINT ( 'NONE',  ( 5.715000000000000746, 0.000000000000000000, -6.985000000000000320 ) ) ;
#6448 = ORIENTED_EDGE ( 'NONE', *, *, #2989, .T. ) ;
#6449 = VERTEX_POINT ( 'NONE', #1010 ) ;
#6450 = CARTESIAN_POINT ( 'NONE',  ( 3.174999999999999822, 0.000000000000000000, 1.905000000000000471 ) ) ;
#6451 = CARTESIAN_POINT ( 'NONE',  ( 4.445000000000000284, 0.3750000000000000000, 4.445000000000001172 ) ) ;
#6452 = DIRECTION ( 'NONE',  ( -1.000000000000000000, 0.000000000000000000, 0.000000000000000000 ) ) ;
#6453 = ORIENTED_EDGE ( 'NONE', *, *, #10620, .F. ) ;
#6454 = PLANE ( 'NONE',  #38 ) ;
#6455 = CARTESIAN_POINT ( 'NONE',  ( -4.445000000000001172, 0.3750000000000000000, -6.985000000000000320 ) ) ;
#6456 = CARTESIAN_POINT ( 'NONE',  ( -0.6350000000000001199, 0.3750000000000000000, 3.175000000000000711 ) ) ;
#6457 =( NAMED_UNIT ( * ) PLANE_ANGLE_UNIT ( ) SI_UNIT ( $, .RADIAN. ) );
#6458 = AXIS2_PLACEMENT_3D ( 'NONE', #148, #5295, #258 ) ;
#6459 = EDGE_CURVE ( 'NONE', #1813, #7440, #7231, .T. ) ;
#6460 = SURFACE_STYLE_USAGE ( .BOTH. , #1214 ) ;
#6461 = MECHANICAL_DESIGN_GEOMETRIC_PRESENTATION_REPRESENTATION (  '', ( #1658 ), #7009 ) ;
#6462 = MANIFOLD_SOLID_BREP ( 'LPattern1[92]', #9402 ) ;
#6463 = ORIENTED_EDGE ( 'NONE', *, *, #1655, .T. ) ;
#6464 = CARTESIAN_POINT ( 'NONE',  ( 4.445000000000000284, 0.3750000000000000000, 6.985000000000001208 ) ) ;
#6465 =( LENGTH_UNIT ( ) NAMED_UNIT ( * ) SI_UNIT ( .MILLI., .METRE. ) );
#6466 = CIRCLE ( 'NONE', #6846, 0.1870828693386972497 ) ;
#6467 = ORIENTED_EDGE ( 'NONE', *, *, #9683, .F. ) ;
#6468 = DIRECTION ( 'NONE',  ( 0.000000000000000000, -1.000000000000000000, 0.000000000000000000 ) ) ;
#6469 = DIRECTION ( 'NONE',  ( 1.000000000000000000, 0.000000000000000000, 0.000000000000000000 ) ) ;
#6470 = CIRCLE ( 'NONE', #3634, 0.1870828693386972497 ) ;
#6471 = COLOUR_RGB ( '',0.7921568627450980005, 0.8196078431372548767, 0.9333333333333333481 ) ;
#6472 = CARTESIAN_POINT ( 'NONE',  ( -0.6350000000000001199, 0.3750000000000000000, -1.904999999999999583 ) ) ;
#6473 = ADVANCED_FACE ( 'NONE', ( #6474 ), #9558, .F. ) ;
#6474 = FACE_OUTER_BOUND ( 'NONE', #8539, .T. ) ;
#6475 = CIRCLE ( 'NONE', #9644, 0.3750000000000000000 ) ;
#6476 = DIRECTION ( 'NONE',  ( 0.000000000000000000, 0.000000000000000000, -1.000000000000000000 ) ) ;
#6477 = ORIENTED_EDGE ( 'NONE', *, *, #7921, .F. ) ;
#6478 = FILL_AREA_STYLE ('',( #1400 ) ) ;
#6479 = AXIS2_PLACEMENT_3D ( 'NONE', #7194, #10581, #6335 ) ;
#6480 = VERTEX_POINT ( 'NONE', #318 ) ;
#6481 = DIRECTION ( 'NONE',  ( 0.000000000000000000, 0.000000000000000000, 1.000000000000000000 ) ) ;
#6482 = DIRECTION ( 'NONE',  ( 1.000000000000000000, 0.000000000000000000, 0.000000000000000000 ) ) ;
#6483 = MANIFOLD_SOLID_BREP ( 'LPattern1[41]', #8375 ) ;
#6484 = ORIENTED_EDGE ( 'NONE', *, *, #1029, .T. ) ;
#6485 =( LENGTH_UNIT ( ) NAMED_UNIT ( * ) SI_UNIT ( .MILLI., .METRE. ) );
#6486 = CIRCLE ( 'NONE', #4508, 0.3749999999999998890 ) ;
#6487 = DIRECTION ( 'NONE',  ( 0.000000000000000000, 0.000000000000000000, 1.000000000000000000 ) ) ;
#6488 = ADVANCED_FACE ( 'NONE', ( #9725 ), #2967, .T. ) ;
#6489 = SPHERICAL_SURFACE ( 'NONE', #347, 0.3750000000000000000 ) ;
#6490 = ADVANCED_FACE ( 'NONE', ( #10762 ), #3139, .F. ) ;
#6491 = EDGE_CURVE ( 'NONE', #9624, #4858, #10602, .T. ) ;
#6492 = CARTESIAN_POINT ( 'NONE',  ( -6.985000000000000320, 0.3750000000000000000, 5.715000000000001634 ) ) ;
#6493 = FILL_AREA_STYLE_COLOUR ( '', #6319 ) ;
#6494 = CARTESIAN_POINT ( 'NONE',  ( 0.6349999999999992317, 0.3750000000000000000, 4.445000000000001172 ) ) ;
#6495 =( NAMED_UNIT ( * ) PLANE_ANGLE_UNIT ( ) SI_UNIT ( $, .RADIAN. ) );
#6496 = DIRECTION ( 'NONE',  ( 0.000000000000000000, -1.000000000000000000, 0.000000000000000000 ) ) ;
#6497 = CARTESIAN_POINT ( 'NONE',  ( -3.175000000000000711, 0.3750000000000000000, -0.6349999999999992317 ) ) ;
#6498 = EDGE_CURVE ( 'NONE', #3245, #5337, #4552, .T. ) ;
#6499 = MANIFOLD_SOLID_BREP ( 'LPattern1[63]', #9230 ) ;
#6500 = EDGE_CURVE ( 'NONE', #10250, #9108, #434, .T. ) ;
#6501 = CIRCLE ( 'NONE', #9334, 0.3749999999999998890 ) ;
#6502 = DIRECTION ( 'NONE',  ( -0.000000000000000000, 1.000000000000000000, -0.000000000000000000 ) ) ;
#6503 =( NAMED_UNIT ( * ) SI_UNIT ( $, .STERADIAN. ) SOLID_ANGLE_UNIT ( ) );
#6504 = ORIENTED_EDGE ( 'NONE', *, *, #5812, .F. ) ;
#6505 = ORIENTED_EDGE ( 'NONE', *, *, #10087, .T. ) ;
#6506 = COLOUR_RGB ( '',0.7921568627450980005, 0.8196078431372548767, 0.9333333333333333481 ) ;
#6507 = DIRECTION ( 'NONE',  ( 1.000000000000000000, 0.000000000000000000, 0.000000000000000000 ) ) ;
#6508 = FACE_OUTER_BOUND ( 'NONE', #7377, .T. ) ;
#6509 = EDGE_LOOP ( 'NONE', ( #6561, #560, #5343 ) ) ;
#6510 = DIRECTION ( 'NONE',  ( 0.000000000000000000, 0.000000000000000000, -1.000000000000000000 ) ) ;
#6511 =( GEOMETRIC_REPRESENTATION_CONTEXT ( 3 ) GLOBAL_UNCERTAINTY_ASSIGNED_CONTEXT ( ( #10421 ) ) GLOBAL_UNIT_ASSIGNED_CONTEXT ( ( #10929, #4133, #6760 ) ) REPRESENTATION_CONTEXT ( 'NONE', 'WORKASPACE' ) );
#6512 = FACE_OUTER_BOUND ( 'NONE', #9474, .T. ) ;
#6513 = FACE_OUTER_BOUND ( 'NONE', #217, .T. ) ;
#6514 = AXIS2_PLACEMENT_3D ( 'NONE', #7267, #1234, #5520 ) ;
#6515 = DIRECTION ( 'NONE',  ( 0.000000000000000000, -0.000000000000000000, -1.000000000000000000 ) ) ;
#6516 =( GEOMETRIC_REPRESENTATION_CONTEXT ( 3 ) GLOBAL_UNCERTAINTY_ASSIGNED_CONTEXT ( ( #4079 ) ) GLOBAL_UNIT_ASSIGNED_CONTEXT ( ( #4567, #7135, #693 ) ) REPRESENTATION_CONTEXT ( 'NONE', 'WORKASPACE' ) );
#6517 = MANIFOLD_SOLID_BREP ( 'LPattern1[5]', #8011 ) ;
#6518 = VERTEX_POINT ( 'NONE', #2455 ) ;
#6519 = DIRECTION ( 'NONE',  ( 0.000000000000000000, 0.000000000000000000, -1.000000000000000000 ) ) ;
#6520 = ORIENTED_EDGE ( 'NONE', *, *, #2656, .F. ) ;
#6521 = EDGE_LOOP ( 'NONE', ( #3445, #6463, #421 ) ) ;
#6522 = ORIENTED_EDGE ( 'NONE', *, *, #8649, .T. ) ;
#6523 = VECTOR ( 'NONE', #1937, 1000.000000000000000 ) ;
#6524 = CARTESIAN_POINT ( 'NONE',  ( 0.6349999999999992317, 0.3750000000000000000, 3.175000000000000711 ) ) ;
#6525 = FILL_AREA_STYLE_COLOUR ( '', #6149 ) ;
#6526 = FILL_AREA_STYLE ('',( #5628 ) ) ;
#6527 = AXIS2_PLACEMENT_3D ( 'NONE', #9120, #6812, #4244 ) ;
#6528 = ORIENTED_EDGE ( 'NONE', *, *, #1725, .T. ) ;
#6529 = DIRECTION ( 'NONE',  ( 1.000000000000000000, 0.000000000000000000, 0.000000000000000000 ) ) ;
#6530 = STYLED_ITEM ( 'NONE', ( #10179 ), #6865 ) ;
#6531 = EDGE_LOOP ( 'NONE', ( #9184, #9764, #6818 ) ) ;
#6532 =( LENGTH_UNIT ( ) NAMED_UNIT ( * ) SI_UNIT ( .MILLI., .METRE. ) );
#6533 = UNCERTAINTY_MEASURE_WITH_UNIT (LENGTH_MEASURE( 1.000000000000000082E-05 ), #4064, 'distance_accuracy_value', 'NONE');
#6534 = ORIENTED_EDGE ( 'NONE', *, *, #10071, .F. ) ;
#6535 = EDGE_CURVE ( 'NONE', #7542, #10438, #9343, .T. ) ;
#6536 = DIRECTION ( 'NONE',  ( 0.000000000000000000, 0.000000000000000000, -1.000000000000000000 ) ) ;
#6537 = EDGE_CURVE ( 'NONE', #10401, #11029, #1157, .T. ) ;
#6538 = EDGE_CURVE ( 'NONE', #204, #7031, #8995, .T. ) ;
#6539 = DIRECTION ( 'NONE',  ( 1.224646799147353207E-16, 0.000000000000000000, -1.000000000000000000 ) ) ;
#6540 = MANIFOLD_SOLID_BREP ( 'LPattern1[26]', #7114 ) ;
#6541 = ORIENTED_EDGE ( 'NONE', *, *, #6010, .F. ) ;
#6542 = FILL_AREA_STYLE_COLOUR ( '', #5449 ) ;
#6543 = CARTESIAN_POINT ( 'NONE',  ( 6.985000000000000320, 0.3750000000000000000, 5.715000000000001634 ) ) ;
#6544 = CARTESIAN_POINT ( 'NONE',  ( 7.172082869338698430, 0.6999999999999998446, -3.174999999999999822 ) ) ;
#6545 = CARTESIAN_POINT ( 'NONE',  ( 0.6349999999999992317, 0.6999999999999998446, -1.904999999999999583 ) ) ;
#6546 = AXIS2_PLACEMENT_3D ( 'NONE', #9035, #3824, #8107 ) ;
#6547 = CARTESIAN_POINT ( 'NONE',  ( -7.500000000000005329, 1.070000000000000284, -7.499999999999998224 ) ) ;
#6548 = ADVANCED_FACE ( 'NONE', ( #2341 ), #5793, .T. ) ;
#6549 = ORIENTED_EDGE ( 'NONE', *, *, #3308, .F. ) ;
#6550 = CIRCLE ( 'NONE', #2819, 0.1870828693386972497 ) ;
#6551 = ADVANCED_FACE ( 'NONE', ( #5081 ), #8490, .T. ) ;
#6552 = CARTESIAN_POINT ( 'NONE',  ( 4.257917130661303062, 0.6999999999999998446, 5.715000000000001634 ) ) ;
#6553 = SPHERICAL_SURFACE ( 'NONE', #578, 0.3750000000000000000 ) ;
#6554 = DIRECTION ( 'NONE',  ( 0.000000000000000000, 0.000000000000000000, 1.000000000000000000 ) ) ;
#6555 = DIRECTION ( 'NONE',  ( 0.000000000000000000, -1.000000000000000000, 0.000000000000000000 ) ) ;
#6556 = COLOUR_RGB ( '',0.7921568627450980005, 0.8196078431372548767, 0.9333333333333333481 ) ;
#6557 = AXIS2_PLACEMENT_3D ( 'NONE', #8658, #325, #10490 ) ;
#6558 = MANIFOLD_SOLID_BREP ( 'LPattern1[18]', #689 ) ;
#6559 = FILL_AREA_STYLE_COLOUR ( '', #3360 ) ;
#6560 = FILL_AREA_STYLE ('',( #3166 ) ) ;
#6561 = ORIENTED_EDGE ( 'NONE', *, *, #7814, .F. ) ;
#6562 = EDGE_LOOP ( 'NONE', ( #1003, #7087 ) ) ;
#6563 = DIRECTION ( 'NONE',  ( 0.000000000000000000, 0.000000000000000000, 1.000000000000000000 ) ) ;
#6564 = ADVANCED_FACE ( 'NONE', ( #10298 ), #10982, .F. ) ;
#6565 = ORIENTED_EDGE ( 'NONE', *, *, #3961, .T. ) ;
#6566 = FILL_AREA_STYLE_COLOUR ( '', #1673 ) ;
#6567 = DIRECTION ( 'NONE',  ( 0.000000000000000000, -1.000000000000000000, 0.000000000000000000 ) ) ;
#6568 = CARTESIAN_POINT ( 'NONE',  ( 5.715000000000000746, 0.6999999999999998446, 0.6350000000000001199 ) ) ;
#6569 = AXIS2_PLACEMENT_3D ( 'NONE', #9777, #8140, #4628 ) ;
#6570 = CARTESIAN_POINT ( 'NONE',  ( -0.6350000000000001199, 0.3750000000000000000, 3.175000000000000711 ) ) ;
#6571 = PRESENTATION_STYLE_ASSIGNMENT (( #760 ) ) ;
#6572 = COLOUR_RGB ( '',0.7921568627450980005, 0.8196078431372548767, 0.9333333333333333481 ) ;
#6573 = CARTESIAN_POINT ( 'NONE',  ( 5.715000000000000746, 0.3750000000000000000, 3.175000000000000711 ) ) ;
#6574 = DIRECTION ( 'NONE',  ( -0.000000000000000000, 1.000000000000000000, -0.000000000000000000 ) ) ;
#6575 = MANIFOLD_SOLID_BREP ( 'LPattern1[44]', #6047 ) ;
#6576 = ORIENTED_EDGE ( 'NONE', *, *, #7035, .T. ) ;
#6577 = CARTESIAN_POINT ( 'NONE',  ( -7.500000000000005329, 0.7000000000000000666, 7.500000000000001776 ) ) ;
#6578 = AXIS2_PLACEMENT_3D ( 'NONE', #5819, #1649, #10172 ) ;
#6579 = EDGE_LOOP ( 'NONE', ( #2179, #585, #4200 ) ) ;
#6580 = SURFACE_SIDE_STYLE ('',( #10707 ) ) ;
#6581 = CLOSED_SHELL ( 'NONE', ( #6954, #2454, #413 ) ) ;
#6582 = ORIENTED_EDGE ( 'NONE', *, *, #7960, .T. ) ;
#6583 = DIRECTION ( 'NONE',  ( 0.000000000000000000, -1.000000000000000000, 0.000000000000000000 ) ) ;
#6584 = AXIS2_PLACEMENT_3D ( 'NONE', #7944, #2711, #10558 ) ;
#6585 = FACE_OUTER_BOUND ( 'NONE', #1855, .T. ) ;
#6586 =( NAMED_UNIT ( * ) SI_UNIT ( $, .STERADIAN. ) SOLID_ANGLE_UNIT ( ) );
#6587 = CLOSED_SHELL ( 'NONE', ( #9102, #2035, #1437 ) ) ;
#6588 = SURFACE_SIDE_STYLE ('',( #2343 ) ) ;
#6589 = VERTEX_POINT ( 'NONE', #4412 ) ;
#6590 = DIRECTION ( 'NONE',  ( 0.000000000000000000, 0.000000000000000000, -1.000000000000000000 ) ) ;
#6591 = ORIENTED_EDGE ( 'NONE', *, *, #9514, .T. ) ;
#6592 = CARTESIAN_POINT ( 'NONE',  ( -0.6350000000000001199, 0.3750000000000000000, 5.715000000000001634 ) ) ;
#6593 = ORIENTED_EDGE ( 'NONE', *, *, #1382, .T. ) ;
#6594 = ORIENTED_EDGE ( 'NONE', *, *, #5234, .F. ) ;
#6595 = DIRECTION ( 'NONE',  ( 0.000000000000000000, 0.000000000000000000, 1.000000000000000000 ) ) ;
#6596 = CARTESIAN_POINT ( 'NONE',  ( -4.445000000000001172, 0.3750000000000000000, -5.714999999999999858 ) ) ;
#6597 = MANIFOLD_SOLID_BREP ( 'LPattern1[4]', #6598 ) ;
#6598 = CLOSED_SHELL ( 'NONE', ( #10687, #4892, #8896 ) ) ;
#6599 = DIRECTION ( 'NONE',  ( 0.000000000000000000, 0.000000000000000000, -1.000000000000000000 ) ) ;
#6600 = SPHERICAL_SURFACE ( 'NONE', #3376, 0.3750000000000000000 ) ;
#6601 = DIRECTION ( 'NONE',  ( 1.224646799147353207E-16, 0.000000000000000000, -1.000000000000000000 ) ) ;
#6602 = EDGE_CURVE ( 'NONE', #204, #7193, #2963, .T. ) ;
#6603 = AXIS2_PLACEMENT_3D ( 'NONE', #8166, #2310, #3880 ) ;
#6604 = DIRECTION ( 'NONE',  ( 1.000000000000000000, 0.000000000000000000, 0.000000000000000000 ) ) ;
#6605 = DIRECTION ( 'NONE',  ( 0.000000000000000000, 0.000000000000000000, 1.000000000000000000 ) ) ;
#6606 = ADVANCED_FACE ( 'NONE', ( #6009 ), #9346, .F. ) ;
#6607 = AXIS2_PLACEMENT_3D ( 'NONE', #3827, #4809, #6314 ) ;
#6608 = CARTESIAN_POINT ( 'NONE',  ( -4.445000000000001172, 0.3750000000000000000, 3.175000000000000711 ) ) ;
#6609 = VERTEX_POINT ( 'NONE', #6869 ) ;
#6610 = CIRCLE ( 'NONE', #8198, 0.1870828693386972497 ) ;
#6611 = ORIENTED_EDGE ( 'NONE', *, *, #3675, .T. ) ;
#6612 = CIRCLE ( 'NONE', #1615, 0.1870828693386972497 ) ;
#6613 = SURFACE_SIDE_STYLE ('',( #3217 ) ) ;
#6614 = ORIENTED_EDGE ( 'NONE', *, *, #9600, .F. ) ;
#6615 = DIRECTION ( 'NONE',  ( 0.000000000000000000, 0.000000000000000000, 1.000000000000000000 ) ) ;
#6616 = DIRECTION ( 'NONE',  ( 0.000000000000000000, 0.000000000000000000, 1.000000000000000000 ) ) ;
#6617 = AXIS2_PLACEMENT_3D ( 'NONE', #5691, #9080, #2284 ) ;
#6618 = AXIS2_PLACEMENT_3D ( 'NONE', #774, #9057, #6563 ) ;
#6619 = DIRECTION ( 'NONE',  ( 0.000000000000000000, 0.000000000000000000, 1.000000000000000000 ) ) ;
#6620 = COLOUR_RGB ( '',0.7921568627450980005, 0.8196078431372548767, 0.9333333333333333481 ) ;
#6621 = MANIFOLD_SOLID_BREP ( 'LPattern1[74]', #7845 ) ;
#6622 = CIRCLE ( 'NONE', #8411, 0.1870828693386972497 ) ;
#6623 = ADVANCED_FACE ( 'NONE', ( #5393 ), #2683, .F. ) ;
#6624 = LINE ( 'NONE', #10848, #3190 ) ;
#6625 = DIRECTION ( 'NONE',  ( -0.000000000000000000, 1.000000000000000000, -0.000000000000000000 ) ) ;
#6626 = ORIENTED_EDGE ( 'NONE', *, *, #3779, .F. ) ;
#6627 = ORIENTED_EDGE ( 'NONE', *, *, #2196, .T. ) ;
#6628 = AXIS2_PLACEMENT_3D ( 'NONE', #9012, #7142, #1274 ) ;
#6629 = CARTESIAN_POINT ( 'NONE',  ( -1.717917130661303249, 0.6999999999999998446, -1.904999999999999583 ) ) ;
#6630 = PRESENTATION_LAYER_ASSIGNMENT (  '', '', ( #10182 ) ) ;
#6631 = ORIENTED_EDGE ( 'NONE', *, *, #2511, .F. ) ;
#6632 =( NAMED_UNIT ( * ) SI_UNIT ( $, .STERADIAN. ) SOLID_ANGLE_UNIT ( ) );
#6633 = AXIS2_PLACEMENT_3D ( 'NONE', #3373, #2525, #4205 ) ;
#6634 = PLANE ( 'NONE',  #2138 ) ;
#6635 = CARTESIAN_POINT ( 'NONE',  ( 3.174999999999999822, 0.000000000000000000, 3.175000000000000711 ) ) ;
#6636 = MECHANICAL_DESIGN_GEOMETRIC_PRESENTATION_REPRESENTATION (  '', ( #10897 ), #3964 ) ;
#6637 = EDGE_CURVE ( 'NONE', #2942, #5364, #1168, .T. ) ;
#6638 =( NAMED_UNIT ( * ) PLANE_ANGLE_UNIT ( ) SI_UNIT ( $, .RADIAN. ) );
#6639 = ORIENTED_EDGE ( 'NONE', *, *, #32, .F. ) ;
#6640 = CARTESIAN_POINT ( 'NONE',  ( 1.904999999999999583, 0.6999999999999998446, -1.904999999999999583 ) ) ;
#6641 = ADVANCED_FACE ( 'NONE', ( #1270 ), #8132, .F. ) ;
#6642 =( GEOMETRIC_REPRESENTATION_CONTEXT ( 3 ) GLOBAL_UNCERTAINTY_ASSIGNED_CONTEXT ( ( #3544 ) ) GLOBAL_UNIT_ASSIGNED_CONTEXT ( ( #9532, #10508, #4394 ) ) REPRESENTATION_CONTEXT ( 'NONE', 'WORKASPACE' ) );
#6643 = MANIFOLD_SOLID_BREP ( 'LPattern1[14]', #3037 ) ;
#6644 = VERTEX_POINT ( 'NONE', #7246 ) ;
#6645 = ORIENTED_EDGE ( 'NONE', *, *, #2102, .T. ) ;
#6646 = PRESENTATION_STYLE_ASSIGNMENT (( #10810 ) ) ;
#6647 = DIRECTION ( 'NONE',  ( 0.000000000000000000, 0.000000000000000000, 1.000000000000000000 ) ) ;
#6648 = VERTEX_POINT ( 'NONE', #9710 ) ;
#6649 =( GEOMETRIC_REPRESENTATION_CONTEXT ( 3 ) GLOBAL_UNCERTAINTY_ASSIGNED_CONTEXT ( ( #7103 ) ) GLOBAL_UNIT_ASSIGNED_CONTEXT ( ( #6152, #6206, #7178 ) ) REPRESENTATION_CONTEXT ( 'NONE', 'WORKASPACE' ) );
#6650 = FILL_AREA_STYLE ('',( #8437 ) ) ;
#6651 =( LENGTH_UNIT ( ) NAMED_UNIT ( * ) SI_UNIT ( .MILLI., .METRE. ) );
#6652 = VERTEX_POINT ( 'NONE', #10637 ) ;
#6653 = AXIS2_PLACEMENT_3D ( 'NONE', #10007, #9944, #4832 ) ;
#6654 = DIRECTION ( 'NONE',  ( 0.000000000000000000, 0.000000000000000000, 1.000000000000000000 ) ) ;
#6655 = ORIENTED_EDGE ( 'NONE', *, *, #6113, .T. ) ;
#6656 = UNCERTAINTY_MEASURE_WITH_UNIT (LENGTH_MEASURE( 1.000000000000000082E-05 ), #687, 'distance_accuracy_value', 'NONE');
#6657 = VERTEX_POINT ( 'NONE', #8956 ) ;
#6658 = ORIENTED_EDGE ( 'NONE', *, *, #5371, .T. ) ;
#6659 = FILL_AREA_STYLE ('',( #7558 ) ) ;
#6660 = CARTESIAN_POINT ( 'NONE',  ( 1.717917130661302361, 0.6999999999999998446, 5.715000000000001634 ) ) ;
#6661 = MANIFOLD_SOLID_BREP ( 'LPattern1[50]', #10863 ) ;
#6662 = CARTESIAN_POINT ( 'NONE',  ( 0.6349999999999992317, 0.3750000000000000000, 5.715000000000001634 ) ) ;
#6663 = PLANE ( 'NONE',  #10652 ) ;
#6664 = DIRECTION ( 'NONE',  ( -1.000000000000000000, 0.000000000000000000, 0.000000000000000000 ) ) ;
#6665 = AXIS2_PLACEMENT_3D ( 'NONE', #10843, #6615, #5653 ) ;
#6666 = CARTESIAN_POINT ( 'NONE',  ( 0.6349999999999992317, 0.3750000000000000000, -1.904999999999999583 ) ) ;
#6667 = STYLED_ITEM ( 'NONE', ( #10866 ), #2550 ) ;
#6668 = DIRECTION ( 'NONE',  ( 0.000000000000000000, -1.000000000000000000, 0.000000000000000000 ) ) ;
#6669 = CIRCLE ( 'NONE', #4362, 0.1870828693386972497 ) ;
#6670 = ORIENTED_EDGE ( 'NONE', *, *, #2720, .T. ) ;
#6671 = CARTESIAN_POINT ( 'NONE',  ( 4.445000000000000284, 0.3750000000000000000, 5.715000000000001634 ) ) ;
#6672 = EDGE_CURVE ( 'NONE', #1535, #2707, #8301, .T. ) ;
#6673 = DIRECTION ( 'NONE',  ( -1.000000000000000000, 0.000000000000000000, 0.000000000000000000 ) ) ;
#6674 = DIRECTION ( 'NONE',  ( -1.000000000000000000, 0.000000000000000000, 0.000000000000000000 ) ) ;
#6675 = MANIFOLD_SOLID_BREP ( 'LPattern1[40]', #2841 ) ;
#6676 = EDGE_CURVE ( 'NONE', #2845, #7711, #7948, .T. ) ;
#6677 = DIRECTION ( 'NONE',  ( -0.000000000000000000, 1.000000000000000000, -0.000000000000000000 ) ) ;
#6678 = VERTEX_POINT ( 'NONE', #3180 ) ;
#6679 = DIRECTION ( 'NONE',  ( 0.000000000000000000, -1.000000000000000000, 0.000000000000000000 ) ) ;
#6680 = PRESENTATION_STYLE_ASSIGNMENT (( #4289 ) ) ;
#6681 = EDGE_LOOP ( 'NONE', ( #7145, #3558 ) ) ;
#6682 = FACE_OUTER_BOUND ( 'NONE', #3362, .T. ) ;
#6683 = FACE_OUTER_BOUND ( 'NONE', #7722, .T. ) ;
#6684 = ADVANCED_FACE ( 'NONE', ( #761 ), #7535, .T. ) ;
#6685 = DIRECTION ( 'NONE',  ( 1.000000000000000000, 0.000000000000000000, 0.000000000000000000 ) ) ;
#6686 = ADVANCED_FACE ( 'NONE', ( #4007 ), #4894, .T. ) ;
#6687 = SPHERICAL_SURFACE ( 'NONE', #10407, 0.3750000000000000000 ) ;
#6688 = FILL_AREA_STYLE_COLOUR ( '', #4399 ) ;
#6689 = ORIENTED_EDGE ( 'NONE', *, *, #581, .F. ) ;
#6690 = CARTESIAN_POINT ( 'NONE',  ( -0.6350000000000001199, 0.000000000000000000, -6.985000000000000320 ) ) ;
#6691 = MANIFOLD_SOLID_BREP ( 'LPattern1[111]', #1776 ) ;
#6692 = ORIENTED_EDGE ( 'NONE', *, *, #10485, .T. ) ;
#6693 = PLANE ( 'NONE',  #2197 ) ;
#6694 = CIRCLE ( 'NONE', #1517, 0.1870828693386972497 ) ;
#6695 = ORIENTED_EDGE ( 'NONE', *, *, #1590, .F. ) ;
#6696 = ORIENTED_EDGE ( 'NONE', *, *, #7638, .T. ) ;
#6697 = EDGE_CURVE ( 'NONE', #5238, #9418, #7796, .T. ) ;
#6698 = DIRECTION ( 'NONE',  ( 1.000000000000000000, 0.000000000000000000, 0.000000000000000000 ) ) ;
#6699 =( GEOMETRIC_REPRESENTATION_CONTEXT ( 3 ) GLOBAL_UNCERTAINTY_ASSIGNED_CONTEXT ( ( #8319 ) ) GLOBAL_UNIT_ASSIGNED_CONTEXT ( ( #8144, #6355, #427 ) ) REPRESENTATION_CONTEXT ( 'NONE', 'WORKASPACE' ) );
#6700 = CARTESIAN_POINT ( 'NONE',  ( -3.175000000000000711, 0.6999999999999998446, -4.444999999999999396 ) ) ;
#6701 = EDGE_LOOP ( 'NONE', ( #8634, #4716 ) ) ;
#6702 = VERTEX_POINT ( 'NONE', #4944 ) ;
#6703 = ORIENTED_EDGE ( 'NONE', *, *, #5247, .T. ) ;
#6704 = FACE_OUTER_BOUND ( 'NONE', #793, .T. ) ;
#6705 = ORIENTED_EDGE ( 'NONE', *, *, #242, .F. ) ;
#6706 = DIRECTION ( 'NONE',  ( -0.000000000000000000, 1.000000000000000000, -0.000000000000000000 ) ) ;
#6707 = AXIS2_PLACEMENT_3D ( 'NONE', #9182, #1565, #8443 ) ;
#6708 = ORIENTED_EDGE ( 'NONE', *, *, #8989, .T. ) ;
#6709 = VERTEX_POINT ( 'NONE', #8681 ) ;
#6710 = AXIS2_PLACEMENT_3D ( 'NONE', #3302, #4839, #8247 ) ;
#6711 = EDGE_CURVE ( 'NONE', #754, #949, #7428, .T. ) ;
#6712 = DIRECTION ( 'NONE',  ( 1.000000000000000000, 0.000000000000000000, 0.000000000000000000 ) ) ;
#6713 = MANIFOLD_SOLID_BREP ( 'LPattern1[36]', #4272 ) ;
#6714 = EDGE_CURVE ( 'NONE', #8278, #4290, #8831, .T. ) ;
#6715 = CARTESIAN_POINT ( 'NONE',  ( -0.6350000000000001199, 0.6999999999999998446, -0.6349999999999992317 ) ) ;
#6716 = DIRECTION ( 'NONE',  ( 0.000000000000000000, 0.000000000000000000, -1.000000000000000000 ) ) ;
#6717 = CARTESIAN_POINT ( 'NONE',  ( -2.092082869338697915, 0.6999999999999998446, -4.444999999999999396 ) ) ;
#6718 = CIRCLE ( 'NONE', #5629, 0.3749999999999998890 ) ;
#6719 = STYLED_ITEM ( 'NONE', ( #6159 ), #6730 ) ;
#6720 = CARTESIAN_POINT ( 'NONE',  ( 4.445000000000000284, 0.000000000000000000, 5.715000000000001634 ) ) ;
#6721 = EDGE_LOOP ( 'NONE', ( #4539, #8682, #10255 ) ) ;
#6722 = SURFACE_STYLE_USAGE ( .BOTH. , #5814 ) ;
#6723 = ORIENTED_EDGE ( 'NONE', *, *, #3829, .F. ) ;
#6724 = PRESENTATION_LAYER_ASSIGNMENT (  '', '', ( #5282 ) ) ;
#6725 = DIRECTION ( 'NONE',  ( -0.000000000000000000, 1.000000000000000000, -0.000000000000000000 ) ) ;
#6726 = DIRECTION ( 'NONE',  ( 0.000000000000000000, 0.000000000000000000, 1.000000000000000000 ) ) ;
#6727 =( LENGTH_UNIT ( ) NAMED_UNIT ( * ) SI_UNIT ( .MILLI., .METRE. ) );
#6728 = DIRECTION ( 'NONE',  ( 0.000000000000000000, 0.000000000000000000, 1.000000000000000000 ) ) ;
#6729 = DIRECTION ( 'NONE',  ( -1.000000000000000000, 0.000000000000000000, 0.000000000000000000 ) ) ;
#6730 = MANIFOLD_SOLID_BREP ( 'LPattern1[62]', #3908 ) ;
#6731 = EDGE_CURVE ( 'NONE', #1329, #5301, #4566, .T. ) ;
#6732 = CIRCLE ( 'NONE', #1903, 0.1870828693386972497 ) ;
#6733 =( NAMED_UNIT ( * ) PLANE_ANGLE_UNIT ( ) SI_UNIT ( $, .RADIAN. ) );
#6734 = PRESENTATION_STYLE_ASSIGNMENT (( #3288 ) ) ;
#6735 = ORIENTED_EDGE ( 'NONE', *, *, #6183, .T. ) ;
#6736 = VERTEX_POINT ( 'NONE', #3623 ) ;
#6737 = AXIS2_PLACEMENT_3D ( 'NONE', #3870, #9922, #9738 ) ;
#6738 = DIRECTION ( 'NONE',  ( 0.000000000000000000, 0.000000000000000000, -1.000000000000000000 ) ) ;
#6739 = EDGE_LOOP ( 'NONE', ( #2426, #1458 ) ) ;
#6740 = DIRECTION ( 'NONE',  ( -0.000000000000000000, 1.000000000000000000, -0.000000000000000000 ) ) ;
#6741 = CARTESIAN_POINT ( 'NONE',  ( 4.445000000000000284, 0.3750000000000000000, -4.444999999999999396 ) ) ;
#6742 =( GEOMETRIC_REPRESENTATION_CONTEXT ( 3 ) GLOBAL_UNCERTAINTY_ASSIGNED_CONTEXT ( ( #7771 ) ) GLOBAL_UNIT_ASSIGNED_CONTEXT ( ( #9951, #6638, #8361 ) ) REPRESENTATION_CONTEXT ( 'NONE', 'WORKASPACE' ) );
#6743 = CARTESIAN_POINT ( 'NONE',  ( -0.4479171306613028425, 0.6999999999999998446, 4.445000000000001172 ) ) ;
#6744 = DIRECTION ( 'NONE',  ( 0.000000000000000000, 0.000000000000000000, -1.000000000000000000 ) ) ;
#6745 = SPHERICAL_SURFACE ( 'NONE', #12, 0.3750000000000000000 ) ;
#6746 = DIRECTION ( 'NONE',  ( 1.000000000000000000, 0.000000000000000000, 0.000000000000000000 ) ) ;
#6747 = VERTEX_POINT ( 'NONE', #128 ) ;
#6748 = DIRECTION ( 'NONE',  ( 0.000000000000000000, -0.000000000000000000, -1.000000000000000000 ) ) ;
#6749 = EDGE_CURVE ( 'NONE', #6255, #2116, #5108, .T. ) ;
#6750 = MECHANICAL_DESIGN_GEOMETRIC_PRESENTATION_REPRESENTATION (  '', ( #5483 ), #1392 ) ;
#6751 = MANIFOLD_SOLID_BREP ( 'LPattern1[2]', #1060 ) ;
#6752 = ORIENTED_EDGE ( 'NONE', *, *, #4177, .F. ) ;
#6753 = CARTESIAN_POINT ( 'NONE',  ( -3.175000000000000711, 0.6999999999999998446, -4.444999999999999396 ) ) ;
#6754 = VERTEX_POINT ( 'NONE', #6447 ) ;
#6755 =( NAMED_UNIT ( * ) PLANE_ANGLE_UNIT ( ) SI_UNIT ( $, .RADIAN. ) );
#6756 = AXIS2_PLACEMENT_3D ( 'NONE', #4647, #2295, #10772 ) ;
#6757 = EDGE_LOOP ( 'NONE', ( #7926, #10104, #10824 ) ) ;
#6758 = STYLED_ITEM ( 'NONE', ( #3474 ), #10491 ) ;
#6759 = FACE_OUTER_BOUND ( 'NONE', #7888, .T. ) ;
#6760 =( NAMED_UNIT ( * ) SI_UNIT ( $, .STERADIAN. ) SOLID_ANGLE_UNIT ( ) );
#6761 = AXIS2_PLACEMENT_3D ( 'NONE', #7584, #8423, #5221 ) ;
#6762 = ORIENTED_EDGE ( 'NONE', *, *, #10650, .T. ) ;
#6763 = ADVANCED_FACE ( 'NONE', ( #2940 ), #1922, .F. ) ;
#6764 = VERTEX_POINT ( 'NONE', #1315 ) ;
#6765 = ADVANCED_FACE ( 'NONE', ( #7122 ), #2141, .F. ) ;
#6766 = DIRECTION ( 'NONE',  ( 1.000000000000000000, 0.000000000000000000, 0.000000000000000000 ) ) ;
#6767 = AXIS2_PLACEMENT_3D ( 'NONE', #10638, #9830, #6398 ) ;
#6768 = ORIENTED_EDGE ( 'NONE', *, *, #8483, .F. ) ;
#6769 = DIRECTION ( 'NONE',  ( -1.000000000000000000, 0.000000000000000000, 0.000000000000000000 ) ) ;
#6770 = UNCERTAINTY_MEASURE_WITH_UNIT (LENGTH_MEASURE( 1.000000000000000082E-05 ), #2313, 'distance_accuracy_value', 'NONE');
#6771 = ORIENTED_EDGE ( 'NONE', *, *, #2330, .T. ) ;
#6772 = FILL_AREA_STYLE_COLOUR ( '', #4306 ) ;
#6773 = CARTESIAN_POINT ( 'NONE',  ( 1.904999999999999583, 0.6999999999999998446, 1.905000000000000471 ) ) ;
#6774 = MANIFOLD_SOLID_BREP ( 'LPattern1[109]', #4623 ) ;
#6775 = CIRCLE ( 'NONE', #1588, 0.1870828693386972497 ) ;
#6776 = DIRECTION ( 'NONE',  ( -1.000000000000000000, -0.000000000000000000, -0.000000000000000000 ) ) ;
#6777 = DIRECTION ( 'NONE',  ( -1.000000000000000000, 0.000000000000000000, -0.000000000000000000 ) ) ;
#6778 = DIRECTION ( 'NONE',  ( 0.000000000000000000, 0.000000000000000000, 1.000000000000000000 ) ) ;
#6779 =( LENGTH_UNIT ( ) NAMED_UNIT ( * ) SI_UNIT ( .MILLI., .METRE. ) );
#6780 = DIRECTION ( 'NONE',  ( 1.000000000000000000, 0.000000000000000000, 0.000000000000000000 ) ) ;
#6781 = EDGE_LOOP ( 'NONE', ( #2401, #5329, #4844, #719 ) ) ;
#6782 = CARTESIAN_POINT ( 'NONE',  ( -4.445000000000001172, 0.3750000000000000000, 3.175000000000000711 ) ) ;
#6783 = FILL_AREA_STYLE ('',( #738 ) ) ;
#6784 = CLOSED_SHELL ( 'NONE', ( #5880, #4314, #10511 ) ) ;
#6785 = VERTEX_POINT ( 'NONE', #9588 ) ;
#6786 = FACE_OUTER_BOUND ( 'NONE', #7993, .T. ) ;
#6787 = DIRECTION ( 'NONE',  ( 0.000000000000000000, 0.000000000000000000, 1.000000000000000000 ) ) ;
#6788 = ORIENTED_EDGE ( 'NONE', *, *, #4516, .T. ) ;
#6789 =( LENGTH_UNIT ( ) NAMED_UNIT ( * ) SI_UNIT ( .MILLI., .METRE. ) );
#6790 = CARTESIAN_POINT ( 'NONE',  ( 6.985000000000000320, 0.6999999999999998446, -6.985000000000000320 ) ) ;
#6791 = CARTESIAN_POINT ( 'NONE',  ( 6.985000000000000320, 0.3750000000000000000, 6.985000000000001208 ) ) ;
#6792 = MANIFOLD_SOLID_BREP ( 'LPattern1[100]', #5327 ) ;
#6793 = CLOSED_SHELL ( 'NONE', ( #2215, #1293, #8727 ) ) ;
#6794 = FILL_AREA_STYLE_COLOUR ( '', #275 ) ;
#6795 = STYLED_ITEM ( 'NONE', ( #6831 ), #9575 ) ;
#6796 = CIRCLE ( 'NONE', #5341, 0.3749999999999998890 ) ;
#6797 = ORIENTED_EDGE ( 'NONE', *, *, #8493, .T. ) ;
#6798 = SPHERICAL_SURFACE ( 'NONE', #3407, 0.3750000000000000000 ) ;
#6799 = FILL_AREA_STYLE_COLOUR ( '', #2716 ) ;
#6800 = VERTEX_POINT ( 'NONE', #405 ) ;
#6801 =( NAMED_UNIT ( * ) PLANE_ANGLE_UNIT ( ) SI_UNIT ( $, .RADIAN. ) );
#6802 = AXIS2_PLACEMENT_3D ( 'NONE', #9682, #2199, #6437 ) ;
#6803 = AXIS2_PLACEMENT_3D ( 'NONE', #4071, #9127, #3191 ) ;
#6804 = SPHERICAL_SURFACE ( 'NONE', #2100, 0.3750000000000000000 ) ;
#6805 = CIRCLE ( 'NONE', #2139, 0.1870828693386972497 ) ;
#6806 = DIRECTION ( 'NONE',  ( 1.224646799147353207E-16, 0.000000000000000000, -1.000000000000000000 ) ) ;
#6807 = CARTESIAN_POINT ( 'NONE',  ( 6.985000000000000320, 0.3750000000000000000, -3.174999999999999822 ) ) ;
#6808 = SPHERICAL_SURFACE ( 'NONE', #3354, 0.3750000000000000000 ) ;
#6809 = FILL_AREA_STYLE ('',( #6061 ) ) ;
#6810 = AXIS2_PLACEMENT_3D ( 'NONE', #10640, #8089, #1219 ) ;
#6811 = ORIENTED_EDGE ( 'NONE', *, *, #5595, .F. ) ;
#6812 = DIRECTION ( 'NONE',  ( -0.000000000000000000, 1.000000000000000000, -0.000000000000000000 ) ) ;
#6813 = MANIFOLD_SOLID_BREP ( 'LPattern1[83]', #7131 ) ;
#6814 = EDGE_LOOP ( 'NONE', ( #9520, #3364, #10208 ) ) ;
#6815 = AXIS2_PLACEMENT_3D ( 'NONE', #3698, #10316, #1845 ) ;
#6816 = SPHERICAL_SURFACE ( 'NONE', #1488, 0.3750000000000000000 ) ;
#6817 = CARTESIAN_POINT ( 'NONE',  ( 3.174999999999999822, 0.3750000000000000000, 5.715000000000001634 ) ) ;
#6818 = ORIENTED_EDGE ( 'NONE', *, *, #7385, .F. ) ;
#6819 = AXIS2_PLACEMENT_3D ( 'NONE', #9820, #2262, #4670 ) ;
#6820 = EDGE_CURVE ( 'NONE', #8286, #3689, #5121, .T. ) ;
#6821 = CIRCLE ( 'NONE', #730, 0.3750000000000003331 ) ;
#6822 = EDGE_CURVE ( 'NONE', #7837, #5780, #3348, .T. ) ;
#6823 = EDGE_LOOP ( 'NONE', ( #9100, #1548, #406 ) ) ;
#6824 =( NAMED_UNIT ( * ) SI_UNIT ( $, .STERADIAN. ) SOLID_ANGLE_UNIT ( ) );
#6825 = ORIENTED_EDGE ( 'NONE', *, *, #590, .T. ) ;
#6826 = STYLED_ITEM ( 'NONE', ( #606 ), #6326 ) ;
#6827 = DIRECTION ( 'NONE',  ( -1.000000000000000000, 0.000000000000000000, 0.000000000000000000 ) ) ;
#6828 = ORIENTED_EDGE ( 'NONE', *, *, #7842, .T. ) ;
#6829 = DIRECTION ( 'NONE',  ( -0.000000000000000000, 1.000000000000000000, -0.000000000000000000 ) ) ;
#6830 = VERTEX_POINT ( 'NONE', #7463 ) ;
#6831 = PRESENTATION_STYLE_ASSIGNMENT (( #3429 ) ) ;
#6832 = DIRECTION ( 'NONE',  ( 0.000000000000000000, 0.000000000000000000, -1.000000000000000000 ) ) ;
#6833 = MANIFOLD_SOLID_BREP ( 'LPattern1[9]', #4454 ) ;
#6834 = EDGE_CURVE ( 'NONE', #9456, #9613, #1898, .T. ) ;
#6835 = DIRECTION ( 'NONE',  ( 1.000000000000000000, 0.000000000000000000, 0.000000000000000000 ) ) ;
#6836 = DIRECTION ( 'NONE',  ( 1.000000000000000000, 0.000000000000000000, 0.000000000000000000 ) ) ;
#6837 = FACE_OUTER_BOUND ( 'NONE', #7003, .T. ) ;
#6838 = FILL_AREA_STYLE_COLOUR ( '', #9101 ) ;
#6839 = CIRCLE ( 'NONE', #9292, 0.3749999999999998890 ) ;
#6840 = CARTESIAN_POINT ( 'NONE',  ( 1.904999999999999583, 0.000000000000000000, 0.6350000000000001199 ) ) ;
#6841 = EDGE_LOOP ( 'NONE', ( #3864, #3380 ) ) ;
#6842 = CARTESIAN_POINT ( 'NONE',  ( -3.175000000000000711, 0.3750000000000000000, 0.6350000000000001199 ) ) ;
#6843 = ORIENTED_EDGE ( 'NONE', *, *, #6850, .T. ) ;
#6844 = FACE_OUTER_BOUND ( 'NONE', #10353, .T. ) ;
#6845 = CARTESIAN_POINT ( 'NONE',  ( 7.499999999999994671, 1.070000000000000284, -7.499999999999998224 ) ) ;
#6846 = AXIS2_PLACEMENT_3D ( 'NONE', #4235, #7693, #10184 ) ;
#6847 = EDGE_CURVE ( 'NONE', #2721, #896, #3702, .T. ) ;
#6848 = DIRECTION ( 'NONE',  ( 0.000000000000000000, 0.000000000000000000, -1.000000000000000000 ) ) ;
#6849 = SPHERICAL_SURFACE ( 'NONE', #7337, 0.3750000000000000000 ) ;
#6850 = EDGE_CURVE ( 'NONE', #545, #2901, #4753, .T. ) ;
#6851 = AXIS2_PLACEMENT_3D ( 'NONE', #10466, #6221, #9755 ) ;
#6852 = MANIFOLD_SOLID_BREP ( 'LPattern1[78]', #8181 ) ;
#6853 = SPHERICAL_SURFACE ( 'NONE', #6021, 0.3750000000000000000 ) ;
#6854 = CIRCLE ( 'NONE', #3638, 0.1870828693386972497 ) ;
#6855 = VERTEX_POINT ( 'NONE', #5823 ) ;
#6856 = DIRECTION ( 'NONE',  ( 0.000000000000000000, 0.000000000000000000, 1.000000000000000000 ) ) ;
#6857 = DIRECTION ( 'NONE',  ( 0.000000000000000000, 0.000000000000000000, -1.000000000000000000 ) ) ;
#6858 = PRESENTATION_LAYER_ASSIGNMENT (  '', '', ( #3647 ) ) ;
#6859 = SPHERICAL_SURFACE ( 'NONE', #912, 0.3750000000000000000 ) ;
#6860 = DIRECTION ( 'NONE',  ( 0.000000000000000000, 0.000000000000000000, -1.000000000000000000 ) ) ;
#6861 = EDGE_CURVE ( 'NONE', #9071, #9508, #8516, .T. ) ;
#6862 = EDGE_CURVE ( 'NONE', #1014, #1258, #9889, .T. ) ;
#6863 = DIRECTION ( 'NONE',  ( 0.000000000000000000, 0.000000000000000000, 1.000000000000000000 ) ) ;
#6864 = ORIENTED_EDGE ( 'NONE', *, *, #3937, .F. ) ;
#6865 = MANIFOLD_SOLID_BREP ( 'LPattern1[140]', #6784 ) ;
#6866 = DIRECTION ( 'NONE',  ( -0.000000000000000000, 1.000000000000000000, -0.000000000000000000 ) ) ;
#6867 = LINE ( 'NONE', #1877, #3984 ) ;
#6868 = EDGE_LOOP ( 'NONE', ( #5182, #10183, #8608 ) ) ;
#6869 = CARTESIAN_POINT ( 'NONE',  ( 5.902082869338697968, 0.6999999999999998446, -3.174999999999999822 ) ) ;
#6870 = ORIENTED_EDGE ( 'NONE', *, *, #10703, .F. ) ;
#6871 = CIRCLE ( 'NONE', #5083, 0.1870828693386972497 ) ;
#6872 = ORIENTED_EDGE ( 'NONE', *, *, #6113, .F. ) ;
#6873 = ORIENTED_EDGE ( 'NONE', *, *, #3628, .F. ) ;
#6874 = SPHERICAL_SURFACE ( 'NONE', #2336, 0.3750000000000000000 ) ;
#6875 = APPLICATION_CONTEXT ( 'automotive_design' ) ;
#6876 = ORIENTED_EDGE ( 'NONE', *, *, #2392, .F. ) ;
#6877 = UNCERTAINTY_MEASURE_WITH_UNIT (LENGTH_MEASURE( 1.000000000000000082E-05 ), #2270, 'distance_accuracy_value', 'NONE');
#6878 = VERTEX_POINT ( 'NONE', #5060 ) ;
#6879 =( NAMED_UNIT ( * ) PLANE_ANGLE_UNIT ( ) SI_UNIT ( $, .RADIAN. ) );
#6880 = FACE_OUTER_BOUND ( 'NONE', #7691, .T. ) ;
#6881 = MANIFOLD_SOLID_BREP ( 'LPattern1[114]', #505 ) ;
#6882 = SURFACE_SIDE_STYLE ('',( #5194 ) ) ;
#6883 = MECHANICAL_DESIGN_GEOMETRIC_PRESENTATION_REPRESENTATION (  '', ( #5792 ), #6511 ) ;
#6884 = DIRECTION ( 'NONE',  ( 1.224646799147353207E-16, 0.000000000000000000, -1.000000000000000000 ) ) ;
#6885 = CARTESIAN_POINT ( 'NONE',  ( -6.985000000000000320, 0.6999999999999998446, -4.444999999999999396 ) ) ;
#6886 = CIRCLE ( 'NONE', #8826, 0.1870828693386972497 ) ;
#6887 = CARTESIAN_POINT ( 'NONE',  ( -3.362082869338697932, 0.6999999999999998446, -6.985000000000000320 ) ) ;
#6889 = ADVANCED_FACE ( 'NONE', ( #2092 ), #8130, .T. ) ;
#6888 = COLOUR_RGB ( '',0.7921568627450980005, 0.8196078431372548767, 0.9333333333333333481 ) ;
#6890 = EDGE_CURVE ( 'NONE', #4609, #8321, #8316, .T. ) ;
#6891 = ORIENTED_EDGE ( 'NONE', *, *, #1891, .T. ) ;
#6892 = DIRECTION ( 'NONE',  ( 0.000000000000000000, 0.000000000000000000, 1.000000000000000000 ) ) ;
#6893 = VERTEX_POINT ( 'NONE', #1267 ) ;
#6894 = CARTESIAN_POINT ( 'NONE',  ( -6.985000000000000320, 0.6999999999999998446, -3.174999999999999822 ) ) ;
#6895 = CARTESIAN_POINT ( 'NONE',  ( -4.445000000000001172, 0.3750000000000000000, 5.715000000000001634 ) ) ;
#6896 = SURFACE_SIDE_STYLE ('',( #9261 ) ) ;
#6897 = AXIS2_PLACEMENT_3D ( 'NONE', #9055, #7189, #7357 ) ;
#6898 = DIRECTION ( 'NONE',  ( -0.000000000000000000, 1.000000000000000000, -0.000000000000000000 ) ) ;
#6899 = MECHANICAL_DESIGN_GEOMETRIC_PRESENTATION_REPRESENTATION (  '', ( #5443 ), #9000 ) ;
#6900 = CARTESIAN_POINT ( 'NONE',  ( -6.985000000000000320, 0.3750000000000000000, 1.905000000000000471 ) ) ;
#6901 = COLOUR_RGB ( '',0.7921568627450980005, 0.8196078431372548767, 0.9333333333333333481 ) ;
#6902 = MANIFOLD_SOLID_BREP ( 'LPattern1[11]', #10674 ) ;
#6903 = DIRECTION ( 'NONE',  ( 0.000000000000000000, 0.000000000000000000, -1.000000000000000000 ) ) ;
#6904 = EDGE_CURVE ( 'NONE', #1579, #2259, #8672, .T. ) ;
#6905 = DIRECTION ( 'NONE',  ( -1.000000000000000000, 0.000000000000000000, 0.000000000000000000 ) ) ;
#6906 = ADVANCED_FACE ( 'NONE', ( #6226 ), #6283, .T. ) ;
#6907 = MECHANICAL_DESIGN_GEOMETRIC_PRESENTATION_REPRESENTATION (  '', ( #4411 ), #837 ) ;
#6908 = AXIS2_PLACEMENT_3D ( 'NONE', #54, #7358, #10742 ) ;
#6909 = AXIS2_PLACEMENT_3D ( 'NONE', #621, #6677, #4051 ) ;
#6910 = ORIENTED_EDGE ( 'NONE', *, *, #2379, .T. ) ;
#6911 = DIRECTION ( 'NONE',  ( -0.000000000000000000, 1.000000000000000000, -0.000000000000000000 ) ) ;
#6912 = CARTESIAN_POINT ( 'NONE',  ( -1.905000000000000471, 0.6999999999999999556, -0.6349999999999992317 ) ) ;
#6913 = FACE_OUTER_BOUND ( 'NONE', #6349, .T. ) ;
#6914 = DIRECTION ( 'NONE',  ( -0.000000000000000000, 1.000000000000000000, -0.000000000000000000 ) ) ;
#6915 =( GEOMETRIC_REPRESENTATION_CONTEXT ( 3 ) GLOBAL_UNCERTAINTY_ASSIGNED_CONTEXT ( ( #1840 ) ) GLOBAL_UNIT_ASSIGNED_CONTEXT ( ( #1631, #9355, #845 ) ) REPRESENTATION_CONTEXT ( 'NONE', 'WORKASPACE' ) );
#6916 = CIRCLE ( 'NONE', #2075, 0.3749999999999998890 ) ;
#6917 =( LENGTH_UNIT ( ) NAMED_UNIT ( * ) SI_UNIT ( .MILLI., .METRE. ) );
#6918 =( NAMED_UNIT ( * ) SI_UNIT ( $, .STERADIAN. ) SOLID_ANGLE_UNIT ( ) );
#6919 = EDGE_LOOP ( 'NONE', ( #10005, #7104 ) ) ;
#6920 = DIRECTION ( 'NONE',  ( 0.000000000000000000, 0.000000000000000000, -1.000000000000000000 ) ) ;
#6921 = EDGE_CURVE ( 'NONE', #2395, #10434, #111, .T. ) ;
#6922 = MANIFOLD_SOLID_BREP ( 'LPattern1[125]', #5866 ) ;
#6923 = DIRECTION ( 'NONE',  ( 0.000000000000000000, -0.000000000000000000, -1.000000000000000000 ) ) ;
#6924 = ORIENTED_EDGE ( 'NONE', *, *, #10979, .T. ) ;
#6925 = CIRCLE ( 'NONE', #10280, 0.3750000000000003331 ) ;
#6926 = STYLED_ITEM ( 'NONE', ( #863 ), #10410 ) ;
#6927 = ORIENTED_EDGE ( 'NONE', *, *, #10495, .T. ) ;
#6928 = DIRECTION ( 'NONE',  ( 1.000000000000000000, 0.000000000000000000, 0.000000000000000000 ) ) ;
#6929 = CIRCLE ( 'NONE', #6198, 0.3750000000000003331 ) ;
#6930 = VERTEX_POINT ( 'NONE', #3714 ) ;
#6931 = ORIENTED_EDGE ( 'NONE', *, *, #9315, .T. ) ;
#6932 = STYLED_ITEM ( 'NONE', ( #4103 ), #10381 ) ;
#6933 = CARTESIAN_POINT ( 'NONE',  ( 7.499999999999994671, 1.070000000000000284, 7.500000000000001776 ) ) ;
#6934 = DIRECTION ( 'NONE',  ( 0.000000000000000000, 0.000000000000000000, -1.000000000000000000 ) ) ;
#6935 = MANIFOLD_SOLID_BREP ( 'LPattern1[58]', #3400 ) ;
#6936 = AXIS2_PLACEMENT_3D ( 'NONE', #10398, #1977, #7117 ) ;
#6937 = PLANE ( 'NONE',  #6815 ) ;
#6938 = SURFACE_STYLE_FILL_AREA ( #10317 ) ;
#6939 = CARTESIAN_POINT ( 'NONE',  ( -5.715000000000000746, 0.6999999999999999556, -0.6349999999999992317 ) ) ;
#6940 = ORIENTED_EDGE ( 'NONE', *, *, #8476, .F. ) ;
#6941 = CARTESIAN_POINT ( 'NONE',  ( -6.985000000000000320, 0.3750000000000000000, -4.444999999999999396 ) ) ;
#6942 = CIRCLE ( 'NONE', #5148, 0.1870828693386972497 ) ;
#6943 = CIRCLE ( 'NONE', #5498, 0.1870828693386972497 ) ;
#6944 = ORIENTED_EDGE ( 'NONE', *, *, #1757, .T. ) ;
#6945 = CARTESIAN_POINT ( 'NONE',  ( -4.445000000000001172, 0.3750000000000000000, 4.445000000000001172 ) ) ;
#6946 = ORIENTED_EDGE ( 'NONE', *, *, #2589, .F. ) ;
#6947 = EDGE_CURVE ( 'NONE', #10576, #9071, #8845, .T. ) ;
#6948 = CLOSED_SHELL ( 'NONE', ( #71, #10580, #9766 ) ) ;
#6949 = SURFACE_STYLE_USAGE ( .BOTH. , #6896 ) ;
#6950 = SPHERICAL_SURFACE ( 'NONE', #4086, 0.3750000000000000000 ) ;
#6951 = CARTESIAN_POINT ( 'NONE',  ( 3.174999999999999822, 0.3750000000000000000, 0.6350000000000001199 ) ) ;
#6952 = EDGE_CURVE ( 'NONE', #9899, #4318, #10461, .T. ) ;
#6953 = CARTESIAN_POINT ( 'NONE',  ( 5.715000000000000746, 0.3750000000000000000, 1.905000000000000471 ) ) ;
#6954 = ADVANCED_FACE ( 'NONE', ( #10445 ), #6262, .T. ) ;
#6955 = CLOSED_SHELL ( 'NONE', ( #8607, #3372, #1084 ) ) ;
#6956 =( NAMED_UNIT ( * ) SI_UNIT ( $, .STERADIAN. ) SOLID_ANGLE_UNIT ( ) );
#6957 = ORIENTED_EDGE ( 'NONE', *, *, #7538, .T. ) ;
#6958 = PRESENTATION_STYLE_ASSIGNMENT (( #5268 ) ) ;
#6959 = DIRECTION ( 'NONE',  ( 0.000000000000000000, 0.000000000000000000, 1.000000000000000000 ) ) ;
#6960 = CLOSED_SHELL ( 'NONE', ( #6081, #4766, #6686 ) ) ;
#6961 = DIRECTION ( 'NONE',  ( 0.000000000000000000, 0.000000000000000000, 1.000000000000000000 ) ) ;
#6962 = EDGE_CURVE ( 'NONE', #7031, #7193, #6550, .T. ) ;
#6963 = EDGE_CURVE ( 'NONE', #1387, #8559, #7263, .T. ) ;
#6964 = AXIS2_PLACEMENT_3D ( 'NONE', #9873, #10619, #5596 ) ;
#6965 =( NAMED_UNIT ( * ) PLANE_ANGLE_UNIT ( ) SI_UNIT ( $, .RADIAN. ) );
#6966 = VERTEX_POINT ( 'NONE', #10390 ) ;
#6967 = DIRECTION ( 'NONE',  ( 1.000000000000000000, 0.000000000000000000, 0.000000000000000000 ) ) ;
#6968 = CIRCLE ( 'NONE', #2136, 0.3749999999999998890 ) ;
#6969 = CARTESIAN_POINT ( 'NONE',  ( 3.174999999999999822, 0.3750000000000000000, 1.905000000000000471 ) ) ;
#6970 = SURFACE_STYLE_USAGE ( .BOTH. , #6165 ) ;
#6971 = AXIS2_PLACEMENT_3D ( 'NONE', #7110, #5261, #7946 ) ;
#6972 = ORIENTED_EDGE ( 'NONE', *, *, #1819, .T. ) ;
#6973 = ADVANCED_FACE ( 'NONE', ( #5259 ), #4708, .T. ) ;
#6974 = AXIS2_PLACEMENT_3D ( 'NONE', #8098, #9728, #7159 ) ;
#6975 = CIRCLE ( 'NONE', #9594, 0.1870828693386972497 ) ;
#6976 = EDGE_CURVE ( 'NONE', #3705, #1803, #7083, .T. ) ;
#6977 = CIRCLE ( 'NONE', #3431, 0.1870828693386972497 ) ;
#6978 = ORIENTED_EDGE ( 'NONE', *, *, #1638, .T. ) ;
#6979 = PLANE ( 'NONE',  #10845 ) ;
#6980 = PLANE ( 'NONE',  #10527 ) ;
#6981 = EDGE_LOOP ( 'NONE', ( #9590, #4065, #6520 ) ) ;
#6982 = CARTESIAN_POINT ( 'NONE',  ( -5.527917130661303524, 0.6999999999999998446, -0.6349999999999992317 ) ) ;
#6983 = AXIS2_PLACEMENT_3D ( 'NONE', #7204, #1158, #4572 ) ;
#6984 = CIRCLE ( 'NONE', #8234, 0.1870828693386972497 ) ;
#6985 = UNCERTAINTY_MEASURE_WITH_UNIT (LENGTH_MEASURE( 1.000000000000000082E-05 ), #3054, 'distance_accuracy_value', 'NONE');
#6986 = ORIENTED_EDGE ( 'NONE', *, *, #1151, .F. ) ;
#6987 = FACE_OUTER_BOUND ( 'NONE', #670, .T. ) ;
#6988 = CYLINDRICAL_SURFACE ( 'NONE', #7657, 0.5999999999999998668 ) ;
#6989 = AXIS2_PLACEMENT_3D ( 'NONE', #5804, #9240, #9186 ) ;
#6990 = FILL_AREA_STYLE ('',( #7977 ) ) ;
#6991 = ADVANCED_FACE ( 'NONE', ( #3100 ), #495, .T. ) ;
#6992 = FACE_OUTER_BOUND ( 'NONE', #5980, .T. ) ;
#6993 = DIRECTION ( 'NONE',  ( 1.000000000000000000, 0.000000000000000000, 0.000000000000000000 ) ) ;
#6994 = MECHANICAL_DESIGN_GEOMETRIC_PRESENTATION_REPRESENTATION (  '', ( #3079 ), #10546 ) ;
#6995 = FACE_OUTER_BOUND ( 'NONE', #3384, .T. ) ;
#6996 = VERTEX_POINT ( 'NONE', #391 ) ;
#6997 = MECHANICAL_DESIGN_GEOMETRIC_PRESENTATION_REPRESENTATION (  '', ( #559 ), #4504 ) ;
#6998 = SPHERICAL_SURFACE ( 'NONE', #5588, 0.3750000000000000000 ) ;
#6999 = ORIENTED_EDGE ( 'NONE', *, *, #131, .F. ) ;
#7000 = EDGE_CURVE ( 'NONE', #9911, #3233, #2268, .T. ) ;
#7001 = DIRECTION ( 'NONE',  ( 0.000000000000000000, -1.000000000000000000, 0.000000000000000000 ) ) ;
#7002 = DIRECTION ( 'NONE',  ( -1.000000000000000000, 0.000000000000000000, 0.000000000000000000 ) ) ;
#7003 = EDGE_LOOP ( 'NONE', ( #9070, #10197, #4011 ) ) ;
#7004 = DIRECTION ( 'NONE',  ( 0.000000000000000000, -0.000000000000000000, -1.000000000000000000 ) ) ;
#7005 = DIRECTION ( 'NONE',  ( -0.000000000000000000, 1.000000000000000000, -0.000000000000000000 ) ) ;
#7006 = AXIS2_PLACEMENT_3D ( 'NONE', #2062, #8052, #389 ) ;
#7007 = DIRECTION ( 'NONE',  ( 0.000000000000000000, 0.000000000000000000, 1.000000000000000000 ) ) ;
#7008 = DIRECTION ( 'NONE',  ( 0.000000000000000000, 0.000000000000000000, 1.000000000000000000 ) ) ;
#7009 =( GEOMETRIC_REPRESENTATION_CONTEXT ( 3 ) GLOBAL_UNCERTAINTY_ASSIGNED_CONTEXT ( ( #7213 ) ) GLOBAL_UNIT_ASSIGNED_CONTEXT ( ( #2104, #10419, #8908 ) ) REPRESENTATION_CONTEXT ( 'NONE', 'WORKASPACE' ) );
#7010 = DIRECTION ( 'NONE',  ( 0.000000000000000000, 0.000000000000000000, 1.000000000000000000 ) ) ;
#7011 = AXIS2_PLACEMENT_3D ( 'NONE', #9432, #9382, #8420 ) ;
#7012 = PRESENTATION_STYLE_ASSIGNMENT (( #4445 ) ) ;
#7013 = DIRECTION ( 'NONE',  ( 0.000000000000000000, 0.000000000000000000, 1.000000000000000000 ) ) ;
#7014 = DIRECTION ( 'NONE',  ( 0.000000000000000000, 0.000000000000000000, -1.000000000000000000 ) ) ;
#7015 = DIRECTION ( 'NONE',  ( -0.000000000000000000, 1.000000000000000000, -0.000000000000000000 ) ) ;
#7016 = AXIS2_PLACEMENT_3D ( 'NONE', #10356, #6866, #9542 ) ;
#7017 = ADVANCED_FACE ( 'NONE', ( #3921 ), #8983, .T. ) ;
#7018 = AXIS2_PLACEMENT_3D ( 'NONE', #6164, #1927, #7863 ) ;
#7019 = CARTESIAN_POINT ( 'NONE',  ( -6.985000000000000320, 0.6999999999999998446, -4.444999999999999396 ) ) ;
#7020 = AXIS2_PLACEMENT_3D ( 'NONE', #2881, #8675, #8731 ) ;
#7021 = FILL_AREA_STYLE ('',( #2781 ) ) ;
#7022 = DIRECTION ( 'NONE',  ( 1.000000000000000000, 0.000000000000000000, 0.000000000000000000 ) ) ;
#7023 = VERTEX_POINT ( 'NONE', #7339 ) ;
#7024 = DIRECTION ( 'NONE',  ( -0.000000000000000000, 1.000000000000000000, -0.000000000000000000 ) ) ;
#7025 = MECHANICAL_DESIGN_GEOMETRIC_PRESENTATION_REPRESENTATION (  '', ( #2754 ), #1134 ) ;
#7026 = FACE_OUTER_BOUND ( 'NONE', #7255, .T. ) ;
#7027 = EDGE_CURVE ( 'NONE', #3997, #10625, #2632, .T. ) ;
#7028 = EDGE_CURVE ( 'NONE', #2208, #1639, #1728, .T. ) ;
#7029 = DIRECTION ( 'NONE',  ( -0.000000000000000000, 1.000000000000000000, -0.000000000000000000 ) ) ;
#7030 = FILL_AREA_STYLE ('',( #7920 ) ) ;
#7031 = VERTEX_POINT ( 'NONE', #6370 ) ;
#7032 = FILL_AREA_STYLE ('',( #8590 ) ) ;
#7033 = ORIENTED_EDGE ( 'NONE', *, *, #11040, .T. ) ;
#7034 = CARTESIAN_POINT ( 'NONE',  ( -0.6350000000000001199, 0.3750000000000000000, -6.985000000000000320 ) ) ;
#7035 = EDGE_CURVE ( 'NONE', #6800, #8806, #7808, .T. ) ;
#7036 = ORIENTED_EDGE ( 'NONE', *, *, #303, .F. ) ;
#7037 = ORIENTED_EDGE ( 'NONE', *, *, #5987, .T. ) ;
#7038 = DIRECTION ( 'NONE',  ( 0.000000000000000000, 0.000000000000000000, -1.000000000000000000 ) ) ;
#7039 = CARTESIAN_POINT ( 'NONE',  ( -4.445000000000001172, 0.3750000000000000000, 5.715000000000001634 ) ) ;
#7040 = DIRECTION ( 'NONE',  ( -0.000000000000000000, 1.000000000000000000, -0.000000000000000000 ) ) ;
#7041 = AXIS2_PLACEMENT_3D ( 'NONE', #7243, #3005, #4837 ) ;
#7042 = AXIS2_PLACEMENT_3D ( 'NONE', #1814, #1702, #5218 ) ;
#7043 = DIRECTION ( 'NONE',  ( 1.000000000000000000, 0.000000000000000000, 0.000000000000000000 ) ) ;
#7044 = PRODUCT_RELATED_PRODUCT_CATEGORY ( 'part', '', ( #4697 ) ) ;
#7045 = EDGE_LOOP ( 'NONE', ( #2900, #5616, #8791 ) ) ;
#7046 = LINE ( 'NONE', #9563, #3143 ) ;
#7047 = VERTEX_POINT ( 'NONE', #6544 ) ;
#7048 = PRESENTATION_LAYER_ASSIGNMENT (  '', '', ( #1697 ) ) ;
#7049 = DIRECTION ( 'NONE',  ( 0.000000000000000000, 0.000000000000000000, -1.000000000000000000 ) ) ;
#7050 = CARTESIAN_POINT ( 'NONE',  ( 6.797917130661303098, 0.6999999999999998446, -0.6349999999999992317 ) ) ;
#7051 = ORIENTED_EDGE ( 'NONE', *, *, #6637, .F. ) ;
#7052 = DIRECTION ( 'NONE',  ( 0.000000000000000000, 0.000000000000000000, 1.000000000000000000 ) ) ;
#7053 = PRESENTATION_STYLE_ASSIGNMENT (( #3661 ) ) ;
#7054 = MECHANICAL_DESIGN_GEOMETRIC_PRESENTATION_REPRESENTATION (  '', ( #10056 ), #4726 ) ;
#7055 = CARTESIAN_POINT ( 'NONE',  ( -4.632082869338698394, 0.6999999999999998446, -1.904999999999999583 ) ) ;
#7056 = CARTESIAN_POINT ( 'NONE',  ( -3.175000000000000711, 0.6999999999999998446, -3.174999999999999822 ) ) ;
#7057 = AXIS2_PLACEMENT_3D ( 'NONE', #7161, #5251, #1013 ) ;
#7058 = CARTESIAN_POINT ( 'NONE',  ( -7.172082869338698430, 0.6999999999999998446, -3.174999999999999822 ) ) ;
#7059 =( NAMED_UNIT ( * ) PLANE_ANGLE_UNIT ( ) SI_UNIT ( $, .RADIAN. ) );
#7060 = CARTESIAN_POINT ( 'NONE',  ( -5.902082869338697968, 0.6999999999999998446, -3.174999999999999822 ) ) ;
#7061 =( GEOMETRIC_REPRESENTATION_CONTEXT ( 3 ) GLOBAL_UNCERTAINTY_ASSIGNED_CONTEXT ( ( #10553 ) ) GLOBAL_UNIT_ASSIGNED_CONTEXT ( ( #4419, #7822, #10308 ) ) REPRESENTATION_CONTEXT ( 'NONE', 'WORKASPACE' ) );
#7062 = CARTESIAN_POINT ( 'NONE',  ( 5.527917130661303524, 0.6999999999999998446, 0.6350000000000001199 ) ) ;
#7063 = MECHANICAL_DESIGN_GEOMETRIC_PRESENTATION_REPRESENTATION (  '', ( #5624 ), #6516 ) ;
#7064 = FACE_OUTER_BOUND ( 'NONE', #5065, .T. ) ;
#7065 = DIRECTION ( 'NONE',  ( 0.000000000000000000, 0.000000000000000000, 1.000000000000000000 ) ) ;
#7066 = CIRCLE ( 'NONE', #3688, 0.3749999999999998890 ) ;
#7067 = AXIS2_PLACEMENT_3D ( 'NONE', #6941, #2862, #9622 ) ;
#7068 = EDGE_LOOP ( 'NONE', ( #2864, #7544, #9079 ) ) ;
#7069 = ORIENTED_EDGE ( 'NONE', *, *, #4036, .F. ) ;
#7070 = FACE_OUTER_BOUND ( 'NONE', #311, .T. ) ;
#7071 = CARTESIAN_POINT ( 'NONE',  ( -1.905000000000000471, 0.000000000000000000, -3.174999999999999822 ) ) ;
#7072 = DIRECTION ( 'NONE',  ( -0.000000000000000000, -0.000000000000000000, 1.000000000000000000 ) ) ;
#7073 = FACE_OUTER_BOUND ( 'NONE', #138, .T. ) ;
#7074 = PRESENTATION_LAYER_ASSIGNMENT (  '', '', ( #10983 ) ) ;
#7075 = EDGE_CURVE ( 'NONE', #2036, #1014, #469, .T. ) ;
#7076 = FACE_OUTER_BOUND ( 'NONE', #10939, .T. ) ;
#7077 = MECHANICAL_DESIGN_GEOMETRIC_PRESENTATION_REPRESENTATION (  '', ( #5644 ), #2260 ) ;
#7078 = EDGE_CURVE ( 'NONE', #878, #9892, #4250, .T. ) ;
#7079 = ORIENTED_EDGE ( 'NONE', *, *, #7538, .F. ) ;
#7080 = FILL_AREA_STYLE_COLOUR ( '', #4610 ) ;
#7081 = MECHANICAL_DESIGN_GEOMETRIC_PRESENTATION_REPRESENTATION (  '', ( #3175 ), #639 ) ;
#7082 = FACE_OUTER_BOUND ( 'NONE', #4141, .T. ) ;
#7083 = CIRCLE ( 'NONE', #850, 0.3749999999999998890 ) ;
#7084 = ORIENTED_EDGE ( 'NONE', *, *, #4926, .T. ) ;
#7085 = DIRECTION ( 'NONE',  ( -1.000000000000000000, 0.000000000000000000, 0.000000000000000000 ) ) ;
#7086 = UNCERTAINTY_MEASURE_WITH_UNIT (LENGTH_MEASURE( 1.000000000000000082E-05 ), #2021, 'distance_accuracy_value', 'NONE');
#7087 = ORIENTED_EDGE ( 'NONE', *, *, #1500, .T. ) ;
#7088 = CARTESIAN_POINT ( 'NONE',  ( 1.904999999999999583, 0.3750000000000000000, -6.985000000000000320 ) ) ;
#7089 = DIRECTION ( 'NONE',  ( 0.000000000000000000, 0.000000000000000000, 1.000000000000000000 ) ) ;
#7090 = CARTESIAN_POINT ( 'NONE',  ( 5.715000000000000746, 0.000000000000000000, -1.904999999999999583 ) ) ;
#7091 = CARTESIAN_POINT ( 'NONE',  ( -6.985000000000000320, 0.6999999999999998446, -0.6349999999999992317 ) ) ;
#7092 = ADVANCED_FACE ( 'NONE', ( #440 ), #2924, .T. ) ;
#7093 = CARTESIAN_POINT ( 'NONE',  ( -6.797917130661303098, 0.6999999999999998446, -1.904999999999999583 ) ) ;
#7094 = EDGE_CURVE ( 'NONE', #8975, #8321, #9538, .T. ) ;
#7095 = FILL_AREA_STYLE ('',( #10375 ) ) ;
#7096 = ADVANCED_FACE ( 'NONE', ( #8935 ), #10559, .T. ) ;
#7097 = VECTOR ( 'NONE', #902, 1000.000000000000000 ) ;
#7098 = SURFACE_SIDE_STYLE ('',( #6357 ) ) ;
#7099 = DIRECTION ( 'NONE',  ( 0.000000000000000000, 0.000000000000000000, 1.000000000000000000 ) ) ;
#7100 = AXIS2_PLACEMENT_3D ( 'NONE', #8569, #5156, #321 ) ;
#7101 = VERTEX_POINT ( 'NONE', #1299 ) ;
#7102 = DIRECTION ( 'NONE',  ( 0.000000000000000000, -0.000000000000000000, -1.000000000000000000 ) ) ;
#7103 = UNCERTAINTY_MEASURE_WITH_UNIT (LENGTH_MEASURE( 1.000000000000000082E-05 ), #6152, 'distance_accuracy_value', 'NONE');
#7104 = ORIENTED_EDGE ( 'NONE', *, *, #3881, .T. ) ;
#7105 = SPHERICAL_SURFACE ( 'NONE', #4468, 0.3750000000000000000 ) ;
#7106 = EDGE_LOOP ( 'NONE', ( #7252, #6788 ) ) ;
#7107 = AXIS2_PLACEMENT_3D ( 'NONE', #8857, #1330, #5407 ) ;
#7108 = DIRECTION ( 'NONE',  ( 1.000000000000000000, 0.000000000000000000, 0.000000000000000000 ) ) ;
#7109 = DIRECTION ( 'NONE',  ( 1.224646799147353207E-16, 0.000000000000000000, -1.000000000000000000 ) ) ;
#7110 = CARTESIAN_POINT ( 'NONE',  ( -1.905000000000000471, 0.3750000000000000000, -5.714999999999999858 ) ) ;
#7111 = AXIS2_PLACEMENT_3D ( 'NONE', #3932, #5763, #5708 ) ;
#7112 = CARTESIAN_POINT ( 'NONE',  ( -0.6350000000000001199, 0.3750000000000000000, 6.985000000000001208 ) ) ;
#7113 = PRESENTATION_STYLE_ASSIGNMENT (( #279 ) ) ;
#7114 = CLOSED_SHELL ( 'NONE', ( #9447, #10610, #4701 ) ) ;
#7115 = CARTESIAN_POINT ( 'NONE',  ( -6.985000000000000320, 0.3750000000000000000, 0.6350000000000001199 ) ) ;
#7116 = DIRECTION ( 'NONE',  ( 0.000000000000000000, 0.000000000000000000, -1.000000000000000000 ) ) ;
#7117 = DIRECTION ( 'NONE',  ( 1.000000000000000000, 0.000000000000000000, 0.000000000000000000 ) ) ;
#7118 = CIRCLE ( 'NONE', #8554, 0.3750000000000003331 ) ;
#7119 = CARTESIAN_POINT ( 'NONE',  ( -5.715000000000000746, 0.6999999999999998446, 4.445000000000001172 ) ) ;
#7120 = CLOSED_SHELL ( 'NONE', ( #6034, #3341, #6150 ) ) ;
#7121 = PRESENTATION_STYLE_ASSIGNMENT (( #3727 ) ) ;
#7122 = FACE_OUTER_BOUND ( 'NONE', #5769, .T. ) ;
#7123 =( GEOMETRIC_REPRESENTATION_CONTEXT ( 3 ) GLOBAL_UNCERTAINTY_ASSIGNED_CONTEXT ( ( #7086 ) ) GLOBAL_UNIT_ASSIGNED_CONTEXT ( ( #2021, #2934, #4100 ) ) REPRESENTATION_CONTEXT ( 'NONE', 'WORKASPACE' ) );
#7124 = ORIENTED_EDGE ( 'NONE', *, *, #7921, .T. ) ;
#7125 = ORIENTED_EDGE ( 'NONE', *, *, #453, .F. ) ;
#7126 = DIRECTION ( 'NONE',  ( -0.000000000000000000, 1.000000000000000000, -0.000000000000000000 ) ) ;
#7127 = ORIENTED_EDGE ( 'NONE', *, *, #897, .T. ) ;
#7128 = DIRECTION ( 'NONE',  ( -0.000000000000000000, 1.000000000000000000, -0.000000000000000000 ) ) ;
#7129 = FILL_AREA_STYLE_COLOUR ( '', #10393 ) ;
#7130 = CARTESIAN_POINT ( 'NONE',  ( 0.8220828693386965647, 0.6999999999999998446, 1.905000000000000471 ) ) ;
#7131 = CLOSED_SHELL ( 'NONE', ( #5932, #5202, #10449 ) ) ;
#7132 = VECTOR ( 'NONE', #1480, 1000.000000000000000 ) ;
#7133 = DIRECTION ( 'NONE',  ( -0.000000000000000000, 1.000000000000000000, -0.000000000000000000 ) ) ;
#7134 = DIRECTION ( 'NONE',  ( 0.000000000000000000, 0.000000000000000000, 1.000000000000000000 ) ) ;
#7135 =( NAMED_UNIT ( * ) PLANE_ANGLE_UNIT ( ) SI_UNIT ( $, .RADIAN. ) );
#7136 = CIRCLE ( 'NONE', #8020, 0.3749999999999998890 ) ;
#7137 = ORIENTED_EDGE ( 'NONE', *, *, #2989, .F. ) ;
#7138 = CARTESIAN_POINT ( 'NONE',  ( 5.902082869338697968, 0.6999999999999998446, -4.444999999999999396 ) ) ;
#7139 = STYLED_ITEM ( 'NONE', ( #5220 ), #9806 ) ;
#7140 = EDGE_LOOP ( 'NONE', ( #8958, #10474, #10592 ) ) ;
#7141 = CIRCLE ( 'NONE', #9587, 0.3749999999999998890 ) ;
#7142 = DIRECTION ( 'NONE',  ( 0.000000000000000000, -1.000000000000000000, 0.000000000000000000 ) ) ;
#7143 = VERTEX_POINT ( 'NONE', #5585 ) ;
#7144 = FACE_OUTER_BOUND ( 'NONE', #2518, .T. ) ;
#7145 = ORIENTED_EDGE ( 'NONE', *, *, #7224, .T. ) ;
#7146 = EDGE_CURVE ( 'NONE', #2360, #10875, #5127, .T. ) ;
#7147 = DIRECTION ( 'NONE',  ( 0.000000000000000000, 0.000000000000000000, -1.000000000000000000 ) ) ;
#7148 = AXIS2_PLACEMENT_3D ( 'NONE', #851, #2535, #8334 ) ;
#7149 =( NAMED_UNIT ( * ) PLANE_ANGLE_UNIT ( ) SI_UNIT ( $, .RADIAN. ) );
#7150 = CIRCLE ( 'NONE', #1091, 0.1870828693386972497 ) ;
#7151 = SURFACE_SIDE_STYLE ('',( #260 ) ) ;
#7152 = MECHANICAL_DESIGN_GEOMETRIC_PRESENTATION_REPRESENTATION (  '', ( #2874 ), #5180 ) ;
#7153 = ADVANCED_FACE ( 'NONE', ( #9800 ), #2189, .T. ) ;
#7154 = AXIS2_PLACEMENT_3D ( 'NONE', #3871, #5701, #4031 ) ;
#7155 = CARTESIAN_POINT ( 'NONE',  ( 0.6349999999999992317, 0.3750000000000000000, 6.985000000000001208 ) ) ;
#7156 = DIRECTION ( 'NONE',  ( 0.000000000000000000, -0.000000000000000000, -1.000000000000000000 ) ) ;
#7157 = CIRCLE ( 'NONE', #11, 0.1870828693386972497 ) ;
#7158 = MECHANICAL_DESIGN_GEOMETRIC_PRESENTATION_REPRESENTATION (  '', ( #10182 ), #9987 ) ;
#7159 = DIRECTION ( 'NONE',  ( 0.000000000000000000, 0.000000000000000000, 1.000000000000000000 ) ) ;
#7160 = ORIENTED_EDGE ( 'NONE', *, *, #8404, .F. ) ;
#7161 = CARTESIAN_POINT ( 'NONE',  ( -6.985000000000000320, 0.6999999999999998446, -0.6349999999999992317 ) ) ;
#7162 = AXIS2_PLACEMENT_3D ( 'NONE', #7321, #9077, #9964 ) ;
#7163 = ORIENTED_EDGE ( 'NONE', *, *, #915, .T. ) ;
#7164 = EDGE_CURVE ( 'NONE', #8837, #3595, #4586, .T. ) ;
#7165 = DIRECTION ( 'NONE',  ( 0.000000000000000000, -0.000000000000000000, -1.000000000000000000 ) ) ;
#7166 = DIRECTION ( 'NONE',  ( 0.000000000000000000, 0.000000000000000000, 1.000000000000000000 ) ) ;
#7167 = MECHANICAL_DESIGN_GEOMETRIC_PRESENTATION_REPRESENTATION (  '', ( #4128 ), #1096 ) ;
#7168 = ORIENTED_EDGE ( 'NONE', *, *, #8056, .F. ) ;
#7169 = FACE_OUTER_BOUND ( 'NONE', #7734, .T. ) ;
#7170 = CARTESIAN_POINT ( 'NONE',  ( -5.715000000000000746, 0.3750000000000000000, -4.444999999999999396 ) ) ;
#7171 = DIRECTION ( 'NONE',  ( 1.000000000000000000, 0.000000000000000000, 0.000000000000000000 ) ) ;
#7172 = CIRCLE ( 'NONE', #1106, 0.3749999999999998890 ) ;
#7173 = DIRECTION ( 'NONE',  ( -1.000000000000000000, 0.000000000000000000, 0.000000000000000000 ) ) ;
#7174 = SURFACE_STYLE_FILL_AREA ( #3769 ) ;
#7175 = PRESENTATION_LAYER_ASSIGNMENT (  '', '', ( #4335 ) ) ;
#7176 = FACE_OUTER_BOUND ( 'NONE', #4950, .T. ) ;
#7177 = EDGE_CURVE ( 'NONE', #651, #5780, #5461, .T. ) ;
#7178 =( NAMED_UNIT ( * ) SI_UNIT ( $, .STERADIAN. ) SOLID_ANGLE_UNIT ( ) );
#7179 = PRESENTATION_LAYER_ASSIGNMENT (  '', '', ( #936 ) ) ;
#7180 = DIRECTION ( 'NONE',  ( 1.000000000000000000, 0.000000000000000000, 0.000000000000000000 ) ) ;
#7181 = ADVANCED_FACE ( 'NONE', ( #4973 ), #8504, .F. ) ;
#7182 = CARTESIAN_POINT ( 'NONE',  ( -3.175000000000000711, 0.3750000000000000000, 5.715000000000001634 ) ) ;
#7183 = AXIS2_PLACEMENT_3D ( 'NONE', #10947, #10106, #10537 ) ;
#7184 = DIRECTION ( 'NONE',  ( -0.000000000000000000, 1.000000000000000000, -0.000000000000000000 ) ) ;
#7185 = DIRECTION ( 'NONE',  ( -0.000000000000000000, 1.000000000000000000, -0.000000000000000000 ) ) ;
#7186 = AXIS2_PLACEMENT_3D ( 'NONE', #6257, #9524, #7992 ) ;
#7187 = ORIENTED_EDGE ( 'NONE', *, *, #1354, .T. ) ;
#7188 = ORIENTED_EDGE ( 'NONE', *, *, #2017, .T. ) ;
#7189 = DIRECTION ( 'NONE',  ( -0.000000000000000000, 1.000000000000000000, -0.000000000000000000 ) ) ;
#7190 = VERTEX_POINT ( 'NONE', #3209 ) ;
#7191 = CARTESIAN_POINT ( 'NONE',  ( -1.717917130661303249, 0.6999999999999998446, -3.174999999999999822 ) ) ;
#7192 = ADVANCED_FACE ( 'NONE', ( #2531 ), #5865, .T. ) ;
#7193 = VERTEX_POINT ( 'NONE', #789 ) ;
#7194 = CARTESIAN_POINT ( 'NONE',  ( -7.500000000000005329, 0.7000000000000000666, 7.500000000000001776 ) ) ;
#7195 = EDGE_CURVE ( 'NONE', #5033, #9391, #1193, .T. ) ;
#7196 = DIRECTION ( 'NONE',  ( -0.000000000000000000, 1.000000000000000000, -0.000000000000000000 ) ) ;
#7197 =( LENGTH_UNIT ( ) NAMED_UNIT ( * ) SI_UNIT ( .MILLI., .METRE. ) );
#7198 = AXIS2_PLACEMENT_3D ( 'NONE', #7250, #4843, #7374 ) ;
#7199 =( GEOMETRIC_REPRESENTATION_CONTEXT ( 3 ) GLOBAL_UNCERTAINTY_ASSIGNED_CONTEXT ( ( #8974 ) ) GLOBAL_UNIT_ASSIGNED_CONTEXT ( ( #4066, #641, #9072 ) ) REPRESENTATION_CONTEXT ( 'NONE', 'WORKASPACE' ) );
#7200 = ORIENTED_EDGE ( 'NONE', *, *, #241, .T. ) ;
#7201 = PRESENTATION_STYLE_ASSIGNMENT (( #9765 ) ) ;
#7202 = CIRCLE ( 'NONE', #9129, 0.1870828693386972497 ) ;
#7203 = EDGE_LOOP ( 'NONE', ( #1676, #4108 ) ) ;
#7204 = CARTESIAN_POINT ( 'NONE',  ( -5.715000000000000746, 0.6999999999999998446, -0.6349999999999992317 ) ) ;
#7205 = ORIENTED_EDGE ( 'NONE', *, *, #7078, .F. ) ;
#7206 = CARTESIAN_POINT ( 'NONE',  ( 3.174999999999999822, 0.6999999999999998446, 5.715000000000001634 ) ) ;
#7207 = ORIENTED_EDGE ( 'NONE', *, *, #8169, .T. ) ;
#7208 = FACE_OUTER_BOUND ( 'NONE', #2762, .T. ) ;
#7209 = CARTESIAN_POINT ( 'NONE',  ( -1.905000000000000471, 0.6999999999999998446, -1.904999999999999583 ) ) ;
#7210 = EDGE_CURVE ( 'NONE', #3705, #3817, #6916, .T. ) ;
#7211 = CARTESIAN_POINT ( 'NONE',  ( -2.987917130661303489, 0.6999999999999998446, -3.174999999999999822 ) ) ;
#7212 = ORIENTED_EDGE ( 'NONE', *, *, #998, .F. ) ;
#7213 = UNCERTAINTY_MEASURE_WITH_UNIT (LENGTH_MEASURE( 1.000000000000000082E-05 ), #2104, 'distance_accuracy_value', 'NONE');
#7214 = ORIENTED_EDGE ( 'NONE', *, *, #7424, .T. ) ;
#7215 = CARTESIAN_POINT ( 'NONE',  ( 6.985000000000000320, 0.6999999999999998446, -4.444999999999999396 ) ) ;
#7216 = DIRECTION ( 'NONE',  ( 0.000000000000000000, 0.000000000000000000, -1.000000000000000000 ) ) ;
#7217 = ORIENTED_EDGE ( 'NONE', *, *, #6904, .F. ) ;
#7218 = SURFACE_SIDE_STYLE ('',( #6367 ) ) ;
#7219 = PLANE ( 'NONE',  #8862 ) ;
#7220 = DIRECTION ( 'NONE',  ( 1.000000000000000000, 0.000000000000000000, 0.000000000000000000 ) ) ;
#7221 = EDGE_CURVE ( 'NONE', #7190, #6678, #8331, .T. ) ;
#7222 = FACE_OUTER_BOUND ( 'NONE', #6521, .T. ) ;
#7223 = SURFACE_STYLE_FILL_AREA ( #10776 ) ;
#7224 = EDGE_CURVE ( 'NONE', #1534, #2431, #7454, .T. ) ;
#7225 = SPHERICAL_SURFACE ( 'NONE', #3933, 0.3750000000000000000 ) ;
#7226 = AXIS2_PLACEMENT_3D ( 'NONE', #5894, #3508, #6863 ) ;
#7227 = SURFACE_STYLE_FILL_AREA ( #1307 ) ;
#7228 = SPHERICAL_SURFACE ( 'NONE', #2920, 0.3750000000000000000 ) ;
#7229 = FILL_AREA_STYLE ('',( #10676 ) ) ;
#7230 = CARTESIAN_POINT ( 'NONE',  ( -7.172082869338698430, 0.6999999999999998446, -0.6349999999999992317 ) ) ;
#7231 = CIRCLE ( 'NONE', #3498, 0.3749999999999998890 ) ;
#7232 = ADVANCED_FACE ( 'NONE', ( #8274 ), #2409, .T. ) ;
#7233 = EDGE_CURVE ( 'NONE', #2594, #6747, #11053, .T. ) ;
#7234 = SURFACE_SIDE_STYLE ('',( #3835 ) ) ;
#7235 = ADVANCED_FACE ( 'NONE', ( #8328 ), #724, .T. ) ;
#7236 = ORIENTED_EDGE ( 'NONE', *, *, #2263, .F. ) ;
#7237 = VERTEX_POINT ( 'NONE', #7497 ) ;
#7238 = DIRECTION ( 'NONE',  ( 0.000000000000000000, -0.000000000000000000, -1.000000000000000000 ) ) ;
#7239 = AXIS2_PLACEMENT_3D ( 'NONE', #5798, #9133, #9237 ) ;
#7240 = CARTESIAN_POINT ( 'NONE',  ( -0.8220828693386974528, 0.6999999999999998446, 1.905000000000000471 ) ) ;
#7241 = DIRECTION ( 'NONE',  ( 0.000000000000000000, 0.000000000000000000, 1.000000000000000000 ) ) ;
#7242 = FACE_OUTER_BOUND ( 'NONE', #5402, .T. ) ;
#7243 = CARTESIAN_POINT ( 'NONE',  ( -4.445000000000001172, 0.6999999999999998446, -0.6349999999999992317 ) ) ;
#7244 = AXIS2_PLACEMENT_3D ( 'NONE', #7756, #2731, #6001 ) ;
#7245 = CARTESIAN_POINT ( 'NONE',  ( -5.715000000000000746, 0.6999999999999998446, 1.905000000000000471 ) ) ;
#7246 = CARTESIAN_POINT ( 'NONE',  ( -7.500000000000005329, 0.7000000000000000666, 7.500000000000001776 ) ) ;
#7247 = EDGE_CURVE ( 'NONE', #5238, #8438, #6925, .T. ) ;
#7248 = DIRECTION ( 'NONE',  ( 0.000000000000000000, 0.000000000000000000, 1.000000000000000000 ) ) ;
#7249 = ORIENTED_EDGE ( 'NONE', *, *, #6108, .F. ) ;
#7250 = CARTESIAN_POINT ( 'NONE',  ( 5.715000000000000746, 0.6999999999999998446, -6.985000000000000320 ) ) ;
#7251 = PRESENTATION_LAYER_ASSIGNMENT (  '', '', ( #7626 ) ) ;
#7252 = ORIENTED_EDGE ( 'NONE', *, *, #2937, .T. ) ;
#7253 = CARTESIAN_POINT ( 'NONE',  ( -1.905000000000000471, 0.6999999999999999556, -1.904999999999999583 ) ) ;
#7254 = DIRECTION ( 'NONE',  ( 0.000000000000000000, 0.000000000000000000, 1.000000000000000000 ) ) ;
#7255 = EDGE_LOOP ( 'NONE', ( #5797, #6843, #8961 ) ) ;
#7256 =( GEOMETRIC_REPRESENTATION_CONTEXT ( 3 ) GLOBAL_UNCERTAINTY_ASSIGNED_CONTEXT ( ( #954 ) ) GLOBAL_UNIT_ASSIGNED_CONTEXT ( ( #9602, #2843, #9653 ) ) REPRESENTATION_CONTEXT ( 'NONE', 'WORKASPACE' ) );
#7257 = DIRECTION ( 'NONE',  ( 1.000000000000000000, 0.000000000000000000, 0.000000000000000000 ) ) ;
#7258 = DIRECTION ( 'NONE',  ( 1.000000000000000000, 0.000000000000000000, 0.000000000000000000 ) ) ;
#7259 = FACE_OUTER_BOUND ( 'NONE', #2006, .T. ) ;
#7260 = STYLED_ITEM ( 'NONE', ( #3748 ), #10188 ) ;
#7261 = DIRECTION ( 'NONE',  ( 0.000000000000000000, 0.000000000000000000, -1.000000000000000000 ) ) ;
#7262 = DIRECTION ( 'NONE',  ( -0.000000000000000000, 1.000000000000000000, -0.000000000000000000 ) ) ;
#7263 = CIRCLE ( 'NONE', #1555, 0.1870828693386972497 ) ;
#7264 =( NAMED_UNIT ( * ) PLANE_ANGLE_UNIT ( ) SI_UNIT ( $, .RADIAN. ) );
#7265 = FACE_OUTER_BOUND ( 'NONE', #10033, .T. ) ;
#7266 = ORIENTED_EDGE ( 'NONE', *, *, #5631, .T. ) ;
#7267 = CARTESIAN_POINT ( 'NONE',  ( -0.6350000000000001199, 0.3750000000000000000, 4.445000000000001172 ) ) ;
#7268 = ORIENTED_EDGE ( 'NONE', *, *, #8297, .F. ) ;
#7269 = CIRCLE ( 'NONE', #2453, 0.1870828693386972497 ) ;
#7270 = CARTESIAN_POINT ( 'NONE',  ( 2.987917130661302600, 0.6999999999999998446, -3.174999999999999822 ) ) ;
#7271 = DIRECTION ( 'NONE',  ( 0.000000000000000000, 0.000000000000000000, -1.000000000000000000 ) ) ;
#7272 = ORIENTED_EDGE ( 'NONE', *, *, #2365, .F. ) ;
#7273 = SURFACE_STYLE_USAGE ( .BOTH. , #9920 ) ;
#7274 = FACE_OUTER_BOUND ( 'NONE', #4430, .T. ) ;
#7275 = DIRECTION ( 'NONE',  ( -1.000000000000000000, 0.000000000000000000, 0.000000000000000000 ) ) ;
#7276 = CARTESIAN_POINT ( 'NONE',  ( -3.362082869338697932, 0.6999999999999998446, 3.175000000000000711 ) ) ;
#7277 = SURFACE_STYLE_USAGE ( .BOTH. , #1303 ) ;
#7278 = MECHANICAL_DESIGN_GEOMETRIC_PRESENTATION_REPRESENTATION (  '', ( #3889 ), #10834 ) ;
#7279 = DIRECTION ( 'NONE',  ( 0.000000000000000000, -1.000000000000000000, 0.000000000000000000 ) ) ;
#7280 = ADVANCED_FACE ( 'NONE', ( #604 ), #10943, .T. ) ;
#7281 = DIRECTION ( 'NONE',  ( 0.000000000000000000, -0.000000000000000000, -1.000000000000000000 ) ) ;
#7282 = CIRCLE ( 'NONE', #7820, 0.1870828693386972497 ) ;
#7283 =( LENGTH_UNIT ( ) NAMED_UNIT ( * ) SI_UNIT ( .MILLI., .METRE. ) );
#7284 = DIRECTION ( 'NONE',  ( 0.000000000000000000, 0.000000000000000000, -1.000000000000000000 ) ) ;
#7285 = FILL_AREA_STYLE ('',( #2828 ) ) ;
#7286 = ADVANCED_FACE ( 'NONE', ( #10831 ), #9983, .F. ) ;
#7287 = AXIS2_PLACEMENT_3D ( 'NONE', #1777, #9296, #4256 ) ;
#7288 = CARTESIAN_POINT ( 'NONE',  ( -6.797917130661303098, 0.6999999999999998446, -5.714999999999999858 ) ) ;
#7289 = DIRECTION ( 'NONE',  ( 0.000000000000000000, 0.000000000000000000, -1.000000000000000000 ) ) ;
#7290 = AXIS2_PLACEMENT_3D ( 'NONE', #1117, #7089, #2853 ) ;
#7291 = DIRECTION ( 'NONE',  ( -1.000000000000000000, 0.000000000000000000, 0.000000000000000000 ) ) ;
#7292 = EDGE_LOOP ( 'NONE', ( #2573, #10770 ) ) ;
#7293 = EDGE_LOOP ( 'NONE', ( #4363, #10586, #4204 ) ) ;
#7294 = DIRECTION ( 'NONE',  ( -0.000000000000000000, 1.000000000000000000, -0.000000000000000000 ) ) ;
#7295 =( GEOMETRIC_REPRESENTATION_CONTEXT ( 3 ) GLOBAL_UNCERTAINTY_ASSIGNED_CONTEXT ( ( #4732 ) ) GLOBAL_UNIT_ASSIGNED_CONTEXT ( ( #5501, #8848, #8026 ) ) REPRESENTATION_CONTEXT ( 'NONE', 'WORKASPACE' ) );
#7296 = CARTESIAN_POINT ( 'NONE',  ( 0.6349999999999992317, 0.6999999999999998446, -4.444999999999999396 ) ) ;
#7297 = SURFACE_SIDE_STYLE ('',( #2085 ) ) ;
#7298 = DIRECTION ( 'NONE',  ( 1.000000000000000000, 0.000000000000000000, 0.000000000000000000 ) ) ;
#7299 = CIRCLE ( 'NONE', #1225, 0.3750000000000003331 ) ;
#7300 = DIRECTION ( 'NONE',  ( 0.000000000000000000, 0.000000000000000000, -1.000000000000000000 ) ) ;
#7301 = EDGE_CURVE ( 'NONE', #6255, #4274, #5472, .T. ) ;
#7302 = EDGE_CURVE ( 'NONE', #8321, #4609, #2079, .T. ) ;
#7303 = CLOSED_SHELL ( 'NONE', ( #6266, #8240, #2206 ) ) ;
#7304 = SPHERICAL_SURFACE ( 'NONE', #10237, 0.3750000000000000000 ) ;
#7305 =( NAMED_UNIT ( * ) PLANE_ANGLE_UNIT ( ) SI_UNIT ( $, .RADIAN. ) );
#7306 = DIRECTION ( 'NONE',  ( 0.000000000000000000, -1.000000000000000000, 0.000000000000000000 ) ) ;
#7307 = DIRECTION ( 'NONE',  ( 0.000000000000000000, -1.000000000000000000, 0.000000000000000000 ) ) ;
#7308 = EDGE_LOOP ( 'NONE', ( #6752, #7647, #1993 ) ) ;
#7309 = CLOSED_SHELL ( 'NONE', ( #10930, #9113, #9051 ) ) ;
#7310 = DIRECTION ( 'NONE',  ( -0.000000000000000000, 1.000000000000000000, -0.000000000000000000 ) ) ;
#7311 = ORIENTED_EDGE ( 'NONE', *, *, #3355, .F. ) ;
#7312 = CARTESIAN_POINT ( 'NONE',  ( 5.715000000000000746, 0.3750000000000000000, -5.714999999999999858 ) ) ;
#7313 = EDGE_CURVE ( 'NONE', #4395, #748, #3536, .T. ) ;
#7314 = AXIS2_PLACEMENT_3D ( 'NONE', #564, #9201, #1528 ) ;
#7315 = UNCERTAINTY_MEASURE_WITH_UNIT (LENGTH_MEASURE( 1.000000000000000082E-05 ), #6386, 'distance_accuracy_value', 'NONE');
#7316 = ORIENTED_EDGE ( 'NONE', *, *, #10142, .T. ) ;
#7317 = FACE_OUTER_BOUND ( 'NONE', #9848, .T. ) ;
#7318 = EDGE_CURVE ( 'NONE', #1257, #10115, #116, .T. ) ;
#7319 = DIRECTION ( 'NONE',  ( -1.000000000000000000, 0.000000000000000000, 0.000000000000000000 ) ) ;
#7320 = AXIS2_PLACEMENT_3D ( 'NONE', #1191, #10395, #173 ) ;
#7321 = CARTESIAN_POINT ( 'NONE',  ( -6.985000000000000320, 0.3750000000000000000, -0.6349999999999992317 ) ) ;
#7322 = CARTESIAN_POINT ( 'NONE',  ( -5.715000000000000746, 0.3750000000000000000, 5.715000000000001634 ) ) ;
#7323 = AXIS2_PLACEMENT_3D ( 'NONE', #2480, #3492, #10224 ) ;
#7324 = AXIS2_PLACEMENT_3D ( 'NONE', #3334, #4226, #9203 ) ;
#7325 = DIRECTION ( 'NONE',  ( 0.000000000000000000, 0.000000000000000000, 1.000000000000000000 ) ) ;
#7326 = DIRECTION ( 'NONE',  ( 0.000000000000000000, 0.000000000000000000, -1.000000000000000000 ) ) ;
#7327 = ORIENTED_EDGE ( 'NONE', *, *, #6184, .T. ) ;
#7328 = FACE_OUTER_BOUND ( 'NONE', #2386, .T. ) ;
#7329 = AXIS2_PLACEMENT_3D ( 'NONE', #4332, #4428, #7829 ) ;
#7330 = UNCERTAINTY_MEASURE_WITH_UNIT (LENGTH_MEASURE( 1.000000000000000082E-05 ), #6465, 'distance_accuracy_value', 'NONE');
#7331 = EDGE_LOOP ( 'NONE', ( #5667, #2743, #4955 ) ) ;
#7332 = DIRECTION ( 'NONE',  ( 0.000000000000000000, 0.000000000000000000, -1.000000000000000000 ) ) ;
#7333 = EDGE_CURVE ( 'NONE', #5470, #6118, #2642, .T. ) ;
#7334 = AXIS2_PLACEMENT_3D ( 'NONE', #4112, #10060, #10008 ) ;
#7335 = FACE_OUTER_BOUND ( 'NONE', #3168, .T. ) ;
#7336 = ORIENTED_EDGE ( 'NONE', *, *, #1205, .T. ) ;
#7337 = AXIS2_PLACEMENT_3D ( 'NONE', #923, #7575, #2484 ) ;
#7338 = CARTESIAN_POINT ( 'NONE',  ( 0.8220828693386965647, 0.6999999999999998446, -1.904999999999999583 ) ) ;
#7339 = CARTESIAN_POINT ( 'NONE',  ( -4.445000000000001172, 0.000000000000000000, 6.985000000000001208 ) ) ;
#7340 = PRESENTATION_STYLE_ASSIGNMENT (( #4807 ) ) ;
#7341 = CIRCLE ( 'NONE', #10342, 0.3750000000000003331 ) ;
#7342 = AXIS2_PLACEMENT_3D ( 'NONE', #1503, #6583, #5080 ) ;
#7343 = AXIS2_PLACEMENT_3D ( 'NONE', #4377, #7040, #5244 ) ;
#7344 = DIRECTION ( 'NONE',  ( -0.000000000000000000, 1.000000000000000000, -0.000000000000000000 ) ) ;
#7345 = PRESENTATION_LAYER_ASSIGNMENT (  '', '', ( #5537 ) ) ;
#7346 =( NAMED_UNIT ( * ) SI_UNIT ( $, .STERADIAN. ) SOLID_ANGLE_UNIT ( ) );
#7347 = CARTESIAN_POINT ( 'NONE',  ( 6.985000000000000320, 0.3750000000000000000, -6.985000000000000320 ) ) ;
#7348 = CIRCLE ( 'NONE', #4659, 0.1870828693386972497 ) ;
#7349 = SPHERICAL_SURFACE ( 'NONE', #7847, 0.3750000000000000000 ) ;
#7350 = CARTESIAN_POINT ( 'NONE',  ( 0.6349999999999992317, 0.6999999999999999556, -5.714999999999999858 ) ) ;
#7351 = AXIS2_PLACEMENT_3D ( 'NONE', #219, #7001, #10439 ) ;
#7352 = DIRECTION ( 'NONE',  ( 1.000000000000000000, 0.000000000000000000, 0.000000000000000000 ) ) ;
#7353 = FILL_AREA_STYLE ('',( #1423 ) ) ;
#7354 = PRESENTATION_LAYER_ASSIGNMENT (  '', '', ( #10897 ) ) ;
#7355 = VERTEX_POINT ( 'NONE', #6225 ) ;
#7356 = ORIENTED_EDGE ( 'NONE', *, *, #4316, .F. ) ;
#7357 = DIRECTION ( 'NONE',  ( 0.000000000000000000, 0.000000000000000000, 1.000000000000000000 ) ) ;
#7358 = DIRECTION ( 'NONE',  ( 0.000000000000000000, -1.000000000000000000, 0.000000000000000000 ) ) ;
#7359 =( NAMED_UNIT ( * ) SI_UNIT ( $, .STERADIAN. ) SOLID_ANGLE_UNIT ( ) );
#7360 = ORIENTED_EDGE ( 'NONE', *, *, #3452, .F. ) ;
#7361 = SPHERICAL_SURFACE ( 'NONE', #9642, 0.3750000000000000000 ) ;
#7362 = CIRCLE ( 'NONE', #8242, 0.3749999999999998890 ) ;
#7363 = FACE_OUTER_BOUND ( 'NONE', #1291, .T. ) ;
#7364 = CARTESIAN_POINT ( 'NONE',  ( -7.500000000000005329, 0.7000000000000000666, 7.500000000000001776 ) ) ;
#7365 = CARTESIAN_POINT ( 'NONE',  ( 0.6349999999999992317, 0.3750000000000000000, 0.6350000000000001199 ) ) ;
#7366 = DIRECTION ( 'NONE',  ( 0.000000000000000000, 0.000000000000000000, 1.000000000000000000 ) ) ;
#7367 = CIRCLE ( 'NONE', #7006, 0.1870828693386972497 ) ;
#7368 = DIRECTION ( 'NONE',  ( 0.000000000000000000, -0.000000000000000000, -1.000000000000000000 ) ) ;
#7369 = EDGE_LOOP ( 'NONE', ( #1754, #7266, #5813 ) ) ;
#7370 = EDGE_CURVE ( 'NONE', #9391, #2098, #4943, .T. ) ;
#7371 = EDGE_CURVE ( 'NONE', #10250, #7467, #4059, .T. ) ;
#7372 = EDGE_CURVE ( 'NONE', #5850, #10782, #4596, .T. ) ;
#7373 = ORIENTED_EDGE ( 'NONE', *, *, #118, .F. ) ;
#7374 = DIRECTION ( 'NONE',  ( 0.000000000000000000, 0.000000000000000000, 1.000000000000000000 ) ) ;
#7375 = ORIENTED_EDGE ( 'NONE', *, *, #10705, .F. ) ;
#7376 = CIRCLE ( 'NONE', #9815, 0.1870828693386972497 ) ;
#7377 = EDGE_LOOP ( 'NONE', ( #10497, #4488 ) ) ;
#7378 = PRESENTATION_STYLE_ASSIGNMENT (( #9723 ) ) ;
#7379 = AXIS2_PLACEMENT_3D ( 'NONE', #5229, #187, #880 ) ;
#7380 =( GEOMETRIC_REPRESENTATION_CONTEXT ( 3 ) GLOBAL_UNCERTAINTY_ASSIGNED_CONTEXT ( ( #8769 ) ) GLOBAL_UNIT_ASSIGNED_CONTEXT ( ( #1717, #243, #5332 ) ) REPRESENTATION_CONTEXT ( 'NONE', 'WORKASPACE' ) );
#7381 = FACE_OUTER_BOUND ( 'NONE', #9198, .T. ) ;
#7382 = EDGE_CURVE ( 'NONE', #4644, #8460, #1870, .T. ) ;
#7383 = CARTESIAN_POINT ( 'NONE',  ( -3.175000000000000711, 0.6999999999999998446, 5.715000000000001634 ) ) ;
#7384 = CIRCLE ( 'NONE', #4166, 0.1870828693386972497 ) ;
#7385 = EDGE_CURVE ( 'NONE', #2921, #2811, #2407, .T. ) ;
#7386 = ORIENTED_EDGE ( 'NONE', *, *, #5595, .T. ) ;
#7387 = DIRECTION ( 'NONE',  ( -1.000000000000000000, 0.000000000000000000, 0.000000000000000000 ) ) ;
#7388 = ORIENTED_EDGE ( 'NONE', *, *, #5847, .F. ) ;
#7389 = AXIS2_PLACEMENT_3D ( 'NONE', #3841, #4776, #7298 ) ;
#7390 = ORIENTED_EDGE ( 'NONE', *, *, #86, .T. ) ;
#7391 = DIRECTION ( 'NONE',  ( 1.000000000000000000, 0.000000000000000000, 0.000000000000000000 ) ) ;
#7392 = CARTESIAN_POINT ( 'NONE',  ( 3.174999999999999822, 0.6999999999999999556, -3.174999999999999822 ) ) ;
#7393 = ORIENTED_EDGE ( 'NONE', *, *, #5035, .T. ) ;
#7394 = FACE_OUTER_BOUND ( 'NONE', #1445, .T. ) ;
#7395 = DIRECTION ( 'NONE',  ( 1.000000000000000000, 0.000000000000000000, 0.000000000000000000 ) ) ;
#7396 = DIRECTION ( 'NONE',  ( 0.000000000000000000, 0.000000000000000000, 1.000000000000000000 ) ) ;
#7397 = DIRECTION ( 'NONE',  ( -0.000000000000000000, 1.000000000000000000, -0.000000000000000000 ) ) ;
#7398 = DIRECTION ( 'NONE',  ( 0.000000000000000000, 0.000000000000000000, 1.000000000000000000 ) ) ;
#7399 = EDGE_CURVE ( 'NONE', #1813, #5562, #5253, .T. ) ;
#7400 = DIRECTION ( 'NONE',  ( 0.000000000000000000, 0.000000000000000000, -1.000000000000000000 ) ) ;
#7401 = ORIENTED_EDGE ( 'NONE', *, *, #10750, .F. ) ;
#7402 = FACE_OUTER_BOUND ( 'NONE', #2348, .T. ) ;
#7403 = CARTESIAN_POINT ( 'NONE',  ( -0.6350000000000001199, 0.3750000000000000000, 3.175000000000000711 ) ) ;
#7404 = CARTESIAN_POINT ( 'NONE',  ( 6.985000000000000320, 0.6999999999999998446, -3.174999999999999822 ) ) ;
#7405 = FACE_OUTER_BOUND ( 'NONE', #6757, .T. ) ;
#7406 = AXIS2_PLACEMENT_3D ( 'NONE', #2326, #6396, #1436 ) ;
#7407 = SURFACE_STYLE_FILL_AREA ( #3165 ) ;
#7408 = SURFACE_SIDE_STYLE ('',( #2424 ) ) ;
#7409 = ORIENTED_EDGE ( 'NONE', *, *, #7164, .T. ) ;
#7410 = VERTEX_POINT ( 'NONE', #5392 ) ;
#7411 =( GEOMETRIC_REPRESENTATION_CONTEXT ( 3 ) GLOBAL_UNCERTAINTY_ASSIGNED_CONTEXT ( ( #1290 ) ) GLOBAL_UNIT_ASSIGNED_CONTEXT ( ( #755, #5668, #9059 ) ) REPRESENTATION_CONTEXT ( 'NONE', 'WORKASPACE' ) );
#7412 = DIRECTION ( 'NONE',  ( 0.000000000000000000, 0.000000000000000000, 1.000000000000000000 ) ) ;
#7413 = FILL_AREA_STYLE ('',( #2512 ) ) ;
#7414 = ORIENTED_EDGE ( 'NONE', *, *, #5580, .T. ) ;
#7415 = CARTESIAN_POINT ( 'NONE',  ( -3.175000000000000711, 0.3750000000000000000, -3.174999999999999822 ) ) ;
#7416 =( GEOMETRIC_REPRESENTATION_CONTEXT ( 3 ) GLOBAL_UNCERTAINTY_ASSIGNED_CONTEXT ( ( #5404 ) ) GLOBAL_UNIT_ASSIGNED_CONTEXT ( ( #2514, #10816, #6586 ) ) REPRESENTATION_CONTEXT ( 'NONE', 'WORKASPACE' ) );
#7417 = CARTESIAN_POINT ( 'NONE',  ( -0.6350000000000001199, 0.6999999999999998446, 0.6350000000000001199 ) ) ;
#7418 =( NAMED_UNIT ( * ) PLANE_ANGLE_UNIT ( ) SI_UNIT ( $, .RADIAN. ) );
#7419 = CARTESIAN_POINT ( 'NONE',  ( -2.987917130661303489, 0.6999999999999998446, -0.6349999999999992317 ) ) ;
#7420 = ORIENTED_EDGE ( 'NONE', *, *, #6133, .F. ) ;
#7421 = SURFACE_SIDE_STYLE ('',( #8187 ) ) ;
#7422 = VERTEX_POINT ( 'NONE', #1266 ) ;
#7423 = DIRECTION ( 'NONE',  ( 0.000000000000000000, 0.000000000000000000, 1.000000000000000000 ) ) ;
#7424 = EDGE_CURVE ( 'NONE', #3732, #7465, #3843, .T. ) ;
#7425 = EDGE_LOOP ( 'NONE', ( #25, #6708, #6477 ) ) ;
#7426 = AXIS2_PLACEMENT_3D ( 'NONE', #2784, #7812, #6967 ) ;
#7427 = CIRCLE ( 'NONE', #1175, 0.3750000000000003331 ) ;
#7429 = ADVANCED_FACE ( 'NONE', ( #10214 ), #3484, .T. ) ;
#7428 = CIRCLE ( 'NONE', #2618, 0.3749999999999998890 ) ;
#7430 = DIRECTION ( 'NONE',  ( 0.000000000000000000, 0.000000000000000000, -1.000000000000000000 ) ) ;
#7431 = CARTESIAN_POINT ( 'NONE',  ( -4.632082869338698394, 0.6999999999999998446, -3.174999999999999822 ) ) ;
#7432 = SURFACE_SIDE_STYLE ('',( #3415 ) ) ;
#7433 = CARTESIAN_POINT ( 'NONE',  ( -4.445000000000001172, 0.6999999999999998446, 5.715000000000001634 ) ) ;
#7434 = CIRCLE ( 'NONE', #7244, 0.3750000000000003331 ) ;
#7435 = VERTEX_POINT ( 'NONE', #3681 ) ;
#7436 = FACE_OUTER_BOUND ( 'NONE', #5677, .T. ) ;
#7437 = PRESENTATION_LAYER_ASSIGNMENT (  '', '', ( #6530 ) ) ;
#7438 = ORIENTED_EDGE ( 'NONE', *, *, #4036, .T. ) ;
#7439 = UNCERTAINTY_MEASURE_WITH_UNIT (LENGTH_MEASURE( 1.000000000000000082E-05 ), #5333, 'distance_accuracy_value', 'NONE');
#7440 = VERTEX_POINT ( 'NONE', #5142 ) ;
#7441 = VERTEX_POINT ( 'NONE', #5441 ) ;
#7442 = DIRECTION ( 'NONE',  ( 1.000000000000000000, 0.000000000000000000, 0.000000000000000000 ) ) ;
#7443 = FACE_OUTER_BOUND ( 'NONE', #8373, .T. ) ;
#7444 = ADVANCED_FACE ( 'NONE', ( #7076 ), #3736, .T. ) ;
#7445 = MECHANICAL_DESIGN_GEOMETRIC_PRESENTATION_REPRESENTATION (  '', ( #10983 ), #8843 ) ;
#7446 = DIRECTION ( 'NONE',  ( 0.000000000000000000, -1.000000000000000000, 0.000000000000000000 ) ) ;
#7447 = DIRECTION ( 'NONE',  ( 0.000000000000000000, 0.000000000000000000, -1.000000000000000000 ) ) ;
#7448 = CARTESIAN_POINT ( 'NONE',  ( -5.715000000000000746, 0.6999999999999999556, 3.175000000000000711 ) ) ;
#7449 = AXIS2_PLACEMENT_3D ( 'NONE', #10996, #6601, #6664 ) ;
#7450 = DIRECTION ( 'NONE',  ( 1.000000000000000000, 0.000000000000000000, 0.000000000000000000 ) ) ;
#7451 = MECHANICAL_DESIGN_GEOMETRIC_PRESENTATION_REPRESENTATION (  '', ( #7260 ), #5286 ) ;
#7452 = ORIENTED_EDGE ( 'NONE', *, *, #9852, .T. ) ;
#7453 = EDGE_LOOP ( 'NONE', ( #3655, #6825, #4813 ) ) ;
#7454 = CIRCLE ( 'NONE', #8852, 0.1870828693386972497 ) ;
#7455 = DIRECTION ( 'NONE',  ( 0.000000000000000000, 0.000000000000000000, -1.000000000000000000 ) ) ;
#7456 = PRESENTATION_STYLE_ASSIGNMENT (( #10951 ) ) ;
#7457 = DIRECTION ( 'NONE',  ( 1.000000000000000000, 0.000000000000000000, 0.000000000000000000 ) ) ;
#7458 = FACE_OUTER_BOUND ( 'NONE', #6814, .T. ) ;
#7459 = MECHANICAL_DESIGN_GEOMETRIC_PRESENTATION_REPRESENTATION (  '', ( #9195 ), #8527 ) ;
#7460 = AXIS2_PLACEMENT_3D ( 'NONE', #7939, #9471, #2007 ) ;
#7461 = EDGE_CURVE ( 'NONE', #10044, #4611, #8814, .T. ) ;
#7462 = SURFACE_STYLE_FILL_AREA ( #5657 ) ;
#7463 = CARTESIAN_POINT ( 'NONE',  ( 4.632082869338697506, 0.6999999999999998446, -4.444999999999999396 ) ) ;
#7464 = AXIS2_PLACEMENT_3D ( 'NONE', #1632, #3432, #5751 ) ;
#7465 = VERTEX_POINT ( 'NONE', #903 ) ;
#7466 = PRESENTATION_LAYER_ASSIGNMENT (  '', '', ( #5483 ) ) ;
#7467 = VERTEX_POINT ( 'NONE', #49 ) ;
#7468 = FACE_OUTER_BOUND ( 'NONE', #10020, .T. ) ;
#7469 = ORIENTED_EDGE ( 'NONE', *, *, #180, .T. ) ;
#7470 = CIRCLE ( 'NONE', #8875, 0.3750000000000000000 ) ;
#7471 = DIRECTION ( 'NONE',  ( 0.000000000000000000, 0.000000000000000000, -1.000000000000000000 ) ) ;
#7472 =( NAMED_UNIT ( * ) SI_UNIT ( $, .STERADIAN. ) SOLID_ANGLE_UNIT ( ) );
#7473 = STYLED_ITEM ( 'NONE', ( #649 ), #10512 ) ;
#7474 = FACE_OUTER_BOUND ( 'NONE', #8484, .T. ) ;
#7475 =( NAMED_UNIT ( * ) SI_UNIT ( $, .STERADIAN. ) SOLID_ANGLE_UNIT ( ) );
#7476 = EDGE_LOOP ( 'NONE', ( #9326, #10411, #10554 ) ) ;
#7477 = DIRECTION ( 'NONE',  ( 1.000000000000000000, 0.000000000000000000, 0.000000000000000000 ) ) ;
#7478 = EDGE_LOOP ( 'NONE', ( #10739, #2813 ) ) ;
#7479 = DIRECTION ( 'NONE',  ( 0.000000000000000000, 0.000000000000000000, 1.000000000000000000 ) ) ;
#7480 = CIRCLE ( 'NONE', #10301, 0.3749999999999998890 ) ;
#7481 =( NAMED_UNIT ( * ) SI_UNIT ( $, .STERADIAN. ) SOLID_ANGLE_UNIT ( ) );
#7482 = CLOSED_SHELL ( 'NONE', ( #1559, #4821, #10223 ) ) ;
#7483 = VERTEX_POINT ( 'NONE', #8844 ) ;
#7484 = PLANE ( 'NONE',  #7342 ) ;
#7485 = CLOSED_SHELL ( 'NONE', ( #10761, #2048, #582 ) ) ;
#7486 =( NAMED_UNIT ( * ) PLANE_ANGLE_UNIT ( ) SI_UNIT ( $, .RADIAN. ) );
#7487 = ORIENTED_EDGE ( 'NONE', *, *, #9369, .T. ) ;
#7488 = CARTESIAN_POINT ( 'NONE',  ( -1.905000000000000471, 0.3750000000000000000, 1.905000000000000471 ) ) ;
#7489 = EDGE_CURVE ( 'NONE', #6422, #9522, #3129, .T. ) ;
#7490 = ORIENTED_EDGE ( 'NONE', *, *, #6676, .T. ) ;
#7491 = EDGE_LOOP ( 'NONE', ( #10905, #10855, #10578 ) ) ;
#7492 = ORIENTED_EDGE ( 'NONE', *, *, #7967, .T. ) ;
#7493 = CARTESIAN_POINT ( 'NONE',  ( -1.905000000000000471, 0.3750000000000000000, 0.6350000000000001199 ) ) ;
#7494 = EDGE_CURVE ( 'NONE', #3732, #6996, #2221, .T. ) ;
#7495 = CLOSED_SHELL ( 'NONE', ( #9388, #1217, #3838 ) ) ;
#7496 = DIRECTION ( 'NONE',  ( 1.224646799147353207E-16, 0.000000000000000000, -1.000000000000000000 ) ) ;
#7497 = CARTESIAN_POINT ( 'NONE',  ( 0.4479171306613019543, 0.6999999999999998446, -0.6349999999999992317 ) ) ;
#7498 = CIRCLE ( 'NONE', #2869, 0.3749999999999998890 ) ;
#7499 = PLANE ( 'NONE',  #4654 ) ;
#7500 =( NAMED_UNIT ( * ) SI_UNIT ( $, .STERADIAN. ) SOLID_ANGLE_UNIT ( ) );
#7501 = AXIS2_PLACEMENT_3D ( 'NONE', #9362, #3214, #5925 ) ;
#7502 = EDGE_CURVE ( 'NONE', #8028, #9624, #6501, .T. ) ;
#7503 = ADVANCED_FACE ( 'NONE', ( #10859 ), #10694, .T. ) ;
#7504 = AXIS2_PLACEMENT_3D ( 'NONE', #5890, #9112, #577 ) ;
#7505 = ORIENTED_EDGE ( 'NONE', *, *, #4413, .T. ) ;
#7506 = AXIS2_PLACEMENT_3D ( 'NONE', #9267, #5107, #3497 ) ;
#7507 = CARTESIAN_POINT ( 'NONE',  ( 3.174999999999999822, 0.3750000000000000000, 0.6350000000000001199 ) ) ;
#7508 = VERTEX_POINT ( 'NONE', #4778 ) ;
#7509 =( LENGTH_UNIT ( ) NAMED_UNIT ( * ) SI_UNIT ( .MILLI., .METRE. ) );
#7510 = CARTESIAN_POINT ( 'NONE',  ( -0.6350000000000001199, 0.3750000000000000000, -5.714999999999999858 ) ) ;
#7511 = DIRECTION ( 'NONE',  ( 1.000000000000000000, 0.000000000000000000, 0.000000000000000000 ) ) ;
#7512 = DIRECTION ( 'NONE',  ( 0.000000000000000000, 0.000000000000000000, 1.000000000000000000 ) ) ;
#7513 = AXIS2_PLACEMENT_3D ( 'NONE', #10416, #3524, #893 ) ;
#7514 = MECHANICAL_DESIGN_GEOMETRIC_PRESENTATION_REPRESENTATION (  '', ( #3413 ), #716 ) ;
#7515 = AXIS2_PLACEMENT_3D ( 'NONE', #2470, #9250, #664 ) ;
#7516 =( GEOMETRIC_REPRESENTATION_CONTEXT ( 3 ) GLOBAL_UNCERTAINTY_ASSIGNED_CONTEXT ( ( #6093 ) ) GLOBAL_UNIT_ASSIGNED_CONTEXT ( ( #5788, #4788, #7481 ) ) REPRESENTATION_CONTEXT ( 'NONE', 'WORKASPACE' ) );
#7517 = ADVANCED_FACE ( 'NONE', ( #6512 ), #10633, .T. ) ;
#7518 = ORIENTED_EDGE ( 'NONE', *, *, #3628, .T. ) ;
#7519 = VERTEX_POINT ( 'NONE', #631 ) ;
#7520 = CIRCLE ( 'NONE', #1806, 0.1870828693386972497 ) ;
#7521 = FILL_AREA_STYLE_COLOUR ( '', #3074 ) ;
#7522 = COLOUR_RGB ( '',0.7921568627450980005, 0.8196078431372548767, 0.9333333333333333481 ) ;
#7523 = EDGE_CURVE ( 'NONE', #5301, #3133, #6694, .T. ) ;
#7524 = VERTEX_POINT ( 'NONE', #5775 ) ;
#7525 = SURFACE_STYLE_USAGE ( .BOTH. , #4888 ) ;
#7526 = SPHERICAL_SURFACE ( 'NONE', #7011, 0.3750000000000000000 ) ;
#7527 = CIRCLE ( 'NONE', #4662, 0.1870828693386972497 ) ;
#7528 = CARTESIAN_POINT ( 'NONE',  ( 5.715000000000000746, 0.3750000000000000000, -4.444999999999999396 ) ) ;
#7529 = CARTESIAN_POINT ( 'NONE',  ( -0.6350000000000001199, 0.3750000000000000000, 3.175000000000000711 ) ) ;
#7530 = AXIS2_PLACEMENT_3D ( 'NONE', #4347, #5945, #10057 ) ;
#7531 = DIRECTION ( 'NONE',  ( 0.000000000000000000, 0.000000000000000000, 1.000000000000000000 ) ) ;
#7532 = FILL_AREA_STYLE ('',( #4117 ) ) ;
#7533 = PRESENTATION_LAYER_ASSIGNMENT (  '', '', ( #3079 ) ) ;
#7534 = SURFACE_STYLE_USAGE ( .BOTH. , #1495 ) ;
#7535 = SPHERICAL_SURFACE ( 'NONE', #6710, 0.3750000000000000000 ) ;
#7536 = ORIENTED_EDGE ( 'NONE', *, *, #6963, .F. ) ;
#7537 = CARTESIAN_POINT ( 'NONE',  ( 6.985000000000000320, 0.6999999999999999556, 4.445000000000001172 ) ) ;
#7538 = EDGE_CURVE ( 'NONE', #9672, #9004, #2031, .T. ) ;
#7539 = PRESENTATION_LAYER_ASSIGNMENT (  '', '', ( #551 ) ) ;
#7540 = ORIENTED_EDGE ( 'NONE', *, *, #5234, .T. ) ;
#7541 = FACE_OUTER_BOUND ( 'NONE', #5680, .T. ) ;
#7542 = VERTEX_POINT ( 'NONE', #9064 ) ;
#7543 = SURFACE_SIDE_STYLE ('',( #1668 ) ) ;
#7544 = ORIENTED_EDGE ( 'NONE', *, *, #3576, .T. ) ;
#7545 = AXIS2_PLACEMENT_3D ( 'NONE', #9733, #7271, #6482 ) ;
#7546 =( NAMED_UNIT ( * ) SI_UNIT ( $, .STERADIAN. ) SOLID_ANGLE_UNIT ( ) );
#7547 = FILL_AREA_STYLE ('',( #2393 ) ) ;
#7548 = ORIENTED_EDGE ( 'NONE', *, *, #4444, .T. ) ;
#7549 = DIRECTION ( 'NONE',  ( 0.000000000000000000, -0.000000000000000000, -1.000000000000000000 ) ) ;
#7550 = ORIENTED_EDGE ( 'NONE', *, *, #998, .T. ) ;
#7551 = AXIS2_PLACEMENT_3D ( 'NONE', #1149, #2030, #298 ) ;
#7552 = DIRECTION ( 'NONE',  ( 1.224646799147353207E-16, 0.000000000000000000, -1.000000000000000000 ) ) ;
#7553 = VERTEX_POINT ( 'NONE', #4004 ) ;
#7554 = DIRECTION ( 'NONE',  ( -1.000000000000000000, 0.000000000000000000, 0.000000000000000000 ) ) ;
#7555 = UNCERTAINTY_MEASURE_WITH_UNIT (LENGTH_MEASURE( 1.000000000000000082E-05 ), #4553, 'distance_accuracy_value', 'NONE');
#7556 = ORIENTED_EDGE ( 'NONE', *, *, #7680, .T. ) ;
#7557 = EDGE_LOOP ( 'NONE', ( #5277, #1340, #6645, #1130 ) ) ;
#7558 = FILL_AREA_STYLE_COLOUR ( '', #7880 ) ;
#7559 = CARTESIAN_POINT ( 'NONE',  ( 7.499999999999994671, 0.7000000000000000666, 7.500000000000001776 ) ) ;
#7560 = EDGE_CURVE ( 'NONE', #9218, #2118, #985, .T. ) ;
#7561 = STYLED_ITEM ( 'NONE', ( #8907 ), #2508 ) ;
#7562 = DIRECTION ( 'NONE',  ( 0.000000000000000000, 0.000000000000000000, 1.000000000000000000 ) ) ;
#7563 = CARTESIAN_POINT ( 'NONE',  ( -5.715000000000000746, 0.000000000000000000, -4.444999999999999396 ) ) ;
#7564 = CARTESIAN_POINT ( 'NONE',  ( -0.6350000000000001199, 0.6999999999999999556, -6.985000000000000320 ) ) ;
#7565 = AXIS2_PLACEMENT_3D ( 'NONE', #10341, #2722, #3160 ) ;
#7566 = DIRECTION ( 'NONE',  ( 0.000000000000000000, 0.000000000000000000, -1.000000000000000000 ) ) ;
#7567 = DIRECTION ( 'NONE',  ( 1.224646799147353207E-16, 0.000000000000000000, -1.000000000000000000 ) ) ;
#7568 = EDGE_LOOP ( 'NONE', ( #4557, #9074, #2703 ) ) ;
#7569 = CIRCLE ( 'NONE', #1313, 0.1870828693386972497 ) ;
#7570 = DIRECTION ( 'NONE',  ( 0.000000000000000000, 0.000000000000000000, 1.000000000000000000 ) ) ;
#7571 = ORIENTED_EDGE ( 'NONE', *, *, #8333, .T. ) ;
#7572 = PLANE ( 'NONE',  #4497 ) ;
#7573 = DIRECTION ( 'NONE',  ( 1.000000000000000000, 0.000000000000000000, 0.000000000000000000 ) ) ;
#7574 = DIRECTION ( 'NONE',  ( 0.000000000000000000, 0.000000000000000000, 1.000000000000000000 ) ) ;
#7575 = DIRECTION ( 'NONE',  ( 0.000000000000000000, 0.000000000000000000, -1.000000000000000000 ) ) ;
#7576 = EDGE_CURVE ( 'NONE', #271, #6652, #10598, .T. ) ;
#7577 = ORIENTED_EDGE ( 'NONE', *, *, #6498, .T. ) ;
#7578 = DIRECTION ( 'NONE',  ( 1.000000000000000000, 0.000000000000000000, 0.000000000000000000 ) ) ;
#7579 = FACE_OUTER_BOUND ( 'NONE', #594, .T. ) ;
#7580 = EDGE_LOOP ( 'NONE', ( #3311, #1146, #4810 ) ) ;
#7581 = SURFACE_SIDE_STYLE ('',( #9209 ) ) ;
#7582 = DIRECTION ( 'NONE',  ( 0.000000000000000000, 0.000000000000000000, -1.000000000000000000 ) ) ;
#7583 = DIRECTION ( 'NONE',  ( 1.000000000000000000, 0.000000000000000000, 0.000000000000000000 ) ) ;
#7585 = EDGE_CURVE ( 'NONE', #10892, #1070, #6871, .T. ) ;
#7584 = CARTESIAN_POINT ( 'NONE',  ( 5.715000000000000746, 0.6999999999999999556, -5.714999999999999858 ) ) ;
#7586 = DIRECTION ( 'NONE',  ( 0.000000000000000000, 0.000000000000000000, 1.000000000000000000 ) ) ;
#7587 = EDGE_CURVE ( 'NONE', #10149, #5854, #9667, .T. ) ;
#7588 = EDGE_CURVE ( 'NONE', #5909, #6341, #4010, .T. ) ;
#7589 = DIRECTION ( 'NONE',  ( 0.000000000000000000, 0.000000000000000000, 1.000000000000000000 ) ) ;
#7590 = DIRECTION ( 'NONE',  ( 0.000000000000000000, 0.000000000000000000, 1.000000000000000000 ) ) ;
#7591 = SURFACE_SIDE_STYLE ('',( #4180 ) ) ;
#7592 = VERTEX_POINT ( 'NONE', #6635 ) ;
#7593 = DIRECTION ( 'NONE',  ( 1.000000000000000000, 0.000000000000000000, 0.000000000000000000 ) ) ;
#7594 = ORIENTED_EDGE ( 'NONE', *, *, #8652, .F. ) ;
#7595 = CARTESIAN_POINT ( 'NONE',  ( -6.985000000000000320, 0.3750000000000000000, -5.714999999999999858 ) ) ;
#7596 = CIRCLE ( 'NONE', #5423, 0.1870828693386972497 ) ;
#7597 = EDGE_LOOP ( 'NONE', ( #8103, #1430, #9032 ) ) ;
#7598 = FILL_AREA_STYLE_COLOUR ( '', #1491 ) ;
#7599 = ORIENTED_EDGE ( 'NONE', *, *, #1558, .F. ) ;
#7600 =( GEOMETRIC_REPRESENTATION_CONTEXT ( 3 ) GLOBAL_UNCERTAINTY_ASSIGNED_CONTEXT ( ( #8869 ) ) GLOBAL_UNIT_ASSIGNED_CONTEXT ( ( #7283, #7059, #8005 ) ) REPRESENTATION_CONTEXT ( 'NONE', 'WORKASPACE' ) );
#7601 = SURFACE_STYLE_USAGE ( .BOTH. , #9293 ) ;
#7602 = EDGE_CURVE ( 'NONE', #8972, #6422, #8475, .T. ) ;
#7603 = AXIS2_PLACEMENT_3D ( 'NONE', #1621, #5031, #10034 ) ;
#7604 = AXIS2_PLACEMENT_3D ( 'NONE', #10714, #10651, #2913 ) ;
#7605 = DIRECTION ( 'NONE',  ( -0.000000000000000000, 1.000000000000000000, -0.000000000000000000 ) ) ;
#7606 = ORIENTED_EDGE ( 'NONE', *, *, #5533, .F. ) ;
#7607 = VERTEX_POINT ( 'NONE', #9158 ) ;
#7608 = CARTESIAN_POINT ( 'NONE',  ( 6.985000000000000320, 0.6999999999999998446, -0.6349999999999992317 ) ) ;
#7609 = ORIENTED_EDGE ( 'NONE', *, *, #9247, .F. ) ;
#7610 = DIRECTION ( 'NONE',  ( 1.224646799147353207E-16, 0.000000000000000000, -1.000000000000000000 ) ) ;
#7611 = AXIS2_PLACEMENT_3D ( 'NONE', #2634, #5290, #9405 ) ;
#7612 = ORIENTED_EDGE ( 'NONE', *, *, #397, .T. ) ;
#7613 = MECHANICAL_DESIGN_GEOMETRIC_PRESENTATION_REPRESENTATION (  '', ( #5098 ), #4227 ) ;
#7614 =( LENGTH_UNIT ( ) NAMED_UNIT ( * ) SI_UNIT ( .MILLI., .METRE. ) );
#7615 = CARTESIAN_POINT ( 'NONE',  ( 3.174999999999999822, 0.000000000000000000, 6.985000000000001208 ) ) ;
#7616 = CARTESIAN_POINT ( 'NONE',  ( 6.985000000000000320, 0.3750000000000000000, 3.175000000000000711 ) ) ;
#7617 = CARTESIAN_POINT ( 'NONE',  ( -4.445000000000001172, 0.6999999999999998446, -1.904999999999999583 ) ) ;
#7618 = AXIS2_PLACEMENT_3D ( 'NONE', #824, #3405, #989 ) ;
#7619 = STYLED_ITEM ( 'NONE', ( #10681 ), #6774 ) ;
#7620 = DIRECTION ( 'NONE',  ( 0.000000000000000000, 0.000000000000000000, -1.000000000000000000 ) ) ;
#7621 = VERTEX_POINT ( 'NONE', #9114 ) ;
#7622 = ORIENTED_EDGE ( 'NONE', *, *, #8938, .T. ) ;
#7623 = CARTESIAN_POINT ( 'NONE',  ( 6.985000000000000320, 0.3750000000000000000, -0.6349999999999992317 ) ) ;
#7624 = DIRECTION ( 'NONE',  ( 0.000000000000000000, -1.000000000000000000, 0.000000000000000000 ) ) ;
#7625 = EDGE_LOOP ( 'NONE', ( #6705, #3356, #290 ) ) ;
#7626 = STYLED_ITEM ( 'NONE', ( #6260 ), #10029 ) ;
#7627 = CARTESIAN_POINT ( 'NONE',  ( 6.985000000000000320, 0.3750000000000000000, -6.985000000000000320 ) ) ;
#7628 = DIRECTION ( 'NONE',  ( 1.000000000000000000, 0.000000000000000000, 0.000000000000000000 ) ) ;
#7629 = CYLINDRICAL_SURFACE ( 'NONE', #8380, 0.5999999999999998668 ) ;
#7630 = CARTESIAN_POINT ( 'NONE',  ( -4.445000000000001172, 0.3750000000000000000, -3.174999999999999822 ) ) ;
#7631 = CARTESIAN_POINT ( 'NONE',  ( -4.445000000000001172, 0.6999999999999999556, 5.715000000000001634 ) ) ;
#7632 = STYLED_ITEM ( 'NONE', ( #10190 ), #10235 ) ;
#7633 = SURFACE_STYLE_USAGE ( .BOTH. , #9050 ) ;
#7634 = DIRECTION ( 'NONE',  ( 0.000000000000000000, 0.000000000000000000, 1.000000000000000000 ) ) ;
#7635 = ORIENTED_EDGE ( 'NONE', *, *, #8707, .T. ) ;
#7636 = AXIS2_PLACEMENT_3D ( 'NONE', #9859, #1241, #7171 ) ;
#7637 = CARTESIAN_POINT ( 'NONE',  ( 0.6349999999999992317, 0.3750000000000000000, -5.714999999999999858 ) ) ;
#7638 = EDGE_CURVE ( 'NONE', #6930, #6678, #3320, .T. ) ;
#7639 = EDGE_LOOP ( 'NONE', ( #350, #7084, #485 ) ) ;
#7640 = CARTESIAN_POINT ( 'NONE',  ( -4.445000000000001172, 0.6999999999999999556, 3.175000000000000711 ) ) ;
#7641 = DIRECTION ( 'NONE',  ( 0.000000000000000000, 0.000000000000000000, 1.000000000000000000 ) ) ;
#7642 = PRESENTATION_LAYER_ASSIGNMENT (  '', '', ( #9712 ) ) ;
#7643 = DIRECTION ( 'NONE',  ( 0.000000000000000000, 0.000000000000000000, 1.000000000000000000 ) ) ;
#7644 = CARTESIAN_POINT ( 'NONE',  ( -6.985000000000000320, 0.6999999999999998446, 6.985000000000001208 ) ) ;
#7645 = AXIS2_PLACEMENT_3D ( 'NONE', #661, #10886, #4088 ) ;
#7646 = DIRECTION ( 'NONE',  ( 0.000000000000000000, 0.000000000000000000, 1.000000000000000000 ) ) ;
#7647 = ORIENTED_EDGE ( 'NONE', *, *, #7094, .T. ) ;
#7648 = SPHERICAL_SURFACE ( 'NONE', #10254, 0.3750000000000000000 ) ;
#7649 = ORIENTED_EDGE ( 'NONE', *, *, #1603, .F. ) ;
#7650 = CARTESIAN_POINT ( 'NONE',  ( -6.000000000000005329, 5.120000000000000107, -5.999999999999998224 ) ) ;
#7651 = EDGE_CURVE ( 'NONE', #6341, #5909, #9502, .T. ) ;
#7652 = CIRCLE ( 'NONE', #1212, 0.3749999999999998890 ) ;
#7653 = ORIENTED_EDGE ( 'NONE', *, *, #195, .F. ) ;
#7654 =( GEOMETRIC_REPRESENTATION_CONTEXT ( 3 ) GLOBAL_UNCERTAINTY_ASSIGNED_CONTEXT ( ( #587 ) ) GLOBAL_UNIT_ASSIGNED_CONTEXT ( ( #10475, #10587, #4678 ) ) REPRESENTATION_CONTEXT ( 'NONE', 'WORKASPACE' ) );
#7655 = DIRECTION ( 'NONE',  ( 0.000000000000000000, 0.000000000000000000, 1.000000000000000000 ) ) ;
#7656 = CARTESIAN_POINT ( 'NONE',  ( -6.985000000000000320, 0.3750000000000000000, 0.6350000000000001199 ) ) ;
#7657 = AXIS2_PLACEMENT_3D ( 'NONE', #10483, #2693, #6179 ) ;
#7658 = EDGE_LOOP ( 'NONE', ( #8047, #6696, #9501 ) ) ;
#7659 = ORIENTED_EDGE ( 'NONE', *, *, #1297, .F. ) ;
#7660 = ADVANCED_FACE ( 'NONE', ( #1322 ), #7304, .T. ) ;
#7661 = DIRECTION ( 'NONE',  ( 1.224646799147353207E-16, 0.000000000000000000, -1.000000000000000000 ) ) ;
#7662 = EDGE_CURVE ( 'NONE', #5360, #2851, #4208, .T. ) ;
#7663 = ORIENTED_EDGE ( 'NONE', *, *, #8453, .T. ) ;
#7664 = SPHERICAL_SURFACE ( 'NONE', #5096, 0.3750000000000000000 ) ;
#7665 = UNCERTAINTY_MEASURE_WITH_UNIT (LENGTH_MEASURE( 1.000000000000000082E-05 ), #2627, 'distance_accuracy_value', 'NONE');
#7666 = ORIENTED_EDGE ( 'NONE', *, *, #3618, .F. ) ;
#7667 = ADVANCED_FACE ( 'NONE', ( #3951 ), #3124, .F. ) ;
#7668 = DIRECTION ( 'NONE',  ( -1.000000000000000000, 0.000000000000000000, 0.000000000000000000 ) ) ;
#7669 = DIRECTION ( 'NONE',  ( 0.000000000000000000, 0.000000000000000000, -1.000000000000000000 ) ) ;
#7670 = CARTESIAN_POINT ( 'NONE',  ( 5.715000000000000746, 0.3750000000000000000, -3.174999999999999822 ) ) ;
#7671 = AXIS2_PLACEMENT_3D ( 'NONE', #2420, #2483, #8517 ) ;
#7672 = CARTESIAN_POINT ( 'NONE',  ( -3.362082869338697932, 0.6999999999999998446, -3.174999999999999822 ) ) ;
#7673 = DIRECTION ( 'NONE',  ( -0.000000000000000000, 1.000000000000000000, -0.000000000000000000 ) ) ;
#7674 = DIRECTION ( 'NONE',  ( -0.000000000000000000, 1.000000000000000000, -0.000000000000000000 ) ) ;
#7675 = DIRECTION ( 'NONE',  ( 0.000000000000000000, 0.000000000000000000, 1.000000000000000000 ) ) ;
#7676 = EDGE_CURVE ( 'NONE', #3658, #8673, #10955, .T. ) ;
#7677 = ORIENTED_EDGE ( 'NONE', *, *, #7233, .T. ) ;
#7678 = DIRECTION ( 'NONE',  ( 0.000000000000000000, -0.000000000000000000, -1.000000000000000000 ) ) ;
#7679 = CLOSED_SHELL ( 'NONE', ( #2529, #9313, #1773 ) ) ;
#7680 = EDGE_CURVE ( 'NONE', #8286, #7101, #9856, .T. ) ;
#7681 = VERTEX_POINT ( 'NONE', #5997 ) ;
#7682 = DIRECTION ( 'NONE',  ( 0.000000000000000000, 0.000000000000000000, -1.000000000000000000 ) ) ;
#7683 = AXIS2_PLACEMENT_3D ( 'NONE', #7403, #8281, #9998 ) ;
#7684 = FACE_OUTER_BOUND ( 'NONE', #9220, .T. ) ;
#7685 = DIRECTION ( 'NONE',  ( 0.000000000000000000, -1.000000000000000000, 0.000000000000000000 ) ) ;
#7686 = FACE_OUTER_BOUND ( 'NONE', #10851, .T. ) ;
#7687 = CIRCLE ( 'NONE', #9955, 0.1870828693386972497 ) ;
#7688 = AXIS2_PLACEMENT_3D ( 'NONE', #3949, #2323, #1541 ) ;
#7689 = AXIS2_PLACEMENT_3D ( 'NONE', #4403, #2023, #179 ) ;
#7690 = VERTEX_POINT ( 'NONE', #4352 ) ;
#7691 = EDGE_LOOP ( 'NONE', ( #9135, #2425, #7609 ) ) ;
#7692 = CARTESIAN_POINT ( 'NONE',  ( 5.902082869338697968, 0.6999999999999998446, 4.445000000000001172 ) ) ;
#7693 = DIRECTION ( 'NONE',  ( -0.000000000000000000, 1.000000000000000000, -0.000000000000000000 ) ) ;
#7694 = CIRCLE ( 'NONE', #1253, 0.3749999999999998890 ) ;
#7695 = AXIS2_PLACEMENT_3D ( 'NONE', #8039, #9841, #2280 ) ;
#7696 = FACE_OUTER_BOUND ( 'NONE', #4589, .T. ) ;
#7697 = FACE_OUTER_BOUND ( 'NONE', #5134, .T. ) ;
#7698 = STYLED_ITEM ( 'NONE', ( #283 ), #9885 ) ;
#7699 = AXIS2_PLACEMENT_3D ( 'NONE', #9481, #1858, #8666 ) ;
#7700 = DIRECTION ( 'NONE',  ( -0.000000000000000000, 1.000000000000000000, -0.000000000000000000 ) ) ;
#7701 =( NAMED_UNIT ( * ) PLANE_ANGLE_UNIT ( ) SI_UNIT ( $, .RADIAN. ) );
#7702 = CIRCLE ( 'NONE', #5188, 0.3750000000000000000 ) ;
#7703 = MECHANICAL_DESIGN_GEOMETRIC_PRESENTATION_REPRESENTATION (  '', ( #6249 ), #8045 ) ;
#7704 = ORIENTED_EDGE ( 'NONE', *, *, #10887, .T. ) ;
#7705 = FACE_OUTER_BOUND ( 'NONE', #7658, .T. ) ;
#7706 = CIRCLE ( 'NONE', #10347, 0.3749999999999998890 ) ;
#7707 = DIRECTION ( 'NONE',  ( 1.000000000000000000, 0.000000000000000000, 0.000000000000000000 ) ) ;
#7708 = FILL_AREA_STYLE_COLOUR ( '', #8259 ) ;
#7709 = AXIS2_PLACEMENT_3D ( 'NONE', #476, #6647, #700 ) ;
#7710 = SURFACE_STYLE_FILL_AREA ( #992 ) ;
#7711 = VERTEX_POINT ( 'NONE', #4116 ) ;
#7712 = EDGE_CURVE ( 'NONE', #6754, #4948, #4900, .T. ) ;
#7713 = EDGE_CURVE ( 'NONE', #7193, #7031, #7596, .T. ) ;
#7714 = CARTESIAN_POINT ( 'NONE',  ( 0.6349999999999992317, 0.6999999999999999556, 0.6350000000000001199 ) ) ;
#7715 = AXIS2_PLACEMENT_3D ( 'NONE', #9486, #9578, #3613 ) ;
#7716 = ORIENTED_EDGE ( 'NONE', *, *, #2473, .T. ) ;
#7717 = EDGE_LOOP ( 'NONE', ( #3119, #5076, #3489 ) ) ;
#7718 = MECHANICAL_DESIGN_GEOMETRIC_PRESENTATION_REPRESENTATION (  '', ( #936 ), #23 ) ;
#7719 = CARTESIAN_POINT ( 'NONE',  ( -0.8220828693386974528, 0.6999999999999998446, 0.6350000000000001199 ) ) ;
#7720 = EDGE_LOOP ( 'NONE', ( #6594, #9961, #1606 ) ) ;
#7721 = CARTESIAN_POINT ( 'NONE',  ( 1.904999999999999583, 0.3750000000000000000, 3.175000000000000711 ) ) ;
#7722 = EDGE_LOOP ( 'NONE', ( #9227, #3201, #6626 ) ) ;
#7723 = DIRECTION ( 'NONE',  ( 0.000000000000000000, -0.000000000000000000, -1.000000000000000000 ) ) ;
#7724 = SURFACE_STYLE_USAGE ( .BOTH. , #2583 ) ;
#7725 = CARTESIAN_POINT ( 'NONE',  ( 4.445000000000000284, 0.3750000000000000000, 6.985000000000001208 ) ) ;
#7726 = DIRECTION ( 'NONE',  ( 1.000000000000000000, 0.000000000000000000, 0.000000000000000000 ) ) ;
#7727 = FACE_OUTER_BOUND ( 'NONE', #3095, .T. ) ;
#7728 = EDGE_CURVE ( 'NONE', #7553, #4414, #2780, .T. ) ;
#7729 = SPHERICAL_SURFACE ( 'NONE', #6088, 0.3750000000000000000 ) ;
#7730 = AXIS2_PLACEMENT_3D ( 'NONE', #7392, #9187, #4919 ) ;
#7731 = DIRECTION ( 'NONE',  ( 0.000000000000000000, 0.000000000000000000, 1.000000000000000000 ) ) ;
#7732 = EDGE_LOOP ( 'NONE', ( #611, #10684, #5169 ) ) ;
#7733 = PLANE ( 'NONE',  #6908 ) ;
#7734 = EDGE_LOOP ( 'NONE', ( #10219, #8594, #8092, #5146 ) ) ;
#7735 = DIRECTION ( 'NONE',  ( 1.000000000000000000, 0.000000000000000000, 0.000000000000000000 ) ) ;
#7736 = DIRECTION ( 'NONE',  ( -0.000000000000000000, 1.000000000000000000, -0.000000000000000000 ) ) ;
#7737 =( GEOMETRIC_REPRESENTATION_CONTEXT ( 3 ) GLOBAL_UNCERTAINTY_ASSIGNED_CONTEXT ( ( #10325 ) ) GLOBAL_UNIT_ASSIGNED_CONTEXT ( ( #8079, #4722, #4941 ) ) REPRESENTATION_CONTEXT ( 'NONE', 'WORKASPACE' ) );
#7738 = DIRECTION ( 'NONE',  ( 1.224646799147353207E-16, 0.000000000000000000, -1.000000000000000000 ) ) ;
#7739 = CARTESIAN_POINT ( 'NONE',  ( 0.6349999999999992317, 0.6999999999999998446, 5.715000000000001634 ) ) ;
#7740 = CARTESIAN_POINT ( 'NONE',  ( -4.445000000000001172, 0.000000000000000000, 1.905000000000000471 ) ) ;
#7741 = EDGE_CURVE ( 'NONE', #9954, #1639, #10771, .T. ) ;
#7742 = CIRCLE ( 'NONE', #5755, 0.3749999999999998890 ) ;
#7743 = CIRCLE ( 'NONE', #767, 0.1870828693386972497 ) ;
#7744 =( NAMED_UNIT ( * ) PLANE_ANGLE_UNIT ( ) SI_UNIT ( $, .RADIAN. ) );
#7745 = CIRCLE ( 'NONE', #6665, 0.3750000000000003331 ) ;
#7746 = CARTESIAN_POINT ( 'NONE',  ( 3.174999999999999822, 0.6999999999999999556, 4.445000000000001172 ) ) ;
#7747 = SURFACE_STYLE_USAGE ( .BOTH. , #867 ) ;
#7748 = EDGE_LOOP ( 'NONE', ( #1365, #7550, #2520 ) ) ;
#7749 = CARTESIAN_POINT ( 'NONE',  ( 6.985000000000000320, 0.6999999999999999556, -5.714999999999999858 ) ) ;
#7750 = FILL_AREA_STYLE ('',( #4449 ) ) ;
#7751 = DIRECTION ( 'NONE',  ( 0.000000000000000000, 1.000000000000000000, 0.000000000000000000 ) ) ;
#7752 = DIRECTION ( 'NONE',  ( 1.224646799147353207E-16, 0.000000000000000000, -1.000000000000000000 ) ) ;
#7753 = DIRECTION ( 'NONE',  ( 1.000000000000000000, 0.000000000000000000, 0.000000000000000000 ) ) ;
#7754 = SURFACE_SIDE_STYLE ('',( #4355 ) ) ;
#7755 = VERTEX_POINT ( 'NONE', #10064 ) ;
#7756 = CARTESIAN_POINT ( 'NONE',  ( 6.985000000000000320, 0.3750000000000000000, 0.6350000000000001199 ) ) ;
#7757 = CARTESIAN_POINT ( 'NONE',  ( -6.985000000000000320, 0.000000000000000000, 6.985000000000001208 ) ) ;
#7758 = SURFACE_STYLE_FILL_AREA ( #6116 ) ;
#7759 = ORIENTED_EDGE ( 'NONE', *, *, #9634, .T. ) ;
#7760 = CIRCLE ( 'NONE', #8480, 0.1870828693386972497 ) ;
#7761 = EDGE_LOOP ( 'NONE', ( #3758, #10320 ) ) ;
#7762 = SPHERICAL_SURFACE ( 'NONE', #4076, 0.3750000000000000000 ) ;
#7763 = AXIS2_PLACEMENT_3D ( 'NONE', #10189, #4240, #6058 ) ;
#7764 = EDGE_LOOP ( 'NONE', ( #3464, #6972, #955 ) ) ;
#7765 = EDGE_CURVE ( 'NONE', #3292, #5638, #1691, .T. ) ;
#7766 = DIRECTION ( 'NONE',  ( 1.000000000000000000, 0.000000000000000000, -0.000000000000000000 ) ) ;
#7767 = ADVANCED_FACE ( 'NONE', ( #8474 ), #6687, .T. ) ;
#7768 = ORIENTED_EDGE ( 'NONE', *, *, #9340, .T. ) ;
#7769 = SURFACE_SIDE_STYLE ('',( #4472 ) ) ;
#7770 = PRESENTATION_LAYER_ASSIGNMENT (  '', '', ( #4905 ) ) ;
#7771 = UNCERTAINTY_MEASURE_WITH_UNIT (LENGTH_MEASURE( 1.000000000000000082E-05 ), #9951, 'distance_accuracy_value', 'NONE');
#7772 = ORIENTED_EDGE ( 'NONE', *, *, #1042, .T. ) ;
#7773 = EDGE_CURVE ( 'NONE', #5759, #2259, #5961, .T. ) ;
#7774 = SURFACE_STYLE_FILL_AREA ( #6659 ) ;
#7775 = FACE_OUTER_BOUND ( 'NONE', #327, .T. ) ;
#7776 = MECHANICAL_DESIGN_GEOMETRIC_PRESENTATION_REPRESENTATION (  '', ( #8294 ), #444 ) ;
#7777 = PLANE ( 'NONE',  #10832 ) ;
#7778 = DIRECTION ( 'NONE',  ( 0.000000000000000000, 0.000000000000000000, 1.000000000000000000 ) ) ;
#7779 = PRESENTATION_STYLE_ASSIGNMENT (( #963 ) ) ;
#7780 = CIRCLE ( 'NONE', #83, 0.1870828693386972497 ) ;
#7781 = CARTESIAN_POINT ( 'NONE',  ( 0.6349999999999992317, 0.3750000000000000000, -0.6349999999999992317 ) ) ;
#7782 = MECHANICAL_DESIGN_GEOMETRIC_PRESENTATION_REPRESENTATION (  '', ( #10612 ), #4558 ) ;
#7783 = ORIENTED_EDGE ( 'NONE', *, *, #6637, .T. ) ;
#7784 = DIRECTION ( 'NONE',  ( 1.224646799147353207E-16, 0.000000000000000000, -1.000000000000000000 ) ) ;
#7785 = UNCERTAINTY_MEASURE_WITH_UNIT (LENGTH_MEASURE( 1.000000000000000082E-05 ), #2932, 'distance_accuracy_value', 'NONE');
#7786 = ORIENTED_EDGE ( 'NONE', *, *, #1847, .F. ) ;
#7787 = EDGE_CURVE ( 'NONE', #1923, #10518, #6315, .T. ) ;
#7788 = FACE_OUTER_BOUND ( 'NONE', #2450, .T. ) ;
#7789 = EDGE_CURVE ( 'NONE', #3254, #8253, #4104, .T. ) ;
#7790 = PLANE ( 'NONE',  #1285 ) ;
#7791 = EDGE_LOOP ( 'NONE', ( #324, #2636, #9908 ) ) ;
#7792 = FILL_AREA_STYLE_COLOUR ( '', #3222 ) ;
#7793 = AXIS2_PLACEMENT_3D ( 'NONE', #10241, #2617, #1766 ) ;
#7794 = CARTESIAN_POINT ( 'NONE',  ( -1.905000000000000471, 0.3750000000000000000, 4.445000000000001172 ) ) ;
#7795 = CARTESIAN_POINT ( 'NONE',  ( 4.445000000000000284, 0.6999999999999998446, 6.985000000000001208 ) ) ;
#7796 = CIRCLE ( 'NONE', #832, 0.3750000000000003331 ) ;
#7797 = DIRECTION ( 'NONE',  ( 0.000000000000000000, 0.000000000000000000, 1.000000000000000000 ) ) ;
#7798 =( GEOMETRIC_REPRESENTATION_CONTEXT ( 3 ) GLOBAL_UNCERTAINTY_ASSIGNED_CONTEXT ( ( #1511 ) ) GLOBAL_UNIT_ASSIGNED_CONTEXT ( ( #3604, #9628, #8822 ) ) REPRESENTATION_CONTEXT ( 'NONE', 'WORKASPACE' ) );
#7799 = DIRECTION ( 'NONE',  ( -0.000000000000000000, 1.000000000000000000, -0.000000000000000000 ) ) ;
#7800 = MECHANICAL_DESIGN_GEOMETRIC_PRESENTATION_REPRESENTATION (  '', ( #9180 ), #2440 ) ;
#7801 = ADVANCED_FACE ( 'NONE', ( #3461 ), #73, .T. ) ;
#7802 = ORIENTED_EDGE ( 'NONE', *, *, #6820, .F. ) ;
#7803 = PLANE ( 'NONE',  #422 ) ;
#7804 = EDGE_CURVE ( 'NONE', #509, #6800, #7141, .T. ) ;
#7805 = CARTESIAN_POINT ( 'NONE',  ( -1.905000000000000471, 0.3750000000000000000, 4.445000000000001172 ) ) ;
#7806 = CARTESIAN_POINT ( 'NONE',  ( 3.174999999999999822, 0.6999999999999999556, 1.905000000000000471 ) ) ;
#7807 = AXIS2_PLACEMENT_3D ( 'NONE', #2564, #8478, #5072 ) ;
#7808 = CIRCLE ( 'NONE', #9023, 0.1870828693386972497 ) ;
#7809 = CARTESIAN_POINT ( 'NONE',  ( -5.715000000000000746, 0.3750000000000000000, 5.715000000000001634 ) ) ;
#7810 = CARTESIAN_POINT ( 'NONE',  ( -5.715000000000000746, 0.3750000000000000000, -6.985000000000000320 ) ) ;
#7811 = ORIENTED_EDGE ( 'NONE', *, *, #7843, .T. ) ;
#7812 = DIRECTION ( 'NONE',  ( 0.000000000000000000, 0.000000000000000000, -1.000000000000000000 ) ) ;
#7813 = DIRECTION ( 'NONE',  ( -0.000000000000000000, 1.000000000000000000, -0.000000000000000000 ) ) ;
#7814 = EDGE_CURVE ( 'NONE', #9896, #3595, #9760, .T. ) ;
#7815 = ORIENTED_EDGE ( 'NONE', *, *, #4459, .T. ) ;
#7816 = COLOUR_RGB ( '',1.000000000000000000, 1.000000000000000000, 1.000000000000000000 ) ;
#7817 = ORIENTED_EDGE ( 'NONE', *, *, #3847, .T. ) ;
#7818 = DIRECTION ( 'NONE',  ( -1.000000000000000000, 0.000000000000000000, 0.000000000000000000 ) ) ;
#7819 = FACE_OUTER_BOUND ( 'NONE', #8445, .T. ) ;
#7820 = AXIS2_PLACEMENT_3D ( 'NONE', #4707, #4868, #8934 ) ;
#7821 = ORIENTED_EDGE ( 'NONE', *, *, #2669, .F. ) ;
#7822 =( NAMED_UNIT ( * ) PLANE_ANGLE_UNIT ( ) SI_UNIT ( $, .RADIAN. ) );
#7823 = EDGE_LOOP ( 'NONE', ( #2317, #7490 ) ) ;
#7824 = CARTESIAN_POINT ( 'NONE',  ( 6.985000000000000320, 0.3750000000000000000, -0.6349999999999992317 ) ) ;
#7825 = CARTESIAN_POINT ( 'NONE',  ( -0.6350000000000001199, 0.3750000000000000000, -1.904999999999999583 ) ) ;
#7826 = CIRCLE ( 'NONE', #309, 0.1870828693386972497 ) ;
#7827 =( LENGTH_UNIT ( ) NAMED_UNIT ( * ) SI_UNIT ( .MILLI., .METRE. ) );
#7828 = CIRCLE ( 'NONE', #3902, 0.3750000000000003331 ) ;
#7829 = DIRECTION ( 'NONE',  ( -1.000000000000000000, 0.000000000000000000, 0.000000000000000000 ) ) ;
#7830 = ORIENTED_EDGE ( 'NONE', *, *, #5044, .F. ) ;
#7831 = FACE_OUTER_BOUND ( 'NONE', #4729, .T. ) ;
#7832 = EDGE_CURVE ( 'NONE', #654, #2748, #4633, .T. ) ;
#7833 = AXIS2_PLACEMENT_3D ( 'NONE', #743, #6848, #10049 ) ;
#7834 = AXIS2_PLACEMENT_3D ( 'NONE', #8894, #5493, #4669 ) ;
#7835 = EDGE_LOOP ( 'NONE', ( #9696, #8249, #10987 ) ) ;
#7836 = DIRECTION ( 'NONE',  ( 0.000000000000000000, 0.000000000000000000, -1.000000000000000000 ) ) ;
#7837 = VERTEX_POINT ( 'NONE', #8628 ) ;
#7838 = CLOSED_SHELL ( 'NONE', ( #8477, #2725, #9757 ) ) ;
#7839 = DIRECTION ( 'NONE',  ( 1.000000000000000000, 0.000000000000000000, 0.000000000000000000 ) ) ;
#7840 = FACE_OUTER_BOUND ( 'NONE', #5504, .T. ) ;
#7841 = DIRECTION ( 'NONE',  ( 0.000000000000000000, 0.000000000000000000, 1.000000000000000000 ) ) ;
#7842 = EDGE_CURVE ( 'NONE', #10549, #5635, #10516, .T. ) ;
#7843 = EDGE_CURVE ( 'NONE', #1012, #5914, #7498, .T. ) ;
#7844 = EDGE_CURVE ( 'NONE', #5337, #3245, #8737, .T. ) ;
#7845 = CLOSED_SHELL ( 'NONE', ( #3369, #4712, #2925 ) ) ;
#7846 = CARTESIAN_POINT ( 'NONE',  ( -6.985000000000000320, 0.6999999999999998446, 3.175000000000000711 ) ) ;
#7847 = AXIS2_PLACEMENT_3D ( 'NONE', #4158, #9044, #10785 ) ;
#7848 = DIRECTION ( 'NONE',  ( 0.000000000000000000, 0.000000000000000000, 1.000000000000000000 ) ) ;
#7849 = DIRECTION ( 'NONE',  ( 0.000000000000000000, 0.000000000000000000, 1.000000000000000000 ) ) ;
#7850 = CARTESIAN_POINT ( 'NONE',  ( -1.905000000000000471, 0.000000000000000000, -0.6349999999999992317 ) ) ;
#7851 = CIRCLE ( 'NONE', #7320, 0.3750000000000003331 ) ;
#7852 = CARTESIAN_POINT ( 'NONE',  ( 5.715000000000000746, 0.000000000000000000, -5.714999999999999858 ) ) ;
#7853 = AXIS2_PLACEMENT_3D ( 'NONE', #1345, #489, #8209 ) ;
#7854 = AXIS2_PLACEMENT_3D ( 'NONE', #2991, #3225, #3051 ) ;
#7855 = EDGE_CURVE ( 'NONE', #3081, #2581, #4994, .T. ) ;
#7856 = SURFACE_SIDE_STYLE ('',( #3403 ) ) ;
#7857 = ORIENTED_EDGE ( 'NONE', *, *, #7301, .F. ) ;
#7858 = DIRECTION ( 'NONE',  ( 0.000000000000000000, -1.000000000000000000, 0.000000000000000000 ) ) ;
#7859 = EDGE_CURVE ( 'NONE', #3487, #2921, #11055, .T. ) ;
#7860 = CIRCLE ( 'NONE', #9251, 0.1870828693386972497 ) ;
#7861 = FACE_OUTER_BOUND ( 'NONE', #10838, .T. ) ;
#7862 = AXIS2_PLACEMENT_3D ( 'NONE', #6741, #10964, #5774 ) ;
#7863 = DIRECTION ( 'NONE',  ( 1.000000000000000000, 0.000000000000000000, 0.000000000000000000 ) ) ;
#7864 = AXIS2_PLACEMENT_3D ( 'NONE', #9037, #7397, #8275 ) ;
#7865 = EDGE_LOOP ( 'NONE', ( #5412, #5284 ) ) ;
#7866 = AXIS2_PLACEMENT_3D ( 'NONE', #1110, #4520, #250 ) ;
#7867 = MECHANICAL_DESIGN_GEOMETRIC_PRESENTATION_REPRESENTATION (  '', ( #6241 ), #9266 ) ;
#7868 = EDGE_CURVE ( 'NONE', #9883, #3789, #6232, .T. ) ;
#7869 = AXIS2_PLACEMENT_3D ( 'NONE', #539, #10760, #1226 ) ;
#7870 = ORIENTED_EDGE ( 'NONE', *, *, #455, .F. ) ;
#7871 = DIRECTION ( 'NONE',  ( 0.000000000000000000, 0.000000000000000000, 1.000000000000000000 ) ) ;
#7872 = ORIENTED_EDGE ( 'NONE', *, *, #1244, .F. ) ;
#7873 = CARTESIAN_POINT ( 'NONE',  ( 6.985000000000000320, 0.3750000000000000000, 5.715000000000001634 ) ) ;
#7874 = DIRECTION ( 'NONE',  ( -0.000000000000000000, 1.000000000000000000, -0.000000000000000000 ) ) ;
#7875 = COLOUR_RGB ( '',0.7921568627450980005, 0.8196078431372548767, 0.9333333333333333481 ) ;
#7876 = UNCERTAINTY_MEASURE_WITH_UNIT (LENGTH_MEASURE( 1.000000000000000082E-05 ), #819, 'distance_accuracy_value', 'NONE');
#7877 = ORIENTED_EDGE ( 'NONE', *, *, #7587, .T. ) ;
#7878 = DIRECTION ( 'NONE',  ( 1.000000000000000000, 0.000000000000000000, 0.000000000000000000 ) ) ;
#7879 = FACE_OUTER_BOUND ( 'NONE', #9797, .T. ) ;
#7880 = COLOUR_RGB ( '',0.7921568627450980005, 0.8196078431372548767, 0.9333333333333333481 ) ;
#7881 = FILL_AREA_STYLE_COLOUR ( '', #6375 ) ;
#7882 = CIRCLE ( 'NONE', #5544, 0.1870828693386972497 ) ;
#7883 = CARTESIAN_POINT ( 'NONE',  ( -1.905000000000000471, 0.6999999999999999556, 6.985000000000001208 ) ) ;
#7884 = AXIS2_PLACEMENT_3D ( 'NONE', #8394, #8507, #2411 ) ;
#7885 = DIRECTION ( 'NONE',  ( 0.000000000000000000, 0.000000000000000000, -1.000000000000000000 ) ) ;
#7886 = VERTEX_POINT ( 'NONE', #5431 ) ;
#7887 = AXIS2_PLACEMENT_3D ( 'NONE', #3328, #4929, #1526 ) ;
#7888 = EDGE_LOOP ( 'NONE', ( #10339, #8272 ) ) ;
#7889 = DIRECTION ( 'NONE',  ( 0.000000000000000000, 0.000000000000000000, 1.000000000000000000 ) ) ;
#7890 = CARTESIAN_POINT ( 'NONE',  ( -0.6350000000000001199, 0.3750000000000000000, -6.985000000000000320 ) ) ;
#7891 = VERTEX_POINT ( 'NONE', #7852 ) ;
#7892 = SURFACE_STYLE_USAGE ( .BOTH. , #6307 ) ;
#7893 = CARTESIAN_POINT ( 'NONE',  ( 6.985000000000000320, 0.3750000000000000000, 4.445000000000001172 ) ) ;
#7894 = SURFACE_STYLE_USAGE ( .BOTH. , #4389 ) ;
#7895 = AXIS2_PLACEMENT_3D ( 'NONE', #5347, #4323, #8758 ) ;
#7896 = CARTESIAN_POINT ( 'NONE',  ( 5.715000000000000746, 0.3750000000000000000, 4.445000000000001172 ) ) ;
#7897 = FILL_AREA_STYLE ('',( #8778 ) ) ;
#7898 = DIRECTION ( 'NONE',  ( 0.000000000000000000, 0.000000000000000000, 1.000000000000000000 ) ) ;
#7899 = AXIS2_PLACEMENT_3D ( 'NONE', #6912, #2664, #10122 ) ;
#7900 = ADVANCED_FACE ( 'NONE', ( #3781 ), #3621, .F. ) ;
#7901 = FILL_AREA_STYLE ('',( #2775 ) ) ;
#7902 = SURFACE_STYLE_FILL_AREA ( #10616 ) ;
#7903 = DIRECTION ( 'NONE',  ( 1.000000000000000000, 0.000000000000000000, 0.000000000000000000 ) ) ;
#7904 =( NAMED_UNIT ( * ) PLANE_ANGLE_UNIT ( ) SI_UNIT ( $, .RADIAN. ) );
#7905 = ADVANCED_BREP_SHAPE_REPRESENTATION ( 'LTM4613EY#PBF', ( #10200, #3085, #10458, #10143, #3105, #6751, #2603, #6597, #6517, #9885, #6196, #10436, #6833, #5935, #6902, #3043, #6305, #6643, #6015, #2257, #2805, #6558, #6231, #10268, #3173, #3258, #6326, #6540, #10570, #3213, #2855, #2929, #10080, #2572, #10221, #6713, #6172, #10322, #2896, #6675, #6483, #6575, #6143, #10585, #10010, #10029, #6661, #3001, #10045, #10063, #10529, #3136, #6935, #2371, #10399, #9806, #6730, #6499, #3153, #2550, #2910, #2449, #1342, #6426, #9559, #6214, #6621, #6258, #10512, #6365, #6852, #10235, #10363, #2697, #3122, #6813, #3023, #10249, #6381, #2658, #10105, #2739, #10125, #6343, #6462, #2355, #2773, #6446, #10167, #2717, #6399, #2983, #6792, #3192, #6289, #2756, #9967, #10381, #2839, #9991, #10286, #6774, #2875, #6691, #10491, #2965, #6881, #6039, #9947, #9905, #9575, #2823, #2677, #2165, #6274, #10188, #2789, #6922, #9844, #2640, #2623, #10473, #3062, #9927, #9866, #2586, #3235, #2948, #10552, #9784, #2508, #2532, #6865, #10300, #10346, #10410, #1883 ), #1173 ) ;
#7906 = EDGE_CURVE ( 'NONE', #9899, #682, #6796, .T. ) ;
#7907 = FACE_OUTER_BOUND ( 'NONE', #3196, .T. ) ;
#7908 = AXIS2_PLACEMENT_3D ( 'NONE', #6969, #10293, #4359 ) ;
#7909 = MECHANICAL_DESIGN_GEOMETRIC_PRESENTATION_REPRESENTATION (  '', ( #1666 ), #3467 ) ;
#7910 = FACE_OUTER_BOUND ( 'NONE', #6391, .T. ) ;
#7911 = CIRCLE ( 'NONE', #8787, 0.1870828693386972497 ) ;
#7912 = PRESENTATION_STYLE_ASSIGNMENT (( #3510 ) ) ;
#7913 = DIRECTION ( 'NONE',  ( 0.000000000000000000, -1.000000000000000000, 0.000000000000000000 ) ) ;
#7914 = ORIENTED_EDGE ( 'NONE', *, *, #5838, .T. ) ;
#7915 = DIRECTION ( 'NONE',  ( 1.000000000000000000, 0.000000000000000000, 0.000000000000000000 ) ) ;
#7916 = COLOUR_RGB ( '',0.7921568627450980005, 0.8196078431372548767, 0.9333333333333333481 ) ;
#7917 = SPHERICAL_SURFACE ( 'NONE', #2005, 0.3750000000000000000 ) ;
#7918 = EDGE_CURVE ( 'NONE', #9822, #3584, #2315, .T. ) ;
#7919 = SURFACE_STYLE_FILL_AREA ( #1827 ) ;
#7920 = FILL_AREA_STYLE_COLOUR ( '', #3282 ) ;
#7921 = EDGE_CURVE ( 'NONE', #8378, #6359, #1958, .T. ) ;
#7922 = ADVANCED_FACE ( 'NONE', ( #2726 ), #10514, .F. ) ;
#7923 = DIRECTION ( 'NONE',  ( -1.000000000000000000, 0.000000000000000000, 0.000000000000000000 ) ) ;
#7924 = DIRECTION ( 'NONE',  ( -0.000000000000000000, 1.000000000000000000, -0.000000000000000000 ) ) ;
#7925 =( NAMED_UNIT ( * ) SI_UNIT ( $, .STERADIAN. ) SOLID_ANGLE_UNIT ( ) );
#7926 = ORIENTED_EDGE ( 'NONE', *, *, #590, .F. ) ;
#7927 = SURFACE_STYLE_USAGE ( .BOTH. , #1050 ) ;
#7928 = CARTESIAN_POINT ( 'NONE',  ( 1.717917130661302361, 0.6999999999999998446, -6.985000000000000320 ) ) ;
#7929 = EDGE_LOOP ( 'NONE', ( #1203, #3125, #5692 ) ) ;
#7930 = CARTESIAN_POINT ( 'NONE',  ( -1.905000000000000471, 0.000000000000000000, 6.985000000000001208 ) ) ;
#7931 = DIRECTION ( 'NONE',  ( 1.000000000000000000, 0.000000000000000000, 0.000000000000000000 ) ) ;
#7932 = ORIENTED_EDGE ( 'NONE', *, *, #9595, .F. ) ;
#7933 = SPHERICAL_SURFACE ( 'NONE', #8743, 0.3750000000000000000 ) ;
#7934 = DIRECTION ( 'NONE',  ( 0.000000000000000000, 0.000000000000000000, 1.000000000000000000 ) ) ;
#7935 = DIRECTION ( 'NONE',  ( -0.000000000000000000, 1.000000000000000000, -0.000000000000000000 ) ) ;
#7936 = AXIS2_PLACEMENT_3D ( 'NONE', #2950, #4675, #1213 ) ;
#7937 = CARTESIAN_POINT ( 'NONE',  ( -7.500000000000005329, 0.7000000000000000666, 7.500000000000001776 ) ) ;
#7938 = ORIENTED_EDGE ( 'NONE', *, *, #299, .F. ) ;
#7939 = CARTESIAN_POINT ( 'NONE',  ( 6.985000000000000320, 0.3750000000000000000, -1.904999999999999583 ) ) ;
#7940 = ORIENTED_EDGE ( 'NONE', *, *, #6952, .F. ) ;
#7941 = FACE_OUTER_BOUND ( 'NONE', #10163, .T. ) ;
#7942 = CARTESIAN_POINT ( 'NONE',  ( 1.904999999999999583, 0.3750000000000000000, 1.905000000000000471 ) ) ;
#7943 = ORIENTED_EDGE ( 'NONE', *, *, #6170, .T. ) ;
#7944 = CARTESIAN_POINT ( 'NONE',  ( -3.175000000000000711, 0.3750000000000000000, -6.985000000000000320 ) ) ;
#7945 =( LENGTH_UNIT ( ) NAMED_UNIT ( * ) SI_UNIT ( .MILLI., .METRE. ) );
#7946 = DIRECTION ( 'NONE',  ( 1.000000000000000000, 0.000000000000000000, 0.000000000000000000 ) ) ;
#7947 = AXIS2_PLACEMENT_3D ( 'NONE', #215, #2763, #5302 ) ;
#7948 = CIRCLE ( 'NONE', #5438, 0.1870828693386972497 ) ;
#7949 = CARTESIAN_POINT ( 'NONE',  ( 3.174999999999999822, 0.6999999999999998446, 5.715000000000001634 ) ) ;
#7950 = DIRECTION ( 'NONE',  ( 0.000000000000000000, 0.000000000000000000, 1.000000000000000000 ) ) ;
#7951 = FACE_OUTER_BOUND ( 'NONE', #2710, .T. ) ;
#7952 = CIRCLE ( 'NONE', #4034, 0.3750000000000003331 ) ;
#7953 = PRESENTATION_STYLE_ASSIGNMENT (( #5378 ) ) ;
#7954 = CARTESIAN_POINT ( 'NONE',  ( -5.715000000000000746, 0.3750000000000000000, -3.174999999999999822 ) ) ;
#7955 = DIRECTION ( 'NONE',  ( 0.000000000000000000, -0.000000000000000000, -1.000000000000000000 ) ) ;
#7956 = AXIS2_PLACEMENT_3D ( 'NONE', #5956, #10974, #1712 ) ;
#7957 = ORIENTED_EDGE ( 'NONE', *, *, #7382, .F. ) ;
#7958 = ORIENTED_EDGE ( 'NONE', *, *, #8002, .T. ) ;
#7959 = CARTESIAN_POINT ( 'NONE',  ( -5.715000000000000746, 0.6999999999999998446, 3.175000000000000711 ) ) ;
#7960 = EDGE_CURVE ( 'NONE', #4414, #7553, #9078, .T. ) ;
#7961 = DIRECTION ( 'NONE',  ( 1.000000000000000000, 0.000000000000000000, 0.000000000000000000 ) ) ;
#7962 = SURFACE_STYLE_FILL_AREA ( #8952 ) ;
#7963 = ADVANCED_FACE ( 'NONE', ( #285 ), #2936, .F. ) ;
#7964 = CARTESIAN_POINT ( 'NONE',  ( -0.6350000000000001199, 0.6999999999999998446, 3.175000000000000711 ) ) ;
#7965 = VERTEX_POINT ( 'NONE', #10348 ) ;
#7966 =( LENGTH_UNIT ( ) NAMED_UNIT ( * ) SI_UNIT ( .MILLI., .METRE. ) );
#7967 = EDGE_CURVE ( 'NONE', #6747, #8324, #6106, .T. ) ;
#7968 = AXIS2_PLACEMENT_3D ( 'NONE', #6240, #4424, #6180 ) ;
#7969 = DIRECTION ( 'NONE',  ( 0.000000000000000000, 0.000000000000000000, 1.000000000000000000 ) ) ;
#7970 = AXIS2_PLACEMENT_3D ( 'NONE', #10261, #6337, #10471 ) ;
#7971 = ORIENTED_EDGE ( 'NONE', *, *, #3543, .T. ) ;
#7972 =( NAMED_UNIT ( * ) PLANE_ANGLE_UNIT ( ) SI_UNIT ( $, .RADIAN. ) );
#7973 = UNCERTAINTY_MEASURE_WITH_UNIT (LENGTH_MEASURE( 1.000000000000000082E-05 ), #223, 'distance_accuracy_value', 'NONE');
#7974 = VERTEX_POINT ( 'NONE', #9692 ) ;
#7975 = DIRECTION ( 'NONE',  ( 1.000000000000000000, 0.000000000000000000, 0.000000000000000000 ) ) ;
#7976 = FACE_OUTER_BOUND ( 'NONE', #10290, .T. ) ;
#7977 = FILL_AREA_STYLE_COLOUR ( '', #1198 ) ;
#7978 = PRESENTATION_LAYER_ASSIGNMENT (  '', '', ( #8685 ) ) ;
#7979 = DIRECTION ( 'NONE',  ( 0.000000000000000000, 0.000000000000000000, -1.000000000000000000 ) ) ;
#7980 = CARTESIAN_POINT ( 'NONE',  ( -0.6350000000000001199, 0.000000000000000000, 3.175000000000000711 ) ) ;
#7981 = EDGE_CURVE ( 'NONE', #6449, #8588, #892, .T. ) ;
#7982 = AXIS2_PLACEMENT_3D ( 'NONE', #10260, #7496, #1789 ) ;
#7983 = DIRECTION ( 'NONE',  ( 0.000000000000000000, 0.000000000000000000, -1.000000000000000000 ) ) ;
#7984 =( NAMED_UNIT ( * ) PLANE_ANGLE_UNIT ( ) SI_UNIT ( $, .RADIAN. ) );
#7985 = DIRECTION ( 'NONE',  ( 0.000000000000000000, 1.000000000000000000, 0.000000000000000000 ) ) ;
#7986 = ADVANCED_FACE ( 'NONE', ( #6156 ), #5326, .F. ) ;
#7987 = ORIENTED_EDGE ( 'NONE', *, *, #3828, .T. ) ;
#7988 = FACE_OUTER_BOUND ( 'NONE', #6981, .T. ) ;
#7989 = UNCERTAINTY_MEASURE_WITH_UNIT (LENGTH_MEASURE( 1.000000000000000082E-05 ), #2448, 'distance_accuracy_value', 'NONE');
#7990 = VERTEX_POINT ( 'NONE', #4505 ) ;
#7991 = DIRECTION ( 'NONE',  ( 1.224646799147353207E-16, 0.000000000000000000, -1.000000000000000000 ) ) ;
#7992 = DIRECTION ( 'NONE',  ( 0.000000000000000000, -0.000000000000000000, -1.000000000000000000 ) ) ;
#7993 = EDGE_LOOP ( 'NONE', ( #1800, #4025 ) ) ;
#7994 = CIRCLE ( 'NONE', #4072, 0.3750000000000003331 ) ;
#7995 = CARTESIAN_POINT ( 'NONE',  ( 7.172082869338698430, 0.6999999999999998446, -1.904999999999999583 ) ) ;
#7996 = CARTESIAN_POINT ( 'NONE',  ( -5.715000000000000746, 0.3750000000000000000, 3.175000000000000711 ) ) ;
#7997 = DIRECTION ( 'NONE',  ( 0.000000000000000000, 0.000000000000000000, 1.000000000000000000 ) ) ;
#7998 = STYLED_ITEM ( 'NONE', ( #10412 ), #10552 ) ;
#7999 = ADVANCED_FACE ( 'NONE', ( #7910 ), #3670, .T. ) ;
#8000 = CIRCLE ( 'NONE', #9399, 0.1870828693386972497 ) ;
#8001 = DIRECTION ( 'NONE',  ( 0.000000000000000000, 0.000000000000000000, 1.000000000000000000 ) ) ;
#8002 = EDGE_CURVE ( 'NONE', #5840, #3456, #164, .T. ) ;
#8003 = FACE_OUTER_BOUND ( 'NONE', #3578, .T. ) ;
#8004 = CLOSED_SHELL ( 'NONE', ( #4986, #10156, #5713 ) ) ;
#8005 =( NAMED_UNIT ( * ) SI_UNIT ( $, .STERADIAN. ) SOLID_ANGLE_UNIT ( ) );
#8006 = CARTESIAN_POINT ( 'NONE',  ( -4.632082869338698394, 0.6999999999999998446, 4.445000000000001172 ) ) ;
#8007 = DIRECTION ( 'NONE',  ( -0.000000000000000000, 1.000000000000000000, -0.000000000000000000 ) ) ;
#8008 = DIRECTION ( 'NONE',  ( 0.000000000000000000, 0.000000000000000000, -1.000000000000000000 ) ) ;
#8009 = CIRCLE ( 'NONE', #6584, 0.3749999999999998890 ) ;
#8010 = CARTESIAN_POINT ( 'NONE',  ( -1.905000000000000471, 0.3750000000000000000, -1.904999999999999583 ) ) ;
#8011 = CLOSED_SHELL ( 'NONE', ( #4236, #7286, #1108 ) ) ;
#8012 = AXIS2_PLACEMENT_3D ( 'NONE', #8992, #1358, #7511 ) ;
#8013 = ORIENTED_EDGE ( 'NONE', *, *, #6353, .F. ) ;
#8014 = ORIENTED_EDGE ( 'NONE', *, *, #943, .T. ) ;
#8015 = ORIENTED_EDGE ( 'NONE', *, *, #2016, .F. ) ;
#8016 = FACE_OUTER_BOUND ( 'NONE', #10862, .T. ) ;
#8017 = PLANE ( 'NONE',  #6479 ) ;
#8018 = SURFACE_SIDE_STYLE ('',( #4614 ) ) ;
#8019 = ADVANCED_FACE ( 'NONE', ( #9932 ), #4715, .F. ) ;
#8020 = AXIS2_PLACEMENT_3D ( 'NONE', #7112, #1861, #6905 ) ;
#8021 = AXIS2_PLACEMENT_3D ( 'NONE', #6497, #9047, #10000 ) ;
#8022 = DIRECTION ( 'NONE',  ( 0.000000000000000000, 0.000000000000000000, 1.000000000000000000 ) ) ;
#8023 = SURFACE_STYLE_FILL_AREA ( #4677 ) ;
#8024 = AXIS2_PLACEMENT_3D ( 'NONE', #10218, #1637, #2588 ) ;
#8025 = EDGE_LOOP ( 'NONE', ( #2475, #869, #9977 ) ) ;
#8026 =( NAMED_UNIT ( * ) SI_UNIT ( $, .STERADIAN. ) SOLID_ANGLE_UNIT ( ) );
#8027 =( GEOMETRIC_REPRESENTATION_CONTEXT ( 3 ) GLOBAL_UNCERTAINTY_ASSIGNED_CONTEXT ( ( #2749 ) ) GLOBAL_UNIT_ASSIGNED_CONTEXT ( ( #7614, #6879, #1784 ) ) REPRESENTATION_CONTEXT ( 'NONE', 'WORKASPACE' ) );
#8028 = VERTEX_POINT ( 'NONE', #452 ) ;
#8029 = AXIS2_PLACEMENT_3D ( 'NONE', #9572, #2655, #7841 ) ;
#8030 = DIRECTION ( 'NONE',  ( 0.000000000000000000, -1.000000000000000000, 0.000000000000000000 ) ) ;
#8031 = ORIENTED_EDGE ( 'NONE', *, *, #3779, .T. ) ;
#8032 = EDGE_CURVE ( 'NONE', #7143, #9348, #8070, .T. ) ;
#8033 = PLANE ( 'NONE',  #6286 ) ;
#8034 = PRESENTATION_STYLE_ASSIGNMENT (( #1113 ) ) ;
#8035 = ORIENTED_EDGE ( 'NONE', *, *, #6183, .F. ) ;
#8036 = DIRECTION ( 'NONE',  ( 0.000000000000000000, -0.000000000000000000, -1.000000000000000000 ) ) ;
#8037 = CIRCLE ( 'NONE', #1974, 0.3750000000000003331 ) ;
#8038 = ADVANCED_FACE ( 'NONE', ( #4819 ), #8994, .T. ) ;
#8039 = CARTESIAN_POINT ( 'NONE',  ( 3.174999999999999822, 0.3750000000000000000, 1.905000000000000471 ) ) ;
#8040 = CIRCLE ( 'NONE', #1630, 0.1870828693386972497 ) ;
#8041 = DIRECTION ( 'NONE',  ( 0.000000000000000000, 0.000000000000000000, 1.000000000000000000 ) ) ;
#8042 =( NAMED_UNIT ( * ) SI_UNIT ( $, .STERADIAN. ) SOLID_ANGLE_UNIT ( ) );
#8043 = FILL_AREA_STYLE ('',( #6493 ) ) ;
#8044 = AXIS2_PLACEMENT_3D ( 'NONE', #3010, #418, #6345 ) ;
#8045 =( GEOMETRIC_REPRESENTATION_CONTEXT ( 3 ) GLOBAL_UNCERTAINTY_ASSIGNED_CONTEXT ( ( #7876 ) ) GLOBAL_UNIT_ASSIGNED_CONTEXT ( ( #819, #8531, #1913 ) ) REPRESENTATION_CONTEXT ( 'NONE', 'WORKASPACE' ) );
#8046 = CARTESIAN_POINT ( 'NONE',  ( 6.985000000000000320, 0.3750000000000000000, 1.905000000000000471 ) ) ;
#8047 = ORIENTED_EDGE ( 'NONE', *, *, #10992, .F. ) ;
#8048 = CIRCLE ( 'NONE', #5023, 0.3750000000000003331 ) ;
#8049 = ORIENTED_EDGE ( 'NONE', *, *, #3353, .T. ) ;
#8050 = DIRECTION ( 'NONE',  ( 0.000000000000000000, 0.000000000000000000, -1.000000000000000000 ) ) ;
#8051 = EDGE_CURVE ( 'NONE', #1295, #2707, #3229, .T. ) ;
#8052 = DIRECTION ( 'NONE',  ( -0.000000000000000000, 1.000000000000000000, -0.000000000000000000 ) ) ;
#8053 = STYLED_ITEM ( 'NONE', ( #586 ), #3136 ) ;
#8054 = ORIENTED_EDGE ( 'NONE', *, *, #4150, .T. ) ;
#8055 = SURFACE_STYLE_FILL_AREA ( #4595 ) ;
#8056 = EDGE_CURVE ( 'NONE', #6652, #271, #4469, .T. ) ;
#8057 = CARTESIAN_POINT ( 'NONE',  ( -1.905000000000000471, 0.6999999999999998446, 6.985000000000001208 ) ) ;
#8058 = EDGE_CURVE ( 'NONE', #9913, #10625, #1779, .T. ) ;
#8059 = PRESENTATION_LAYER_ASSIGNMENT (  '', '', ( #927 ) ) ;
#8060 = CARTESIAN_POINT ( 'NONE',  ( 5.715000000000000746, 0.6999999999999998446, 0.6350000000000001199 ) ) ;
#8061 = PRESENTATION_STYLE_ASSIGNMENT (( #7277 ) ) ;
#8062 = AXIS2_PLACEMENT_3D ( 'NONE', #4106, #7799, #230 ) ;
#8063 = DIRECTION ( 'NONE',  ( 0.000000000000000000, 0.000000000000000000, 1.000000000000000000 ) ) ;
#8064 = DIRECTION ( 'NONE',  ( 0.000000000000000000, 0.000000000000000000, -1.000000000000000000 ) ) ;
#8065 = PRESENTATION_STYLE_ASSIGNMENT (( #6376 ) ) ;
#8066 = CARTESIAN_POINT ( 'NONE',  ( 1.904999999999999583, 0.000000000000000000, 4.445000000000001172 ) ) ;
#8067 = AXIS2_PLACEMENT_3D ( 'NONE', #5805, #9306, #2351 ) ;
#8068 = SPHERICAL_SURFACE ( 'NONE', #6204, 0.3750000000000000000 ) ;
#8069 = ADVANCED_FACE ( 'NONE', ( #7405 ), #8229, .T. ) ;
#8070 = LINE ( 'NONE', #566, #7132 ) ;
#8071 = FACE_OUTER_BOUND ( 'NONE', #1057, .T. ) ;
#8072 = AXIS2_PLACEMENT_3D ( 'NONE', #9005, #8243, #9756 ) ;
#8073 = VERTEX_POINT ( 'NONE', #10788 ) ;
#8074 = EDGE_LOOP ( 'NONE', ( #10764, #6692 ) ) ;
#8075 =( NAMED_UNIT ( * ) SI_UNIT ( $, .STERADIAN. ) SOLID_ANGLE_UNIT ( ) );
#8076 = FACE_OUTER_BOUND ( 'NONE', #8268, .T. ) ;
#8077 = SURFACE_SIDE_STYLE ('',( #1429 ) ) ;
#8078 =( NAMED_UNIT ( * ) SI_UNIT ( $, .STERADIAN. ) SOLID_ANGLE_UNIT ( ) );
#8079 =( LENGTH_UNIT ( ) NAMED_UNIT ( * ) SI_UNIT ( .MILLI., .METRE. ) );
#8080 =( GEOMETRIC_REPRESENTATION_CONTEXT ( 3 ) GLOBAL_UNCERTAINTY_ASSIGNED_CONTEXT ( ( #2182 ) ) GLOBAL_UNIT_ASSIGNED_CONTEXT ( ( #8744, #3679, #10244 ) ) REPRESENTATION_CONTEXT ( 'NONE', 'WORKASPACE' ) );
#8081 = AXIS2_PLACEMENT_3D ( 'NONE', #8885, #8991, #1251 ) ;
#8082 = CARTESIAN_POINT ( 'NONE',  ( -1.905000000000000471, 0.6999999999999998446, -5.714999999999999858 ) ) ;
#8083 = CARTESIAN_POINT ( 'NONE',  ( -5.715000000000000746, 0.6999999999999999556, -3.174999999999999822 ) ) ;
#8084 = MECHANICAL_DESIGN_GEOMETRIC_PRESENTATION_REPRESENTATION (  '', ( #1842 ), #7380 ) ;
#8085 = ORIENTED_EDGE ( 'NONE', *, *, #8800, .T. ) ;
#8086 = SURFACE_SIDE_STYLE ('',( #9711 ) ) ;
#8087 = CIRCLE ( 'NONE', #10394, 0.3749999999999998890 ) ;
#8088 = EDGE_LOOP ( 'NONE', ( #2305, #1238, #3974 ) ) ;
#8089 = DIRECTION ( 'NONE',  ( -0.000000000000000000, 1.000000000000000000, -0.000000000000000000 ) ) ;
#8090 = EDGE_LOOP ( 'NONE', ( #8433, #3897, #9132 ) ) ;
#8091 = CARTESIAN_POINT ( 'NONE',  ( -6.985000000000000320, 0.6999999999999999556, 3.175000000000000711 ) ) ;
#8092 = ORIENTED_EDGE ( 'NONE', *, *, #4239, .T. ) ;
#8093 =( LENGTH_UNIT ( ) NAMED_UNIT ( * ) SI_UNIT ( .MILLI., .METRE. ) );
#8094 = FILL_AREA_STYLE_COLOUR ( '', #6435 ) ;
#8095 = DIRECTION ( 'NONE',  ( 0.000000000000000000, 0.000000000000000000, -1.000000000000000000 ) ) ;
#8096 = ADVANCED_FACE ( 'NONE', ( #619 ), #8283, .F. ) ;
#8097 = SURFACE_SIDE_STYLE ('',( #8920 ) ) ;
#8098 = CARTESIAN_POINT ( 'NONE',  ( 5.715000000000000746, 0.6999999999999998446, 5.715000000000001634 ) ) ;
#8099 = ADVANCED_FACE ( 'NONE', ( #504 ), #4882, .T. ) ;
#8100 = EDGE_LOOP ( 'NONE', ( #90, #7127, #10031 ) ) ;
#8101 = FACE_OUTER_BOUND ( 'NONE', #11039, .T. ) ;
#8102 = UNCERTAINTY_MEASURE_WITH_UNIT (LENGTH_MEASURE( 1.000000000000000082E-05 ), #3810, 'distance_accuracy_value', 'NONE');
#8103 = ORIENTED_EDGE ( 'NONE', *, *, #5222, .F. ) ;
#8104 = DIRECTION ( 'NONE',  ( 0.000000000000000000, 0.000000000000000000, -1.000000000000000000 ) ) ;
#8105 = CARTESIAN_POINT ( 'NONE',  ( 0.000000000000000000, 5.120000000000000107, 0.000000000000000000 ) ) ;
#8106 = ORIENTED_EDGE ( 'NONE', *, *, #2312, .T. ) ;
#8107 = DIRECTION ( 'NONE',  ( -1.000000000000000000, 0.000000000000000000, 0.000000000000000000 ) ) ;
#8108 = DIRECTION ( 'NONE',  ( 0.000000000000000000, -0.000000000000000000, -1.000000000000000000 ) ) ;
#8109 = FACE_OUTER_BOUND ( 'NONE', #10809, .T. ) ;
#8111 = EDGE_CURVE ( 'NONE', #796, #1838, #5516, .T. ) ;
#8110 = AXIS2_PLACEMENT_3D ( 'NONE', #8245, #10801, #3176 ) ;
#8112 = ADVANCED_FACE ( 'NONE', ( #7458 ), #10678, .T. ) ;
#8113 = DIRECTION ( 'NONE',  ( 0.000000000000000000, 0.000000000000000000, 1.000000000000000000 ) ) ;
#8114 = DIRECTION ( 'NONE',  ( 0.000000000000000000, -0.000000000000000000, -1.000000000000000000 ) ) ;
#8115 = CARTESIAN_POINT ( 'NONE',  ( 0.6349999999999992317, 0.3750000000000000000, 4.445000000000001172 ) ) ;
#8116 = SURFACE_STYLE_FILL_AREA ( #4549 ) ;
#8117 = DIRECTION ( 'NONE',  ( 1.000000000000000000, 0.000000000000000000, 0.000000000000000000 ) ) ;
#8118 = DIRECTION ( 'NONE',  ( 0.000000000000000000, -0.000000000000000000, -1.000000000000000000 ) ) ;
#8119 = DIRECTION ( 'NONE',  ( 0.000000000000000000, -1.000000000000000000, 0.000000000000000000 ) ) ;
#8120 = EDGE_LOOP ( 'NONE', ( #1390, #3216 ) ) ;
#8121 = ORIENTED_EDGE ( 'NONE', *, *, #6672, .T. ) ;
#8122 = DIRECTION ( 'NONE',  ( 0.000000000000000000, -1.000000000000000000, 0.000000000000000000 ) ) ;
#8123 = EDGE_CURVE ( 'NONE', #6097, #9892, #3581, .T. ) ;
#8124 = EDGE_CURVE ( 'NONE', #8352, #5187, #3047, .T. ) ;
#8125 = COLOUR_RGB ( '',0.7921568627450980005, 0.8196078431372548767, 0.9333333333333333481 ) ;
#8126 = CARTESIAN_POINT ( 'NONE',  ( -4.445000000000001172, 0.3750000000000000000, -0.6349999999999992317 ) ) ;
#8127 = EDGE_CURVE ( 'NONE', #6764, #10938, #10693, .T. ) ;
#8128 = DIRECTION ( 'NONE',  ( 1.000000000000000000, 0.000000000000000000, 0.000000000000000000 ) ) ;
#8129 = DIRECTION ( 'NONE',  ( 0.000000000000000000, 0.000000000000000000, 1.000000000000000000 ) ) ;
#8130 = SPHERICAL_SURFACE ( 'NONE', #10803, 0.3750000000000000000 ) ;
#8131 = STYLED_ITEM ( 'NONE', ( #289 ), #6792 ) ;
#8132 = PLANE ( 'NONE',  #8656 ) ;
#8133 = DIRECTION ( 'NONE',  ( 0.000000000000000000, 0.000000000000000000, 1.000000000000000000 ) ) ;
#8134 = ADVANCED_FACE ( 'NONE', ( #2255 ), #802, .T. ) ;
#8135 = EDGE_LOOP ( 'NONE', ( #2974, #10269 ) ) ;
#8136 = FACE_OUTER_BOUND ( 'NONE', #7823, .T. ) ;
#8137 =( LENGTH_UNIT ( ) NAMED_UNIT ( * ) SI_UNIT ( .MILLI., .METRE. ) );
#8138 = CARTESIAN_POINT ( 'NONE',  ( -5.902082869338697968, 0.6999999999999998446, -6.985000000000000320 ) ) ;
#8139 = VERTEX_POINT ( 'NONE', #1418 ) ;
#8140 = DIRECTION ( 'NONE',  ( 0.000000000000000000, -1.000000000000000000, 0.000000000000000000 ) ) ;
#8141 = DIRECTION ( 'NONE',  ( -0.000000000000000000, 1.000000000000000000, -0.000000000000000000 ) ) ;
#8142 = DIRECTION ( 'NONE',  ( 0.000000000000000000, 0.000000000000000000, -1.000000000000000000 ) ) ;
#8143 = AXIS2_PLACEMENT_3D ( 'NONE', #6024, #5036, #11051 ) ;
#8144 =( LENGTH_UNIT ( ) NAMED_UNIT ( * ) SI_UNIT ( .MILLI., .METRE. ) );
#8145 = PRESENTATION_STYLE_ASSIGNMENT (( #1504 ) ) ;
#8146 = AXIS2_PLACEMENT_3D ( 'NONE', #9677, #2067, #3040 ) ;
#8147 = DIRECTION ( 'NONE',  ( -0.000000000000000000, 1.000000000000000000, -0.000000000000000000 ) ) ;
#8148 = ORIENTED_EDGE ( 'NONE', *, *, #6459, .T. ) ;
#8149 = DIRECTION ( 'NONE',  ( 0.000000000000000000, 0.000000000000000000, 1.000000000000000000 ) ) ;
#8150 = ORIENTED_EDGE ( 'NONE', *, *, #2669, .T. ) ;
#8151 = AXIS2_PLACEMENT_3D ( 'NONE', #1314, #6502, #8345 ) ;
#8152 = DIRECTION ( 'NONE',  ( 1.000000000000000000, 0.000000000000000000, 0.000000000000000000 ) ) ;
#8153 = SPHERICAL_SURFACE ( 'NONE', #3276, 0.3750000000000000000 ) ;
#8154 = EDGE_LOOP ( 'NONE', ( #4169, #6762 ) ) ;
#8155 = DIRECTION ( 'NONE',  ( 0.000000000000000000, -0.000000000000000000, -1.000000000000000000 ) ) ;
#8156 = CARTESIAN_POINT ( 'NONE',  ( -0.6350000000000001199, 0.6999999999999998446, 1.905000000000000471 ) ) ;
#8157 = CARTESIAN_POINT ( 'NONE',  ( -6.000000000000005329, 5.070000000000000284, -5.999999999999998224 ) ) ;
#8158 = SURFACE_SIDE_STYLE ('',( #4754 ) ) ;
#8159 = ADVANCED_FACE ( 'NONE', ( #10175 ), #5056, .F. ) ;
#8160 = FACE_OUTER_BOUND ( 'NONE', #1156, .T. ) ;
#8161 = PRESENTATION_STYLE_ASSIGNMENT (( #4758 ) ) ;
#8162 = AXIS2_PLACEMENT_3D ( 'NONE', #6543, #10830, #7395 ) ;
#8163 = FACE_OUTER_BOUND ( 'NONE', #7568, .T. ) ;
#8164 = PRESENTATION_LAYER_ASSIGNMENT (  '', '', ( #130 ) ) ;
#8165 = SPHERICAL_SURFACE ( 'NONE', #4970, 0.3750000000000000000 ) ;
#8166 = CARTESIAN_POINT ( 'NONE',  ( -4.445000000000001172, 0.3750000000000000000, -5.714999999999999858 ) ) ;
#8167 = EDGE_CURVE ( 'NONE', #6657, #598, #3927, .T. ) ;
#8168 = ADVANCED_FACE ( 'NONE', ( #7686 ), #3284, .F. ) ;
#8169 = EDGE_CURVE ( 'NONE', #2941, #10657, #9150, .T. ) ;
#8170 = AXIS2_PLACEMENT_3D ( 'NONE', #3460, #6860, #5996 ) ;
#8171 = SURFACE_STYLE_FILL_AREA ( #8945 ) ;
#8172 = ORIENTED_EDGE ( 'NONE', *, *, #2911, .F. ) ;
#8173 = EDGE_LOOP ( 'NONE', ( #3327, #8639, #9041 ) ) ;
#8174 = DIRECTION ( 'NONE',  ( 0.000000000000000000, 0.000000000000000000, -1.000000000000000000 ) ) ;
#8175 = DIRECTION ( 'NONE',  ( -0.000000000000000000, 1.000000000000000000, -0.000000000000000000 ) ) ;
#8176 = ORIENTED_EDGE ( 'NONE', *, *, #2097, .T. ) ;
#8177 = DIRECTION ( 'NONE',  ( 1.000000000000000000, 0.000000000000000000, 0.000000000000000000 ) ) ;
#8178 = AXIS2_PLACEMENT_3D ( 'NONE', #10786, #10677, #3162 ) ;
#8179 = PLANE ( 'NONE',  #4642 ) ;
#8180 = EDGE_CURVE ( 'NONE', #3595, #8837, #9968, .T. ) ;
#8181 = CLOSED_SHELL ( 'NONE', ( #10825, #6606, #4251 ) ) ;
#8182 = EDGE_CURVE ( 'NONE', #8904, #35, #8410, .T. ) ;
#8183 = SURFACE_STYLE_USAGE ( .BOTH. , #4781 ) ;
#8184 = DIRECTION ( 'NONE',  ( 1.000000000000000000, 0.000000000000000000, 0.000000000000000000 ) ) ;
#8185 = ORIENTED_EDGE ( 'NONE', *, *, #5243, .F. ) ;
#8186 = CLOSED_SHELL ( 'NONE', ( #99, #1339, #5726 ) ) ;
#8187 = SURFACE_STYLE_FILL_AREA ( #2162 ) ;
#8188 = ORIENTED_EDGE ( 'NONE', *, *, #10053, .F. ) ;
#8189 = ORIENTED_EDGE ( 'NONE', *, *, #4097, .F. ) ;
#8190 = DIRECTION ( 'NONE',  ( 0.000000000000000000, -1.000000000000000000, 0.000000000000000000 ) ) ;
#8191 = STYLED_ITEM ( 'NONE', ( #7953 ), #9905 ) ;
#8192 = ORIENTED_EDGE ( 'NONE', *, *, #9151, .T. ) ;
#8193 = DIRECTION ( 'NONE',  ( 0.000000000000000000, 0.000000000000000000, -1.000000000000000000 ) ) ;
#8194 = ADVANCED_FACE ( 'NONE', ( #10954 ), #8341, .F. ) ;
#8195 = CLOSED_SHELL ( 'NONE', ( #5063, #1949, #8592 ) ) ;
#8196 = CARTESIAN_POINT ( 'NONE',  ( -1.905000000000000471, 0.6999999999999998446, 5.715000000000001634 ) ) ;
#8197 = FILL_AREA_STYLE_COLOUR ( '', #8648 ) ;
#8198 = AXIS2_PLACEMENT_3D ( 'NONE', #10311, #10482, #9461 ) ;
#8199 = AXIS2_PLACEMENT_3D ( 'NONE', #8785, #234, #4764 ) ;
#8200 =( LENGTH_UNIT ( ) NAMED_UNIT ( * ) SI_UNIT ( .MILLI., .METRE. ) );
#8201 = EDGE_LOOP ( 'NONE', ( #7409, #2083 ) ) ;
#8202 = FACE_OUTER_BOUND ( 'NONE', #10722, .T. ) ;
#8203 = ORIENTED_EDGE ( 'NONE', *, *, #5515, .T. ) ;
#8204 = CARTESIAN_POINT ( 'NONE',  ( -3.175000000000000711, 0.3750000000000000000, -3.174999999999999822 ) ) ;
#8205 = CIRCLE ( 'NONE', #9963, 0.3749999999999998890 ) ;
#8206 = CIRCLE ( 'NONE', #2522, 0.1870828693386972497 ) ;
#8207 = UNCERTAINTY_MEASURE_WITH_UNIT (LENGTH_MEASURE( 1.000000000000000082E-05 ), #19, 'distance_accuracy_value', 'NONE');
#8208 = VERTEX_POINT ( 'NONE', #744 ) ;
#8209 = DIRECTION ( 'NONE',  ( 0.000000000000000000, 0.000000000000000000, 1.000000000000000000 ) ) ;
#8210 = CIRCLE ( 'NONE', #5714, 0.3750000000000000000 ) ;
#8211 = SPHERICAL_SURFACE ( 'NONE', #2553, 0.3750000000000000000 ) ;
#8212 = ORIENTED_EDGE ( 'NONE', *, *, #5307, .T. ) ;
#8213 = AXIS2_PLACEMENT_3D ( 'NONE', #9191, #10216, #10159 ) ;
#8214 =( LENGTH_UNIT ( ) NAMED_UNIT ( * ) SI_UNIT ( .MILLI., .METRE. ) );
#8215 = SPHERICAL_SURFACE ( 'NONE', #8162, 0.3750000000000000000 ) ;
#8216 = DIRECTION ( 'NONE',  ( -0.000000000000000000, 1.000000000000000000, -0.000000000000000000 ) ) ;
#8217 = CARTESIAN_POINT ( 'NONE',  ( 6.985000000000000320, 0.3750000000000000000, -1.904999999999999583 ) ) ;
#8218 = FILL_AREA_STYLE_COLOUR ( '', #4331 ) ;
#8219 = AXIS2_PLACEMENT_3D ( 'NONE', #4587, #2915, #3811 ) ;
#8220 = AXIS2_PLACEMENT_3D ( 'NONE', #2109, #4792, #8041 ) ;
#8221 = CARTESIAN_POINT ( 'NONE',  ( 0.6349999999999992317, 0.6999999999999998446, 6.985000000000001208 ) ) ;
#8222 = ORIENTED_EDGE ( 'NONE', *, *, #1355, .T. ) ;
#8223 = DIRECTION ( 'NONE',  ( 1.000000000000000000, 0.000000000000000000, 0.000000000000000000 ) ) ;
#8224 = DIRECTION ( 'NONE',  ( 0.000000000000000000, -1.000000000000000000, 0.000000000000000000 ) ) ;
#8225 = DIRECTION ( 'NONE',  ( 1.000000000000000000, 0.000000000000000000, 0.000000000000000000 ) ) ;
#8226 = MECHANICAL_DESIGN_GEOMETRIC_PRESENTATION_REPRESENTATION (  '', ( #1807 ), #8755 ) ;
#8227 =( LENGTH_UNIT ( ) NAMED_UNIT ( * ) SI_UNIT ( .MILLI., .METRE. ) );
#8228 = CIRCLE ( 'NONE', #1607, 0.1870828693386972497 ) ;
#8229 = SPHERICAL_SURFACE ( 'NONE', #10867, 0.3750000000000000000 ) ;
#8230 = COLOUR_RGB ( '',0.7921568627450980005, 0.8196078431372548767, 0.9333333333333333481 ) ;
#8231 = CARTESIAN_POINT ( 'NONE',  ( -5.715000000000000746, 0.6999999999999999556, -6.985000000000000320 ) ) ;
#8232 = CARTESIAN_POINT ( 'NONE',  ( 5.715000000000000746, 0.3750000000000000000, 5.715000000000001634 ) ) ;
#8233 = ADVANCED_FACE ( 'NONE', ( #1696 ), #3390, .T. ) ;
#8234 = AXIS2_PLACEMENT_3D ( 'NONE', #3609, #2772, #9530 ) ;
#8235 = ORIENTED_EDGE ( 'NONE', *, *, #2196, .F. ) ;
#8236 = ORIENTED_EDGE ( 'NONE', *, *, #8385, .F. ) ;
#8237 = CARTESIAN_POINT ( 'NONE',  ( -6.000000000000005329, 5.070000000000000284, -5.399999999999998579 ) ) ;
#8238 = CARTESIAN_POINT ( 'NONE',  ( -5.527917130661303524, 0.6999999999999998446, 6.985000000000001208 ) ) ;
#8239 = PRESENTATION_STYLE_ASSIGNMENT (( #409 ) ) ;
#8240 = ADVANCED_FACE ( 'NONE', ( #5154 ), #11008, .F. ) ;
#8241 = EDGE_LOOP ( 'NONE', ( #2579, #9817, #10364 ) ) ;
#8242 = AXIS2_PLACEMENT_3D ( 'NONE', #7507, #7570, #5050 ) ;
#8243 = DIRECTION ( 'NONE',  ( 0.000000000000000000, -1.000000000000000000, 0.000000000000000000 ) ) ;
#8244 = CARTESIAN_POINT ( 'NONE',  ( -1.905000000000000471, 0.6999999999999999556, 0.6350000000000001199 ) ) ;
#8245 = CARTESIAN_POINT ( 'NONE',  ( 6.985000000000000320, 0.6999999999999998446, 0.6350000000000001199 ) ) ;
#8246 = AXIS2_PLACEMENT_3D ( 'NONE', #8105, #1404, #2976 ) ;
#8247 = DIRECTION ( 'NONE',  ( 1.000000000000000000, 0.000000000000000000, 0.000000000000000000 ) ) ;
#8248 = DIRECTION ( 'NONE',  ( 0.000000000000000000, -1.000000000000000000, 0.000000000000000000 ) ) ;
#8249 = ORIENTED_EDGE ( 'NONE', *, *, #10613, .T. ) ;
#8250 = PRESENTATION_STYLE_ASSIGNMENT (( #1667 ) ) ;
#8251 = EDGE_CURVE ( 'NONE', #5357, #10700, #4645, .T. ) ;
#8252 = EDGE_CURVE ( 'NONE', #8713, #6480, #9090, .T. ) ;
#8253 = VERTEX_POINT ( 'NONE', #8567 ) ;
#8254 =( NAMED_UNIT ( * ) SI_UNIT ( $, .STERADIAN. ) SOLID_ANGLE_UNIT ( ) );
#8255 = SPHERICAL_SURFACE ( 'NONE', #8919, 0.3750000000000000000 ) ;
#8256 = PRESENTATION_LAYER_ASSIGNMENT (  '', '', ( #5934 ) ) ;
#8257 = EDGE_LOOP ( 'NONE', ( #120, #7505, #10135 ) ) ;
#8258 = AXIS2_PLACEMENT_3D ( 'NONE', #7296, #9819, #408 ) ;
#8259 = COLOUR_RGB ( '',0.7921568627450980005, 0.8196078431372548767, 0.9333333333333333481 ) ;
#8260 = CARTESIAN_POINT ( 'NONE',  ( -5.902082869338697968, 0.6999999999999998446, -4.444999999999999396 ) ) ;
#8261 = PRESENTATION_STYLE_ASSIGNMENT (( #10079 ) ) ;
#8262 = AXIS2_PLACEMENT_3D ( 'NONE', #9533, #2933, #1916 ) ;
#8263 = FACE_OUTER_BOUND ( 'NONE', #769, .T. ) ;
#8264 = ORIENTED_EDGE ( 'NONE', *, *, #3749, .F. ) ;
#8265 = DIRECTION ( 'NONE',  ( 1.224646799147353207E-16, 0.000000000000000000, -1.000000000000000000 ) ) ;
#8266 = ORIENTED_EDGE ( 'NONE', *, *, #3937, .T. ) ;
#8267 = CARTESIAN_POINT ( 'NONE',  ( 5.902082869338697968, 0.6999999999999998446, 3.175000000000000711 ) ) ;
#8268 = EDGE_LOOP ( 'NONE', ( #4386, #3886 ) ) ;
#8269 = EDGE_LOOP ( 'NONE', ( #2060, #1065, #1278 ) ) ;
#8270 = ADVANCED_FACE ( 'NONE', ( #4284 ), #6849, .T. ) ;
#8271 = DIRECTION ( 'NONE',  ( 0.000000000000000000, 0.000000000000000000, -1.000000000000000000 ) ) ;
#8272 = ORIENTED_EDGE ( 'NONE', *, *, #6890, .T. ) ;
#8273 = FACE_OUTER_BOUND ( 'NONE', #4026, .T. ) ;
#8274 = FACE_OUTER_BOUND ( 'NONE', #6074, .T. ) ;
#8275 = DIRECTION ( 'NONE',  ( 0.000000000000000000, 0.000000000000000000, 1.000000000000000000 ) ) ;
#8276 = CARTESIAN_POINT ( 'NONE',  ( 0.6349999999999992317, 0.3750000000000000000, 6.985000000000001208 ) ) ;
#8277 = EDGE_LOOP ( 'NONE', ( #3971, #5621, #852 ) ) ;
#8278 = VERTEX_POINT ( 'NONE', #7740 ) ;
#8279 = FILL_AREA_STYLE ('',( #10842 ) ) ;
#8280 = DIRECTION ( 'NONE',  ( -0.000000000000000000, 1.000000000000000000, -0.000000000000000000 ) ) ;
#8281 = DIRECTION ( 'NONE',  ( 0.000000000000000000, 0.000000000000000000, -1.000000000000000000 ) ) ;
#8282 = DIRECTION ( 'NONE',  ( -1.000000000000000000, 0.000000000000000000, 0.000000000000000000 ) ) ;
#8283 = PLANE ( 'NONE',  #2687 ) ;
#8284 = AXIS2_PLACEMENT_3D ( 'NONE', #2585, #7196, #5973 ) ;
#8285 = DIRECTION ( 'NONE',  ( 1.224646799147353207E-16, 0.000000000000000000, -1.000000000000000000 ) ) ;
#8286 = VERTEX_POINT ( 'NONE', #61 ) ;
#8287 = ORIENTED_EDGE ( 'NONE', *, *, #7712, .F. ) ;
#8288 = MECHANICAL_DESIGN_GEOMETRIC_PRESENTATION_REPRESENTATION (  '', ( #1866 ), #10953 ) ;
#8289 = PRESENTATION_STYLE_ASSIGNMENT (( #10686 ) ) ;
#8290 = ORIENTED_EDGE ( 'NONE', *, *, #6340, .T. ) ;
#8291 = CARTESIAN_POINT ( 'NONE',  ( 6.797917130661303098, 0.6999999999999998446, 5.715000000000001634 ) ) ;
#8292 = DIRECTION ( 'NONE',  ( 0.000000000000000000, -0.000000000000000000, -1.000000000000000000 ) ) ;
#8293 = DIRECTION ( 'NONE',  ( 0.000000000000000000, -0.000000000000000000, -1.000000000000000000 ) ) ;
#8294 = STYLED_ITEM ( 'NONE', ( #4192 ), #6558 ) ;
#8295 = DIRECTION ( 'NONE',  ( 1.000000000000000000, 0.000000000000000000, 0.000000000000000000 ) ) ;
#8296 = FILL_AREA_STYLE_COLOUR ( '', #9272 ) ;
#8297 = EDGE_CURVE ( 'NONE', #7237, #10808, #2325, .T. ) ;
#8298 = SURFACE_STYLE_USAGE ( .BOTH. , #7591 ) ;
#8299 = CIRCLE ( 'NONE', #7947, 0.3749999999999998890 ) ;
#8300 = SPHERICAL_SURFACE ( 'NONE', #5112, 0.3750000000000000000 ) ;
#8301 = CIRCLE ( 'NONE', #1532, 0.3750000000000003331 ) ;
#8302 = EDGE_LOOP ( 'NONE', ( #1797, #10948, #6940 ) ) ;
#8303 = EDGE_CURVE ( 'NONE', #916, #4198, #8570, .T. ) ;
#8304 = DIRECTION ( 'NONE',  ( 0.000000000000000000, 0.000000000000000000, -1.000000000000000000 ) ) ;
#8305 = EDGE_LOOP ( 'NONE', ( #4096, #9478, #4334 ) ) ;
#8306 =( NAMED_UNIT ( * ) SI_UNIT ( $, .STERADIAN. ) SOLID_ANGLE_UNIT ( ) );
#8307 = UNCERTAINTY_MEASURE_WITH_UNIT (LENGTH_MEASURE( 1.000000000000000082E-05 ), #4634, 'distance_accuracy_value', 'NONE');
#8308 = ORIENTED_EDGE ( 'NONE', *, *, #10890, .T. ) ;
#8309 = CIRCLE ( 'NONE', #4574, 0.5999999999999998668 ) ;
#8310 = PRESENTATION_LAYER_ASSIGNMENT (  '', '', ( #6719 ) ) ;
#8311 = ADVANCED_FACE ( 'NONE', ( #2771 ), #1024, .T. ) ;
#8312 = EDGE_CURVE ( 'NONE', #5815, #8981, #6805, .T. ) ;
#8313 = PLANE ( 'NONE',  #1753 ) ;
#8314 = ORIENTED_EDGE ( 'NONE', *, *, #8111, .F. ) ;
#8315 = DIRECTION ( 'NONE',  ( 0.000000000000000000, -1.000000000000000000, 0.000000000000000000 ) ) ;
#8316 = CIRCLE ( 'NONE', #100, 0.1870828693386972497 ) ;
#8317 = VERTEX_POINT ( 'NONE', #5367 ) ;
#8318 = FACE_OUTER_BOUND ( 'NONE', #3423, .T. ) ;
#8319 = UNCERTAINTY_MEASURE_WITH_UNIT (LENGTH_MEASURE( 1.000000000000000082E-05 ), #8144, 'distance_accuracy_value', 'NONE');
#8320 = VERTEX_POINT ( 'NONE', #2871 ) ;
#8321 = VERTEX_POINT ( 'NONE', #4543 ) ;
#8322 = DIRECTION ( 'NONE',  ( 0.000000000000000000, 0.000000000000000000, -1.000000000000000000 ) ) ;
#8323 = FACE_OUTER_BOUND ( 'NONE', #7929, .T. ) ;
#8324 = VERTEX_POINT ( 'NONE', #5214 ) ;
#8325 = DIRECTION ( 'NONE',  ( 0.000000000000000000, 0.000000000000000000, -1.000000000000000000 ) ) ;
#8326 = COLOUR_RGB ( '',0.7921568627450980005, 0.8196078431372548767, 0.9333333333333333481 ) ;
#8327 = SPHERICAL_SURFACE ( 'NONE', #7645, 0.3750000000000000000 ) ;
#8328 = FACE_OUTER_BOUND ( 'NONE', #2241, .T. ) ;
#8329 = ADVANCED_FACE ( 'NONE', ( #3715 ), #8825, .T. ) ;
#8330 = PLANE ( 'NONE',  #2332 ) ;
#8331 = CIRCLE ( 'NONE', #6356, 0.1870828693386972497 ) ;
#8332 = SURFACE_STYLE_USAGE ( .BOTH. , #4330 ) ;
#8333 = EDGE_CURVE ( 'NONE', #7524, #5447, #10872, .T. ) ;
#8334 = DIRECTION ( 'NONE',  ( 0.000000000000000000, 0.000000000000000000, 1.000000000000000000 ) ) ;
#8335 = AXIS2_PLACEMENT_3D ( 'NONE', #235, #4455, #8680 ) ;
#8336 = AXIS2_PLACEMENT_3D ( 'NONE', #1633, #7447, #6836 ) ;
#8337 = PLANE ( 'NONE',  #2412 ) ;
#8338 = DIRECTION ( 'NONE',  ( 1.000000000000000000, 0.000000000000000000, 0.000000000000000000 ) ) ;
#8339 = DIRECTION ( 'NONE',  ( 0.000000000000000000, 0.000000000000000000, 1.000000000000000000 ) ) ;
#8340 = CARTESIAN_POINT ( 'NONE',  ( 0.6349999999999992317, 0.6999999999999998446, 5.715000000000001634 ) ) ;
#8341 = PLANE ( 'NONE',  #527 ) ;
#8342 = CIRCLE ( 'NONE', #6557, 0.3749999999999998890 ) ;
#8343 = EDGE_CURVE ( 'NONE', #3582, #9119, #8400, .T. ) ;
#8344 = EDGE_CURVE ( 'NONE', #9443, #7886, #6066, .T. ) ;
#8345 = DIRECTION ( 'NONE',  ( 0.000000000000000000, 0.000000000000000000, 1.000000000000000000 ) ) ;
#8346 = DIRECTION ( 'NONE',  ( -1.000000000000000000, 0.000000000000000000, 0.000000000000000000 ) ) ;
#8347 = ORIENTED_EDGE ( 'NONE', *, *, #10225, .F. ) ;
#8348 = CIRCLE ( 'NONE', #4601, 0.3749999999999998890 ) ;
#8349 = CARTESIAN_POINT ( 'NONE',  ( -0.6350000000000001199, 0.3750000000000000000, 6.985000000000001208 ) ) ;
#8350 = DIRECTION ( 'NONE',  ( -0.000000000000000000, 1.000000000000000000, -0.000000000000000000 ) ) ;
#8351 = CIRCLE ( 'NONE', #11014, 0.3749999999999998890 ) ;
#8352 = VERTEX_POINT ( 'NONE', #1133 ) ;
#8353 = FILL_AREA_STYLE_COLOUR ( '', #607 ) ;
#8354 = DIRECTION ( 'NONE',  ( -1.000000000000000000, 0.000000000000000000, 0.000000000000000000 ) ) ;
#8355 = SPHERICAL_SURFACE ( 'NONE', #6424, 0.3750000000000000000 ) ;
#8356 = CARTESIAN_POINT ( 'NONE',  ( -5.715000000000000746, 0.3750000000000000000, 0.6350000000000001199 ) ) ;
#8357 = CIRCLE ( 'NONE', #4269, 0.3750000000000003331 ) ;
#8358 = DIRECTION ( 'NONE',  ( 1.224646799147353207E-16, 0.000000000000000000, -1.000000000000000000 ) ) ;
#8359 = CARTESIAN_POINT ( 'NONE',  ( 3.174999999999999822, 0.6999999999999998446, 6.985000000000001208 ) ) ;
#8360 =( GEOMETRIC_REPRESENTATION_CONTEXT ( 3 ) GLOBAL_UNCERTAINTY_ASSIGNED_CONTEXT ( ( #4068 ) ) GLOBAL_UNIT_ASSIGNED_CONTEXT ( ( #8377, #7486, #6824 ) ) REPRESENTATION_CONTEXT ( 'NONE', 'WORKASPACE' ) );
#8361 =( NAMED_UNIT ( * ) SI_UNIT ( $, .STERADIAN. ) SOLID_ANGLE_UNIT ( ) );
#8362 = EDGE_LOOP ( 'NONE', ( #4681, #5131, #9700 ) ) ;
#8363 = DIRECTION ( 'NONE',  ( 0.000000000000000000, 0.000000000000000000, -1.000000000000000000 ) ) ;
#8364 = ORIENTED_EDGE ( 'NONE', *, *, #6976, .F. ) ;
#8365 = ADVANCED_FACE ( 'NONE', ( #1962 ), #274, .T. ) ;
#8366 = SPHERICAL_SURFACE ( 'NONE', #4358, 0.3750000000000000000 ) ;
#8367 = CIRCLE ( 'NONE', #11031, 0.1870828693386972497 ) ;
#8368 = AXIS2_PLACEMENT_3D ( 'NONE', #9650, #294, #3733 ) ;
#8369 = EDGE_LOOP ( 'NONE', ( #7704, #7316 ) ) ;
#8370 = SURFACE_STYLE_FILL_AREA ( #2389 ) ;
#8371 = DIRECTION ( 'NONE',  ( 0.000000000000000000, 0.000000000000000000, -1.000000000000000000 ) ) ;
#8372 = CLOSED_SHELL ( 'NONE', ( #1169, #9244, #8540 ) ) ;
#8373 = EDGE_LOOP ( 'NONE', ( #542, #9838, #4000 ) ) ;
#8374 = DIRECTION ( 'NONE',  ( 1.000000000000000000, 0.000000000000000000, 0.000000000000000000 ) ) ;
#8375 = CLOSED_SHELL ( 'NONE', ( #1833, #4721, #458 ) ) ;
#8376 = VERTEX_POINT ( 'NONE', #10391 ) ;
#8377 =( LENGTH_UNIT ( ) NAMED_UNIT ( * ) SI_UNIT ( .MILLI., .METRE. ) );
#8378 = VERTEX_POINT ( 'NONE', #1189 ) ;
#8379 = EDGE_CURVE ( 'NONE', #3473, #6966, #8746, .T. ) ;
#8380 = AXIS2_PLACEMENT_3D ( 'NONE', #858, #8565, #4282 ) ;
#8381 = EDGE_LOOP ( 'NONE', ( #1126, #10535, #5771 ) ) ;
#8382 = SPHERICAL_SURFACE ( 'NONE', #4214, 0.3750000000000000000 ) ;
#8383 = EDGE_LOOP ( 'NONE', ( #6384, #10601 ) ) ;
#8384 = ORIENTED_EDGE ( 'NONE', *, *, #2390, .F. ) ;
#8385 = EDGE_CURVE ( 'NONE', #2576, #371, #2698, .T. ) ;
#8386 = CARTESIAN_POINT ( 'NONE',  ( 4.257917130661303062, 0.6999999999999998446, -6.985000000000000320 ) ) ;
#8387 = DIRECTION ( 'NONE',  ( 1.224646799147353207E-16, 0.000000000000000000, -1.000000000000000000 ) ) ;
#8388 = CIRCLE ( 'NONE', #5165, 0.1870828693386972497 ) ;
#8389 = FILL_AREA_STYLE_COLOUR ( '', #1009 ) ;
#8390 = CARTESIAN_POINT ( 'NONE',  ( -0.4479171306613028425, 0.6999999999999998446, -1.904999999999999583 ) ) ;
#8391 = DIRECTION ( 'NONE',  ( -0.000000000000000000, 1.000000000000000000, -0.000000000000000000 ) ) ;
#8392 = AXIS2_PLACEMENT_3D ( 'NONE', #402, #9812, #6619 ) ;
#8393 = DIRECTION ( 'NONE',  ( 0.000000000000000000, 0.000000000000000000, -1.000000000000000000 ) ) ;
#8394 = CARTESIAN_POINT ( 'NONE',  ( -5.715000000000000746, 0.3750000000000000000, -1.904999999999999583 ) ) ;
#8395 = AXIS2_PLACEMENT_3D ( 'NONE', #6939, #9561, #1796 ) ;
#8396 = DIRECTION ( 'NONE',  ( 0.000000000000000000, 0.000000000000000000, -1.000000000000000000 ) ) ;
#8397 = EDGE_CURVE ( 'NONE', #3685, #5815, #1256, .T. ) ;
#8398 = EDGE_LOOP ( 'NONE', ( #6723, #6404, #11047 ) ) ;
#8399 = AXIS2_PLACEMENT_3D ( 'NONE', #517, #5000, #7583 ) ;
#8400 = CIRCLE ( 'NONE', #3590, 0.1870828693386972497 ) ;
#8401 = VERTEX_POINT ( 'NONE', #3608 ) ;
#8402 = ADVANCED_FACE ( 'NONE', ( #8619 ), #2714, .T. ) ;
#8403 = DIRECTION ( 'NONE',  ( 0.000000000000000000, 0.000000000000000000, -1.000000000000000000 ) ) ;
#8404 = EDGE_CURVE ( 'NONE', #5685, #4608, #5175, .T. ) ;
#8405 = CARTESIAN_POINT ( 'NONE',  ( -3.175000000000000711, 0.6999999999999998446, 3.175000000000000711 ) ) ;
#8406 = FILL_AREA_STYLE_COLOUR ( '', #5690 ) ;
#8407 = DIRECTION ( 'NONE',  ( -0.000000000000000000, 1.000000000000000000, -0.000000000000000000 ) ) ;
#8408 = AXIS2_PLACEMENT_3D ( 'NONE', #5132, #3639, #999 ) ;
#8409 = CIRCLE ( 'NONE', #1795, 0.1870828693386972497 ) ;
#8410 = LINE ( 'NONE', #13, #9428 ) ;
#8411 = AXIS2_PLACEMENT_3D ( 'NONE', #7617, #906, #6778 ) ;
#8412 = DIRECTION ( 'NONE',  ( 1.000000000000000000, 0.000000000000000000, 0.000000000000000000 ) ) ;
#8413 = AXIS2_PLACEMENT_3D ( 'NONE', #6817, #9344, #1718 ) ;
#8414 = ORIENTED_EDGE ( 'NONE', *, *, #1909, .T. ) ;
#8415 = DIRECTION ( 'NONE',  ( 0.000000000000000000, 0.000000000000000000, -1.000000000000000000 ) ) ;
#8416 = AXIS2_PLACEMENT_3D ( 'NONE', #368, #7310, #7969 ) ;
#8417 = DIRECTION ( 'NONE',  ( 1.000000000000000000, 0.000000000000000000, 0.000000000000000000 ) ) ;
#8418 = ADVANCED_FACE ( 'NONE', ( #6147 ), #4495, .T. ) ;
#8419 = ORIENTED_EDGE ( 'NONE', *, *, #7094, .F. ) ;
#8420 = DIRECTION ( 'NONE',  ( 1.000000000000000000, 0.000000000000000000, 0.000000000000000000 ) ) ;
#8421 = AXIS2_PLACEMENT_3D ( 'NONE', #1568, #8446, #7668 ) ;
#8422 = DIRECTION ( 'NONE',  ( 1.000000000000000000, 0.000000000000000000, 0.000000000000000000 ) ) ;
#8423 = DIRECTION ( 'NONE',  ( 0.000000000000000000, -1.000000000000000000, 0.000000000000000000 ) ) ;
#8424 = CARTESIAN_POINT ( 'NONE',  ( 1.904999999999999583, 0.6999999999999998446, 5.715000000000001634 ) ) ;
#8425 = CARTESIAN_POINT ( 'NONE',  ( 5.715000000000000746, 0.3750000000000000000, -4.444999999999999396 ) ) ;
#8426 = AXIS2_PLACEMENT_3D ( 'NONE', #3103, #9094, #7398 ) ;
#8427 = FILL_AREA_STYLE_COLOUR ( '', #8326 ) ;
#8428 = VERTEX_POINT ( 'NONE', #1079 ) ;
#8429 = CARTESIAN_POINT ( 'NONE',  ( -1.905000000000000471, 0.3750000000000000000, -6.985000000000000320 ) ) ;
#8430 = EDGE_LOOP ( 'NONE', ( #3786, #6484, #997 ) ) ;
#8431 = SURFACE_STYLE_USAGE ( .BOTH. , #8633 ) ;
#8432 = UNCERTAINTY_MEASURE_WITH_UNIT (LENGTH_MEASURE( 1.000000000000000082E-05 ), #9969, 'distance_accuracy_value', 'NONE');
#8433 = ORIENTED_EDGE ( 'NONE', *, *, #8123, .F. ) ;
#8434 = AXIS2_PLACEMENT_3D ( 'NONE', #11049, #8387, #3430 ) ;
#8435 = CARTESIAN_POINT ( 'NONE',  ( -5.715000000000000746, 0.000000000000000000, -3.174999999999999822 ) ) ;
#8436 = AXIS2_PLACEMENT_3D ( 'NONE', #4577, #5344, #2042 ) ;
#8437 = FILL_AREA_STYLE_COLOUR ( '', #10243 ) ;
#8438 = VERTEX_POINT ( 'NONE', #7055 ) ;
#8439 = EDGE_LOOP ( 'NONE', ( #2043, #699, #9016 ) ) ;
#8440 = CIRCLE ( 'NONE', #392, 0.3750000000000003331 ) ;
#8441 = DIRECTION ( 'NONE',  ( 0.000000000000000000, 0.000000000000000000, -1.000000000000000000 ) ) ;
#8442 = EDGE_LOOP ( 'NONE', ( #5632, #3329 ) ) ;
#8443 = DIRECTION ( 'NONE',  ( 1.000000000000000000, 0.000000000000000000, 0.000000000000000000 ) ) ;
#8444 = UNCERTAINTY_MEASURE_WITH_UNIT (LENGTH_MEASURE( 1.000000000000000082E-05 ), #9336, 'distance_accuracy_value', 'NONE');
#8445 = EDGE_LOOP ( 'NONE', ( #8015, #3279, #6864 ) ) ;
#8446 = DIRECTION ( 'NONE',  ( 1.224646799147353207E-16, 0.000000000000000000, -1.000000000000000000 ) ) ;
#8447 = AXIS2_PLACEMENT_3D ( 'NONE', #6753, #2387, #7479 ) ;
#8448 = DIRECTION ( 'NONE',  ( 0.000000000000000000, 0.000000000000000000, -1.000000000000000000 ) ) ;
#8449 = AXIS2_PLACEMENT_3D ( 'NONE', #5230, #991, #10294 ) ;
#8450 = FACE_OUTER_BOUND ( 'NONE', #8850, .T. ) ;
#8451 = CARTESIAN_POINT ( 'NONE',  ( 3.174999999999999822, 0.3750000000000000000, -6.985000000000000320 ) ) ;
#8452 = DIRECTION ( 'NONE',  ( 0.000000000000000000, 0.000000000000000000, 1.000000000000000000 ) ) ;
#8453 = EDGE_CURVE ( 'NONE', #598, #5662, #8905, .T. ) ;
#8454 = AXIS2_PLACEMENT_3D ( 'NONE', #2999, #3343, #10745 ) ;
#8455 = DIRECTION ( 'NONE',  ( 0.000000000000000000, 0.000000000000000000, -1.000000000000000000 ) ) ;
#8456 = VERTEX_POINT ( 'NONE', #393 ) ;
#8457 = EDGE_LOOP ( 'NONE', ( #7414, #10659 ) ) ;
#8458 = DIRECTION ( 'NONE',  ( 1.000000000000000000, 0.000000000000000000, 0.000000000000000000 ) ) ;
#8459 =( NAMED_UNIT ( * ) PLANE_ANGLE_UNIT ( ) SI_UNIT ( $, .RADIAN. ) );
#8460 = VERTEX_POINT ( 'NONE', #10730 ) ;
#8461 = CARTESIAN_POINT ( 'NONE',  ( 1.904999999999999583, 0.6999999999999999556, 6.985000000000001208 ) ) ;
#8462 = DIRECTION ( 'NONE',  ( 0.000000000000000000, 0.000000000000000000, 1.000000000000000000 ) ) ;
#8463 = PRESENTATION_STYLE_ASSIGNMENT (( #3449 ) ) ;
#8464 = CARTESIAN_POINT ( 'NONE',  ( 0.4479171306613019543, 0.6999999999999998446, 1.905000000000000471 ) ) ;
#8465 = CARTESIAN_POINT ( 'NONE',  ( -5.715000000000000746, 0.6999999999999999556, 6.985000000000001208 ) ) ;
#8466 = ADVANCED_FACE ( 'NONE', ( #4806 ), #3825, .F. ) ;
#8467 = SURFACE_STYLE_USAGE ( .BOTH. , #3393 ) ;
#8468 = DIRECTION ( 'NONE',  ( 1.224646799147353207E-16, 0.000000000000000000, -1.000000000000000000 ) ) ;
#8469 =( LENGTH_UNIT ( ) NAMED_UNIT ( * ) SI_UNIT ( .MILLI., .METRE. ) );
#8470 = ORIENTED_EDGE ( 'NONE', *, *, #5109, .T. ) ;
#8471 = DIRECTION ( 'NONE',  ( 0.000000000000000000, 0.000000000000000000, 1.000000000000000000 ) ) ;
#8472 = DIRECTION ( 'NONE',  ( -0.000000000000000000, 1.000000000000000000, -0.000000000000000000 ) ) ;
#8473 = DIRECTION ( 'NONE',  ( 0.000000000000000000, 0.000000000000000000, -1.000000000000000000 ) ) ;
#8474 = FACE_OUTER_BOUND ( 'NONE', #6300, .T. ) ;
#8475 = CIRCLE ( 'NONE', #3490, 0.3749999999999998890 ) ;
#8476 = EDGE_CURVE ( 'NONE', #1906, #4122, #5004, .T. ) ;
#8477 = ADVANCED_FACE ( 'NONE', ( #7222 ), #6489, .T. ) ;
#8478 = DIRECTION ( 'NONE',  ( 1.224646799147353207E-16, 0.000000000000000000, -1.000000000000000000 ) ) ;
#8479 = ADVANCED_FACE ( 'NONE', ( #2926 ), #5587, .T. ) ;
#8480 = AXIS2_PLACEMENT_3D ( 'NONE', #9381, #5993, #4291 ) ;
#8481 = ORIENTED_EDGE ( 'NONE', *, *, #7372, .F. ) ;
#8482 = SPHERICAL_SURFACE ( 'NONE', #7618, 0.3750000000000000000 ) ;
#8483 = EDGE_CURVE ( 'NONE', #6644, #2510, #3151, .T. ) ;
#8484 = EDGE_LOOP ( 'NONE', ( #7606, #3802, #1678 ) ) ;
#8485 = FACE_OUTER_BOUND ( 'NONE', #3912, .T. ) ;
#8486 = STYLED_ITEM ( 'NONE', ( #378 ), #6483 ) ;
#8487 = DIRECTION ( 'NONE',  ( -0.000000000000000000, 1.000000000000000000, -0.000000000000000000 ) ) ;
#8488 = AXIS2_PLACEMENT_3D ( 'NONE', #10767, #10658, #4797 ) ;
#8489 = PRESENTATION_LAYER_ASSIGNMENT (  '', '', ( #2235 ) ) ;
#8490 = SPHERICAL_SURFACE ( 'NONE', #4017, 0.3750000000000000000 ) ;
#8491 = EDGE_CURVE ( 'NONE', #459, #2219, #3238, .T. ) ;
#8492 = EDGE_LOOP ( 'NONE', ( #9181, #7877, #583 ) ) ;
#8493 = EDGE_CURVE ( 'NONE', #8561, #1884, #10525, .T. ) ;
#8494 = SURFACE_SIDE_STYLE ('',( #5130 ) ) ;
#8495 = VERTEX_POINT ( 'NONE', #9678 ) ;
#8496 = DIRECTION ( 'NONE',  ( 0.000000000000000000, 0.000000000000000000, -1.000000000000000000 ) ) ;
#8497 = VERTEX_POINT ( 'NONE', #3982 ) ;
#8498 = FILL_AREA_STYLE ('',( #10089 ) ) ;
#8499 = CIRCLE ( 'NONE', #7611, 0.1870828693386972497 ) ;
#8500 = VERTEX_POINT ( 'NONE', #10775 ) ;
#8501 = CARTESIAN_POINT ( 'NONE',  ( 3.174999999999999822, 0.3750000000000000000, -0.6349999999999992317 ) ) ;
#8502 = SURFACE_SIDE_STYLE ('',( #4267 ) ) ;
#8503 = CARTESIAN_POINT ( 'NONE',  ( -0.6350000000000001199, 0.000000000000000000, 6.985000000000001208 ) ) ;
#8504 = PLANE ( 'NONE',  #5999 ) ;
#8505 = DIRECTION ( 'NONE',  ( 0.000000000000000000, 0.000000000000000000, 1.000000000000000000 ) ) ;
#8506 = AXIS2_PLACEMENT_3D ( 'NONE', #11027, #10861, #4302 ) ;
#8507 = DIRECTION ( 'NONE',  ( 0.000000000000000000, 0.000000000000000000, -1.000000000000000000 ) ) ;
#8508 = CIRCLE ( 'NONE', #1188, 0.1870828693386972497 ) ;
#8509 = FACE_OUTER_BOUND ( 'NONE', #3183, .T. ) ;
#8510 = ORIENTED_EDGE ( 'NONE', *, *, #4443, .T. ) ;
#8511 = DIRECTION ( 'NONE',  ( -0.000000000000000000, 1.000000000000000000, -0.000000000000000000 ) ) ;
#8512 = EDGE_LOOP ( 'NONE', ( #8031, #1317 ) ) ;
#8513 = AXIS2_PLACEMENT_3D ( 'NONE', #5471, #3919, #3038 ) ;
#8514 = DIRECTION ( 'NONE',  ( 1.224646799147353207E-16, 0.000000000000000000, -1.000000000000000000 ) ) ;
#8515 = DIRECTION ( 'NONE',  ( 0.000000000000000000, 1.000000000000000000, 0.000000000000000000 ) ) ;
#8516 = CIRCLE ( 'NONE', #9900, 0.1870828693386972497 ) ;
#8517 = DIRECTION ( 'NONE',  ( 0.000000000000000000, 0.000000000000000000, 1.000000000000000000 ) ) ;
#8518 = DIRECTION ( 'NONE',  ( 1.000000000000000000, 0.000000000000000000, 0.000000000000000000 ) ) ;
#8519 = AXIS2_PLACEMENT_3D ( 'NONE', #10941, #1734, #10095 ) ;
#8520 = SPHERICAL_SURFACE ( 'NONE', #7100, 0.3750000000000000000 ) ;
#8521 = CARTESIAN_POINT ( 'NONE',  ( 7.499999999999994671, 1.070000000000000284, -7.499999999999998224 ) ) ;
#8522 = ORIENTED_EDGE ( 'NONE', *, *, #10791, .F. ) ;
#8523 = CARTESIAN_POINT ( 'NONE',  ( -2.987917130661303489, 0.6999999999999998446, 1.905000000000000471 ) ) ;
#8524 = DIRECTION ( 'NONE',  ( 0.000000000000000000, 0.000000000000000000, 1.000000000000000000 ) ) ;
#8525 = SURFACE_STYLE_USAGE ( .BOTH. , #9332 ) ;
#8526 = EDGE_CURVE ( 'NONE', #9877, #10744, #6612, .T. ) ;
#8527 =( GEOMETRIC_REPRESENTATION_CONTEXT ( 3 ) GLOBAL_UNCERTAINTY_ASSIGNED_CONTEXT ( ( #4848 ) ) GLOBAL_UNIT_ASSIGNED_CONTEXT ( ( #6917, #5122, #2613 ) ) REPRESENTATION_CONTEXT ( 'NONE', 'WORKASPACE' ) );
#8528 = ADVANCED_FACE ( 'NONE', ( #2069 ), #4752, .T. ) ;
#8529 = ADVANCED_FACE ( 'NONE', ( #5475 ), #8878, .T. ) ;
#8530 = CARTESIAN_POINT ( 'NONE',  ( 1.904999999999999583, 0.3750000000000000000, 0.6350000000000001199 ) ) ;
#8531 =( NAMED_UNIT ( * ) PLANE_ANGLE_UNIT ( ) SI_UNIT ( $, .RADIAN. ) );
#8532 = AXIS2_PLACEMENT_3D ( 'NONE', #9356, #5141, #2408 ) ;
#8533 = DIRECTION ( 'NONE',  ( 0.000000000000000000, 0.000000000000000000, 1.000000000000000000 ) ) ;
#8534 = ORIENTED_EDGE ( 'NONE', *, *, #8813, .T. ) ;
#8535 = CARTESIAN_POINT ( 'NONE',  ( -1.905000000000000471, 0.3750000000000000000, 3.175000000000000711 ) ) ;
#8536 = CIRCLE ( 'NONE', #8865, 0.3750000000000003331 ) ;
#8537 = DIRECTION ( 'NONE',  ( 1.000000000000000000, 0.000000000000000000, 0.000000000000000000 ) ) ;
#8538 = CIRCLE ( 'NONE', #1928, 0.1870828693386972497 ) ;
#8539 = EDGE_LOOP ( 'NONE', ( #8212, #1273 ) ) ;
#8540 = ADVANCED_FACE ( 'NONE', ( #5530 ), #1471, .T. ) ;
#8541 = PRESENTATION_LAYER_ASSIGNMENT (  '', '', ( #7473 ) ) ;
#8542 = DIRECTION ( 'NONE',  ( 0.000000000000000000, -0.000000000000000000, -1.000000000000000000 ) ) ;
#8543 = AXIS2_PLACEMENT_3D ( 'NONE', #1694, #3495, #6673 ) ;
#8544 = VERTEX_POINT ( 'NONE', #1242 ) ;
#8545 =( LENGTH_UNIT ( ) NAMED_UNIT ( * ) SI_UNIT ( .MILLI., .METRE. ) );
#8546 = VERTEX_POINT ( 'NONE', #4649 ) ;
#8547 = SPHERICAL_SURFACE ( 'NONE', #6070, 0.3750000000000000000 ) ;
#8548 = VERTEX_POINT ( 'NONE', #7276 ) ;
#8549 = UNCERTAINTY_MEASURE_WITH_UNIT (LENGTH_MEASURE( 1.000000000000000082E-05 ), #2859, 'distance_accuracy_value', 'NONE');
#8550 = VERTEX_POINT ( 'NONE', #6432 ) ;
#8551 = EDGE_CURVE ( 'NONE', #7143, #8495, #3936, .T. ) ;
#8552 = CARTESIAN_POINT ( 'NONE',  ( 5.715000000000000746, 0.6999999999999998446, -1.904999999999999583 ) ) ;
#8553 = DIRECTION ( 'NONE',  ( 1.000000000000000000, 0.000000000000000000, 0.000000000000000000 ) ) ;
#8554 = AXIS2_PLACEMENT_3D ( 'NONE', #4388, #5311, #1186 ) ;
#8555 = CARTESIAN_POINT ( 'NONE',  ( -6.000000000000005329, 5.070000000000000284, -5.399999999999998579 ) ) ;
#8556 = CLOSED_SHELL ( 'NONE', ( #117, #3215, #733 ) ) ;
#8557 = DIRECTION ( 'NONE',  ( 1.000000000000000000, 0.000000000000000000, 0.000000000000000000 ) ) ;
#8558 = CARTESIAN_POINT ( 'NONE',  ( 2.987917130661302600, 0.6999999999999998446, 6.985000000000001208 ) ) ;
#8559 = VERTEX_POINT ( 'NONE', #3211 ) ;
#8560 = CIRCLE ( 'NONE', #900, 0.1870828693386972497 ) ;
#8561 = VERTEX_POINT ( 'NONE', #4090 ) ;
#8562 = CARTESIAN_POINT ( 'NONE',  ( 0.6349999999999992317, 0.3750000000000000000, -5.714999999999999858 ) ) ;
#8563 = CARTESIAN_POINT ( 'NONE',  ( -6.000000000000005329, 5.070000000000000284, -5.999999999999998224 ) ) ;
#8564 = AXIS2_PLACEMENT_3D ( 'NONE', #5166, #6744, #11021 ) ;
#8565 = DIRECTION ( 'NONE',  ( -0.000000000000000000, 1.000000000000000000, -0.000000000000000000 ) ) ;
#8566 = DIRECTION ( 'NONE',  ( -1.000000000000000000, 0.000000000000000000, 0.000000000000000000 ) ) ;
#8567 = CARTESIAN_POINT ( 'NONE',  ( 7.172082869338698430, 0.6999999999999998446, 1.905000000000000471 ) ) ;
#8568 = AXIS2_PLACEMENT_3D ( 'NONE', #3453, #5825, #9271 ) ;
#8569 = CARTESIAN_POINT ( 'NONE',  ( -1.905000000000000471, 0.3750000000000000000, 0.6350000000000001199 ) ) ;
#8570 = CIRCLE ( 'NONE', #6, 0.3750000000000003331 ) ;
#8571 = ORIENTED_EDGE ( 'NONE', *, *, #550, .F. ) ;
#8572 = DIRECTION ( 'NONE',  ( -0.000000000000000000, 1.000000000000000000, -0.000000000000000000 ) ) ;
#8573 = PRESENTATION_STYLE_ASSIGNMENT (( #4396 ) ) ;
#8574 = DIRECTION ( 'NONE',  ( -0.000000000000000000, 1.000000000000000000, -0.000000000000000000 ) ) ;
#8575 = AXIS2_PLACEMENT_3D ( 'NONE', #3539, #7885, #9414 ) ;
#8576 = CIRCLE ( 'NONE', #5710, 0.3749999999999998890 ) ;
#8577 = DIRECTION ( 'NONE',  ( 0.000000000000000000, -1.000000000000000000, 0.000000000000000000 ) ) ;
#8578 = AXIS2_PLACEMENT_3D ( 'NONE', #4871, #1302, #497 ) ;
#8579 = CARTESIAN_POINT ( 'NONE',  ( -6.985000000000000320, 0.3750000000000000000, -1.904999999999999583 ) ) ;
#8580 = AXIS2_PLACEMENT_3D ( 'NONE', #4470, #8751, #5287 ) ;
#8581 = ORIENTED_EDGE ( 'NONE', *, *, #7832, .F. ) ;
#8582 = DIRECTION ( 'NONE',  ( 0.000000000000000000, 0.000000000000000000, 1.000000000000000000 ) ) ;
#8583 = EDGE_CURVE ( 'NONE', #7990, #2941, #10701, .T. ) ;
#8584 = CIRCLE ( 'NONE', #3771, 0.5999999999999998668 ) ;
#8585 = PLANE ( 'NONE',  #8449 ) ;
#8586 = AXIS2_PLACEMENT_3D ( 'NONE', #4846, #7423, #3187 ) ;
#8587 = DIRECTION ( 'NONE',  ( 1.000000000000000000, 0.000000000000000000, 0.000000000000000000 ) ) ;
#8588 = VERTEX_POINT ( 'NONE', #5039 ) ;
#8589 = STYLED_ITEM ( 'NONE', ( #9360 ), #6381 ) ;
#8590 = FILL_AREA_STYLE_COLOUR ( '', #9519 ) ;
#8591 =( NAMED_UNIT ( * ) SI_UNIT ( $, .STERADIAN. ) SOLID_ANGLE_UNIT ( ) );
#8592 = ADVANCED_FACE ( 'NONE', ( #6837 ), #5095, .T. ) ;
#8593 = VERTEX_POINT ( 'NONE', #6717 ) ;
#8594 = ORIENTED_EDGE ( 'NONE', *, *, #4528, .F. ) ;
#8595 = DIRECTION ( 'NONE',  ( 1.224646799147353207E-16, 0.000000000000000000, -1.000000000000000000 ) ) ;
#8596 = ORIENTED_EDGE ( 'NONE', *, *, #5044, .T. ) ;
#8597 = DIRECTION ( 'NONE',  ( 1.000000000000000000, 0.000000000000000000, 0.000000000000000000 ) ) ;
#8598 = AXIS2_PLACEMENT_3D ( 'NONE', #8855, #4473, #7931 ) ;
#8599 = DIRECTION ( 'NONE',  ( 0.000000000000000000, 0.000000000000000000, 1.000000000000000000 ) ) ;
#8600 = FILL_AREA_STYLE ('',( #7881 ) ) ;
#8601 = CARTESIAN_POINT ( 'NONE',  ( 5.715000000000000746, 0.3750000000000000000, 6.985000000000001208 ) ) ;
#8602 = CARTESIAN_POINT ( 'NONE',  ( -6.985000000000000320, 0.6999999999999998446, 1.905000000000000471 ) ) ;
#8603 = PRESENTATION_STYLE_ASSIGNMENT (( #1897 ) ) ;
#8604 = CIRCLE ( 'NONE', #3651, 0.3749999999999998890 ) ;
#8605 = EDGE_CURVE ( 'NONE', #6657, #5662, #914, .T. ) ;
#8606 = DIRECTION ( 'NONE',  ( -1.000000000000000000, 0.000000000000000000, 0.000000000000000000 ) ) ;
#8607 = ADVANCED_FACE ( 'NONE', ( #726 ), #5922, .T. ) ;
#8608 = ORIENTED_EDGE ( 'NONE', *, *, #191, .F. ) ;
#8609 = VERTEX_POINT ( 'NONE', #1520 ) ;
#8610 = PLANE ( 'NONE',  #6008 ) ;
#8611 = ORIENTED_EDGE ( 'NONE', *, *, #3016, .T. ) ;
#8612 = DIRECTION ( 'NONE',  ( 1.000000000000000000, 0.000000000000000000, 0.000000000000000000 ) ) ;
#8613 = DIRECTION ( 'NONE',  ( 1.224646799147353207E-16, 0.000000000000000000, -1.000000000000000000 ) ) ;
#8614 = CIRCLE ( 'NONE', #7551, 0.1870828693386972497 ) ;
#8615 = VERTEX_POINT ( 'NONE', #3323 ) ;
#8616 = SPHERICAL_SURFACE ( 'NONE', #9073, 0.3750000000000000000 ) ;
#8617 = DIRECTION ( 'NONE',  ( 0.000000000000000000, 0.000000000000000000, 1.000000000000000000 ) ) ;
#8618 = SURFACE_STYLE_FILL_AREA ( #5213 ) ;
#8619 = FACE_OUTER_BOUND ( 'NONE', #7748, .T. ) ;
#8620 = AXIS2_PLACEMENT_3D ( 'NONE', #7595, #1550, #3352 ) ;
#8621 = SPHERICAL_SURFACE ( 'NONE', #9721, 0.3750000000000000000 ) ;
#8622 = CIRCLE ( 'NONE', #2200, 0.3750000000000003331 ) ;
#8623 = DIRECTION ( 'NONE',  ( 1.224646799147353207E-16, 0.000000000000000000, -1.000000000000000000 ) ) ;
#8624 = PLANE ( 'NONE',  #7715 ) ;
#8625 = ORIENTED_EDGE ( 'NONE', *, *, #1276, .F. ) ;
#8626 =( NAMED_UNIT ( * ) PLANE_ANGLE_UNIT ( ) SI_UNIT ( $, .RADIAN. ) );
#8627 = DIRECTION ( 'NONE',  ( 0.000000000000000000, -1.000000000000000000, 0.000000000000000000 ) ) ;
#8628 = CARTESIAN_POINT ( 'NONE',  ( -2.987917130661303489, 0.6999999999999998446, 6.985000000000001208 ) ) ;
#8629 = PRESENTATION_STYLE_ASSIGNMENT (( #8738 ) ) ;
#8630 = ORIENTED_EDGE ( 'NONE', *, *, #4082, .T. ) ;
#8631 = FACE_OUTER_BOUND ( 'NONE', #9350, .T. ) ;
#8632 = FILL_AREA_STYLE ('',( #883 ) ) ;
#8633 = SURFACE_SIDE_STYLE ('',( #5903 ) ) ;
#8634 = ORIENTED_EDGE ( 'NONE', *, *, #249, .T. ) ;
#8635 = ADVANCED_FACE ( 'NONE', ( #9984 ), #8330, .F. ) ;
#8636 = AXIS2_PLACEMENT_3D ( 'NONE', #1864, #6911, #121 ) ;
#8637 = SURFACE_STYLE_USAGE ( .BOTH. , #8689 ) ;
#8638 = EDGE_CURVE ( 'NONE', #6678, #7190, #2706, .T. ) ;
#8639 = ORIENTED_EDGE ( 'NONE', *, *, #4303, .T. ) ;
#8640 = AXIS2_PLACEMENT_3D ( 'NONE', #4563, #10526, #6281 ) ;
#8641 = ORIENTED_EDGE ( 'NONE', *, *, #9512, .T. ) ;
#8642 = FILL_AREA_STYLE ('',( #5239 ) ) ;
#8643 = PRESENTATION_LAYER_ASSIGNMENT (  '', '', ( #808 ) ) ;
#8644 = UNCERTAINTY_MEASURE_WITH_UNIT (LENGTH_MEASURE( 1.000000000000000082E-05 ), #1098, 'distance_accuracy_value', 'NONE');
#8645 = ORIENTED_EDGE ( 'NONE', *, *, #7233, .F. ) ;
#8646 = DIRECTION ( 'NONE',  ( 0.000000000000000000, -1.000000000000000000, 0.000000000000000000 ) ) ;
#8647 = DIRECTION ( 'NONE',  ( 0.000000000000000000, 0.000000000000000000, -1.000000000000000000 ) ) ;
#8649 = EDGE_CURVE ( 'NONE', #1998, #4608, #4833, .T. ) ;
#8648 = COLOUR_RGB ( '',0.7921568627450980005, 0.8196078431372548767, 0.9333333333333333481 ) ;
#8650 = SURFACE_SIDE_STYLE ('',( #5242 ) ) ;
#8651 = EDGE_CURVE ( 'NONE', #10704, #7422, #5181, .T. ) ;
#8652 = EDGE_CURVE ( 'NONE', #5225, #5176, #8914, .T. ) ;
#8653 = CARTESIAN_POINT ( 'NONE',  ( -0.8220828693386974528, 0.6999999999999998446, -6.985000000000000320 ) ) ;
#8654 =( GEOMETRIC_REPRESENTATION_CONTEXT ( 3 ) GLOBAL_UNCERTAINTY_ASSIGNED_CONTEXT ( ( #5522 ) ) GLOBAL_UNIT_ASSIGNED_CONTEXT ( ( #841, #5965, #10988 ) ) REPRESENTATION_CONTEXT ( 'NONE', 'WORKASPACE' ) );
#8655 = SPHERICAL_SURFACE ( 'NONE', #5889, 0.3750000000000000000 ) ;
#8656 = AXIS2_PLACEMENT_3D ( 'NONE', #8083, #3895, #7368 ) ;
#8657 = ORIENTED_EDGE ( 'NONE', *, *, #8312, .F. ) ;
#8658 = CARTESIAN_POINT ( 'NONE',  ( -3.175000000000000711, 0.3750000000000000000, 3.175000000000000711 ) ) ;
#8659 = UNCERTAINTY_MEASURE_WITH_UNIT (LENGTH_MEASURE( 1.000000000000000082E-05 ), #5772, 'distance_accuracy_value', 'NONE');
#8660 = ORIENTED_EDGE ( 'NONE', *, *, #9397, .F. ) ;
#8661 = FACE_OUTER_BOUND ( 'NONE', #8277, .T. ) ;
#8662 = DIRECTION ( 'NONE',  ( 1.000000000000000000, 0.000000000000000000, 0.000000000000000000 ) ) ;
#8663 = EDGE_LOOP ( 'NONE', ( #5824, #4466, #390 ) ) ;
#8664 = DIRECTION ( 'NONE',  ( 1.000000000000000000, 0.000000000000000000, 0.000000000000000000 ) ) ;
#8665 = DIRECTION ( 'NONE',  ( 0.000000000000000000, 0.000000000000000000, 1.000000000000000000 ) ) ;
#8666 = DIRECTION ( 'NONE',  ( 1.000000000000000000, 0.000000000000000000, 0.000000000000000000 ) ) ;
#8667 = ADVANCED_FACE ( 'NONE', ( #4147 ), #7499, .F. ) ;
#8668 = FACE_OUTER_BOUND ( 'NONE', #5519, .T. ) ;
#8669 = SPHERICAL_SURFACE ( 'NONE', #6227, 0.3750000000000000000 ) ;
#8670 = AXIS2_PLACEMENT_3D ( 'NONE', #6662, #8325, #9798 ) ;
#8671 = SURFACE_STYLE_FILL_AREA ( #7901 ) ;
#8672 = CIRCLE ( 'NONE', #3872, 0.3750000000000003331 ) ;
#8673 = VERTEX_POINT ( 'NONE', #2410 ) ;
#8674 = DIRECTION ( 'NONE',  ( 0.000000000000000000, -0.000000000000000000, -1.000000000000000000 ) ) ;
#8675 = DIRECTION ( 'NONE',  ( 0.000000000000000000, -1.000000000000000000, 0.000000000000000000 ) ) ;
#8676 = CARTESIAN_POINT ( 'NONE',  ( 6.985000000000000320, 0.6999999999999998446, 4.445000000000001172 ) ) ;
#8677 = ADVANCED_FACE ( 'NONE', ( #11056 ), #1574, .T. ) ;
#8678 = EDGE_CURVE ( 'NONE', #3789, #9883, #9605, .T. ) ;
#8679 = CARTESIAN_POINT ( 'NONE',  ( 0.6349999999999992317, 0.3750000000000000000, 6.985000000000001208 ) ) ;
#8680 = DIRECTION ( 'NONE',  ( 1.000000000000000000, 0.000000000000000000, 0.000000000000000000 ) ) ;
#8681 = CARTESIAN_POINT ( 'NONE',  ( -1.905000000000000471, 0.000000000000000000, 4.445000000000001172 ) ) ;
#8682 = ORIENTED_EDGE ( 'NONE', *, *, #4093, .T. ) ;
#8683 = CARTESIAN_POINT ( 'NONE',  ( 6.797917130661303098, 0.6999999999999998446, -1.904999999999999583 ) ) ;
#8684 = DIRECTION ( 'NONE',  ( 0.000000000000000000, -1.000000000000000000, 0.000000000000000000 ) ) ;
#8685 = STYLED_ITEM ( 'NONE', ( #7912 ), #10249 ) ;
#8686 = CARTESIAN_POINT ( 'NONE',  ( 6.797917130661303098, 0.6999999999999998446, 1.905000000000000471 ) ) ;
#8687 = ORIENTED_EDGE ( 'NONE', *, *, #8297, .T. ) ;
#8688 = CIRCLE ( 'NONE', #4603, 0.1870828693386972497 ) ;
#8689 = SURFACE_SIDE_STYLE ('',( #10409 ) ) ;
#8690 = EDGE_CURVE ( 'NONE', #5011, #10557, #1094, .T. ) ;
#8691 = ORIENTED_EDGE ( 'NONE', *, *, #3416, .F. ) ;
#8692 =( NAMED_UNIT ( * ) SI_UNIT ( $, .STERADIAN. ) SOLID_ANGLE_UNIT ( ) );
#8693 = DIRECTION ( 'NONE',  ( -0.000000000000000000, 1.000000000000000000, -0.000000000000000000 ) ) ;
#8694 = AXIS2_PLACEMENT_3D ( 'NONE', #4209, #847, #9141 ) ;
#8695 = EDGE_LOOP ( 'NONE', ( #1218, #7759 ) ) ;
#8696 = DIRECTION ( 'NONE',  ( 0.000000000000000000, 0.000000000000000000, 1.000000000000000000 ) ) ;
#8697 = VERTEX_POINT ( 'NONE', #4211 ) ;
#8698 = AXIS2_PLACEMENT_3D ( 'NONE', #10873, #3419, #4313 ) ;
#8699 = CARTESIAN_POINT ( 'NONE',  ( 0.6349999999999992317, 0.3750000000000000000, 1.905000000000000471 ) ) ;
#8700 =( LENGTH_UNIT ( ) NAMED_UNIT ( * ) SI_UNIT ( .MILLI., .METRE. ) );
#8701 = DIRECTION ( 'NONE',  ( 1.000000000000000000, 0.000000000000000000, 0.000000000000000000 ) ) ;
#8702 = AXIS2_PLACEMENT_3D ( 'NONE', #233, #8008, #1093 ) ;
#8703 = CARTESIAN_POINT ( 'NONE',  ( 2.092082869338697027, 0.6999999999999998446, 0.6350000000000001199 ) ) ;
#8704 = DIRECTION ( 'NONE',  ( -1.000000000000000000, 0.000000000000000000, 0.000000000000000000 ) ) ;
#8705 = MECHANICAL_DESIGN_GEOMETRIC_PRESENTATION_REPRESENTATION (  '', ( #6387 ), #7295 ) ;
#8706 = CARTESIAN_POINT ( 'NONE',  ( 1.904999999999999583, 0.000000000000000000, 6.985000000000001208 ) ) ;
#8707 = EDGE_CURVE ( 'NONE', #8438, #9418, #6622, .T. ) ;
#8708 = ORIENTED_EDGE ( 'NONE', *, *, #2445, .F. ) ;
#8709 = ORIENTED_EDGE ( 'NONE', *, *, #3491, .F. ) ;
#8710 = CARTESIAN_POINT ( 'NONE',  ( 0.6349999999999992317, 0.6999999999999999556, -4.444999999999999396 ) ) ;
#8711 = AXIS2_PLACEMENT_3D ( 'NONE', #9810, #2203, #7457 ) ;
#8712 = CIRCLE ( 'NONE', #8368, 0.1870828693386972497 ) ;
#8713 = VERTEX_POINT ( 'NONE', #5198 ) ;
#8714 = CARTESIAN_POINT ( 'NONE',  ( -1.905000000000000471, 0.3750000000000000000, 6.985000000000001208 ) ) ;
#8715 = CARTESIAN_POINT ( 'NONE',  ( -3.175000000000000711, 0.6999999999999998446, -5.714999999999999858 ) ) ;
#8716 = VERTEX_POINT ( 'NONE', #2806 ) ;
#8717 = CLOSED_SHELL ( 'NONE', ( #962, #3476, #9707 ) ) ;
#8718 = DIRECTION ( 'NONE',  ( -0.000000000000000000, 1.000000000000000000, -0.000000000000000000 ) ) ;
#8719 = FACE_OUTER_BOUND ( 'NONE', #4194, .T. ) ;
#8720 =( NAMED_UNIT ( * ) PLANE_ANGLE_UNIT ( ) SI_UNIT ( $, .RADIAN. ) );
#8721 = DIRECTION ( 'NONE',  ( 0.000000000000000000, 0.000000000000000000, -1.000000000000000000 ) ) ;
#8722 = FILL_AREA_STYLE_COLOUR ( '', #3426 ) ;
#8723 = ADVANCED_FACE ( 'NONE', ( #2757 ), #261, .F. ) ;
#8724 = CLOSED_SHELL ( 'NONE', ( #1971, #6623, #8479 ) ) ;
#8725 = DIRECTION ( 'NONE',  ( 1.000000000000000000, 0.000000000000000000, 0.000000000000000000 ) ) ;
#8726 = EDGE_CURVE ( 'NONE', #2259, #5759, #5013, .T. ) ;
#8727 = ADVANCED_FACE ( 'NONE', ( #1061 ), #3535, .T. ) ;
#8728 = CIRCLE ( 'NONE', #7314, 0.1870828693386972497 ) ;
#8729 = SURFACE_SIDE_STYLE ('',( #8671 ) ) ;
#8730 = FILL_AREA_STYLE ('',( #1088 ) ) ;
#8731 = DIRECTION ( 'NONE',  ( 0.000000000000000000, 0.000000000000000000, -1.000000000000000000 ) ) ;
#8732 =( LENGTH_UNIT ( ) NAMED_UNIT ( * ) SI_UNIT ( .MILLI., .METRE. ) );
#8733 = DIRECTION ( 'NONE',  ( 0.000000000000000000, 0.000000000000000000, -1.000000000000000000 ) ) ;
#8734 = AXIS2_PLACEMENT_3D ( 'NONE', #3500, #4937, #6856 ) ;
#8735 = DIRECTION ( 'NONE',  ( 0.000000000000000000, -1.000000000000000000, 0.000000000000000000 ) ) ;
#8736 = AXIS2_PLACEMENT_3D ( 'NONE', #6141, #5361, #7165 ) ;
#8737 = CIRCLE ( 'NONE', #10330, 0.1870828693386972497 ) ;
#8738 = SURFACE_STYLE_USAGE ( .BOTH. , #4299 ) ;
#8739 = ORIENTED_EDGE ( 'NONE', *, *, #2897, .T. ) ;
#8740 = CARTESIAN_POINT ( 'NONE',  ( 1.904999999999999583, 0.3750000000000000000, 6.985000000000001208 ) ) ;
#8741 = AXIS2_PLACEMENT_3D ( 'NONE', #10506, #5216, #4393 ) ;
#8742 = DIRECTION ( 'NONE',  ( 1.000000000000000000, 0.000000000000000000, 0.000000000000000000 ) ) ;
#8743 = AXIS2_PLACEMENT_3D ( 'NONE', #7824, #7038, #7975 ) ;
#8744 =( LENGTH_UNIT ( ) NAMED_UNIT ( * ) SI_UNIT ( .MILLI., .METRE. ) );
#8745 = FILL_AREA_STYLE_COLOUR ( '', #3435 ) ;
#8746 = CIRCLE ( 'NONE', #1442, 0.1870828693386972497 ) ;
#8747 = AXIS2_PLACEMENT_3D ( 'NONE', #10476, #1326, #10534 ) ;
#8748 = AXIS2_PLACEMENT_3D ( 'NONE', #1556, #10928, #8374 ) ;
#8749 = ORIENTED_EDGE ( 'NONE', *, *, #4514, .T. ) ;
#8750 =( NAMED_UNIT ( * ) PLANE_ANGLE_UNIT ( ) SI_UNIT ( $, .RADIAN. ) );
#8751 = DIRECTION ( 'NONE',  ( 0.000000000000000000, 0.000000000000000000, -1.000000000000000000 ) ) ;
#8752 = ORIENTED_EDGE ( 'NONE', *, *, #7502, .F. ) ;
#8753 = SURFACE_STYLE_FILL_AREA ( #8804 ) ;
#8754 = FACE_OUTER_BOUND ( 'NONE', #6701, .T. ) ;
#8755 =( GEOMETRIC_REPRESENTATION_CONTEXT ( 3 ) GLOBAL_UNCERTAINTY_ASSIGNED_CONTEXT ( ( #4320 ) ) GLOBAL_UNIT_ASSIGNED_CONTEXT ( ( #169, #1080, #10392 ) ) REPRESENTATION_CONTEXT ( 'NONE', 'WORKASPACE' ) );
#8756 = UNCERTAINTY_MEASURE_WITH_UNIT (LENGTH_MEASURE( 1.000000000000000082E-05 ), #636, 'distance_accuracy_value', 'NONE');
#8757 = ORIENTED_EDGE ( 'NONE', *, *, #4107, .T. ) ;
#8758 = DIRECTION ( 'NONE',  ( -1.000000000000000000, 0.000000000000000000, 0.000000000000000000 ) ) ;
#8759 = CIRCLE ( 'NONE', #5368, 0.3750000000000003331 ) ;
#8760 = SURFACE_STYLE_USAGE ( .BOTH. , #1118 ) ;
#8761 = PRESENTATION_LAYER_ASSIGNMENT (  '', '', ( #6264 ) ) ;
#8762 = DIRECTION ( 'NONE',  ( 1.000000000000000000, 0.000000000000000000, 0.000000000000000000 ) ) ;
#8763 = FILL_AREA_STYLE_COLOUR ( '', #1470 ) ;
#8764 = COLOUR_RGB ( '',0.7921568627450980005, 0.8196078431372548767, 0.9333333333333333481 ) ;
#8765 = CARTESIAN_POINT ( 'NONE',  ( -1.905000000000000471, 0.3750000000000000000, 1.905000000000000471 ) ) ;
#8766 = ORIENTED_EDGE ( 'NONE', *, *, #7587, .F. ) ;
#8767 = AXIS2_PLACEMENT_3D ( 'NONE', #3109, #9099, #7281 ) ;
#8768 = DIRECTION ( 'NONE',  ( 1.224646799147353207E-16, 0.000000000000000000, -1.000000000000000000 ) ) ;
#8769 = UNCERTAINTY_MEASURE_WITH_UNIT (LENGTH_MEASURE( 1.000000000000000082E-05 ), #1717, 'distance_accuracy_value', 'NONE');
#8770 = ORIENTED_EDGE ( 'NONE', *, *, #2249, .T. ) ;
#8771 = DIRECTION ( 'NONE',  ( 1.000000000000000000, 0.000000000000000000, 0.000000000000000000 ) ) ;
#8772 = DIRECTION ( 'NONE',  ( 0.000000000000000000, 0.000000000000000000, 1.000000000000000000 ) ) ;
#8773 = EDGE_LOOP ( 'NONE', ( #6639, #266, #6631 ) ) ;
#8774 = PLANE ( 'NONE',  #5119 ) ;
#8775 = CARTESIAN_POINT ( 'NONE',  ( -0.6350000000000001199, 0.3750000000000000000, 0.6350000000000001199 ) ) ;
#8776 = AXIS2_PLACEMENT_3D ( 'NONE', #5970, #10038, #10151 ) ;
#8777 = EDGE_CURVE ( 'NONE', #3960, #7553, #9988, .T. ) ;
#8778 = FILL_AREA_STYLE_COLOUR ( '', #7522 ) ;
#8779 = DIRECTION ( 'NONE',  ( 0.000000000000000000, 0.000000000000000000, 1.000000000000000000 ) ) ;
#8780 = AXIS2_PLACEMENT_3D ( 'NONE', #756, #6857, #1659 ) ;
#8781 = CARTESIAN_POINT ( 'NONE',  ( -1.905000000000000471, 0.3750000000000000000, -0.6349999999999992317 ) ) ;
#8782 = DIRECTION ( 'NONE',  ( 0.000000000000000000, 0.000000000000000000, -1.000000000000000000 ) ) ;
#8783 = AXIS2_PLACEMENT_3D ( 'NONE', #4460, #1826, #2620 ) ;
#8784 = MECHANICAL_DESIGN_GEOMETRIC_PRESENTATION_REPRESENTATION (  '', ( #10571 ), #8080 ) ;
#8785 = CARTESIAN_POINT ( 'NONE',  ( -5.715000000000000746, 0.3750000000000000000, 0.6350000000000001199 ) ) ;
#8786 = ADVANCED_FACE ( 'NONE', ( #5298 ), #6937, .F. ) ;
#8787 = AXIS2_PLACEMENT_3D ( 'NONE', #3930, #2202, #502 ) ;
#8788 = SURFACE_STYLE_USAGE ( .BOTH. , #456 ) ;
#8789 = DIRECTION ( 'NONE',  ( 0.000000000000000000, -0.000000000000000000, -1.000000000000000000 ) ) ;
#8790 = VERTEX_POINT ( 'NONE', #6028 ) ;
#8791 = ORIENTED_EDGE ( 'NONE', *, *, #3073, .F. ) ;
#8792 = FACE_OUTER_BOUND ( 'NONE', #6126, .T. ) ;
#8793 = COLOUR_RGB ( '',0.7921568627450980005, 0.8196078431372548767, 0.9333333333333333481 ) ;
#8794 = CARTESIAN_POINT ( 'NONE',  ( 7.172082869338698430, 0.6999999999999998446, 4.445000000000001172 ) ) ;
#8795 = FILL_AREA_STYLE_COLOUR ( '', #8793 ) ;
#8796 = DIRECTION ( 'NONE',  ( 1.000000000000000000, 0.000000000000000000, 0.000000000000000000 ) ) ;
#8797 = EDGE_CURVE ( 'NONE', #8588, #6449, #5534, .T. ) ;
#8798 = DIRECTION ( 'NONE',  ( 1.000000000000000000, 0.000000000000000000, 0.000000000000000000 ) ) ;
#8799 = SURFACE_STYLE_USAGE ( .BOTH. , #10635 ) ;
#8800 = EDGE_CURVE ( 'NONE', #1715, #3233, #4324, .T. ) ;
#8801 = VERTEX_POINT ( 'NONE', #8653 ) ;
#8802 = PLANE ( 'NONE',  #5540 ) ;
#8803 = EDGE_LOOP ( 'NONE', ( #2121, #7487, #2704 ) ) ;
#8804 = FILL_AREA_STYLE ('',( #10479 ) ) ;
#8805 =( LENGTH_UNIT ( ) NAMED_UNIT ( * ) SI_UNIT ( .MILLI., .METRE. ) );
#8806 = VERTEX_POINT ( 'NONE', #8703 ) ;
#8807 = DIRECTION ( 'NONE',  ( 0.000000000000000000, 0.000000000000000000, -1.000000000000000000 ) ) ;
#8808 = DIRECTION ( 'NONE',  ( 0.000000000000000000, 0.000000000000000000, -1.000000000000000000 ) ) ;
#8809 = CARTESIAN_POINT ( 'NONE',  ( 6.985000000000000320, 0.6999999999999998446, 5.715000000000001634 ) ) ;
#8810 = FACE_OUTER_BOUND ( 'NONE', #7732, .T. ) ;
#8811 = ADVANCED_FACE ( 'NONE', ( #7727 ), #4427, .F. ) ;
#8812 = FACE_OUTER_BOUND ( 'NONE', #6292, .T. ) ;
#8813 = EDGE_CURVE ( 'NONE', #5079, #5103, #7706, .T. ) ;
#8814 = CIRCLE ( 'NONE', #8640, 0.1870828693386972497 ) ;
#8815 = CIRCLE ( 'NONE', #2777, 0.1870828693386972497 ) ;
#8816 = DIRECTION ( 'NONE',  ( 0.000000000000000000, 0.000000000000000000, 1.000000000000000000 ) ) ;
#8817 = DIRECTION ( 'NONE',  ( 0.000000000000000000, -1.000000000000000000, 0.000000000000000000 ) ) ;
#8818 = ORIENTED_EDGE ( 'NONE', *, *, #1151, .T. ) ;
#8819 = SPHERICAL_SURFACE ( 'NONE', #5883, 0.3750000000000000000 ) ;
#8820 = CARTESIAN_POINT ( 'NONE',  ( -2.987917130661303489, 0.6999999999999998446, -5.714999999999999858 ) ) ;
#8821 = EDGE_LOOP ( 'NONE', ( #6020, #4055, #7938 ) ) ;
#8822 =( NAMED_UNIT ( * ) SI_UNIT ( $, .STERADIAN. ) SOLID_ANGLE_UNIT ( ) );
#8823 = DIRECTION ( 'NONE',  ( -0.000000000000000000, 1.000000000000000000, -0.000000000000000000 ) ) ;
#8824 = CARTESIAN_POINT ( 'NONE',  ( 3.174999999999999822, 0.3750000000000000000, -0.6349999999999992317 ) ) ;
#8825 = SPHERICAL_SURFACE ( 'NONE', #5527, 0.3750000000000000000 ) ;
#8826 = AXIS2_PLACEMENT_3D ( 'NONE', #3031, #8973, #8149 ) ;
#8827 = MECHANICAL_DESIGN_GEOMETRIC_PRESENTATION_REPRESENTATION (  '', ( #5802 ), #10247 ) ;
#8828 = DIRECTION ( 'NONE',  ( 0.000000000000000000, 0.000000000000000000, 1.000000000000000000 ) ) ;
#8829 = AXIS2_PLACEMENT_3D ( 'NONE', #10577, #8122, #6278 ) ;
#8830 = CARTESIAN_POINT ( 'NONE',  ( 5.902082869338697968, 0.6999999999999998446, -6.985000000000000320 ) ) ;
#8831 = CIRCLE ( 'NONE', #4233, 0.3750000000000003331 ) ;
#8832 = CARTESIAN_POINT ( 'NONE',  ( -6.985000000000000320, 0.000000000000000000, 3.175000000000000711 ) ) ;
#8833 = DIRECTION ( 'NONE',  ( -0.000000000000000000, 1.000000000000000000, -0.000000000000000000 ) ) ;
#8834 = CIRCLE ( 'NONE', #1362, 0.3750000000000003331 ) ;
#8835 = CIRCLE ( 'NONE', #4043, 0.3750000000000000000 ) ;
#8836 = EDGE_LOOP ( 'NONE', ( #6006, #385 ) ) ;
#8837 = VERTEX_POINT ( 'NONE', #7093 ) ;
#8838 =( LENGTH_UNIT ( ) NAMED_UNIT ( * ) SI_UNIT ( .MILLI., .METRE. ) );
#8839 = PRESENTATION_LAYER_ASSIGNMENT (  '', '', ( #2626 ) ) ;
#8840 = ORIENTED_EDGE ( 'NONE', *, *, #11036, .T. ) ;
#8841 = ADVANCED_FACE ( 'NONE', ( #1119 ), #4529, .F. ) ;
#8842 = ADVANCED_FACE ( 'NONE', ( #6244 ), #2002, .F. ) ;
#8843 =( GEOMETRIC_REPRESENTATION_CONTEXT ( 3 ) GLOBAL_UNCERTAINTY_ASSIGNED_CONTEXT ( ( #4965 ) ) GLOBAL_UNIT_ASSIGNED_CONTEXT ( ( #6485, #9855, #5639 ) ) REPRESENTATION_CONTEXT ( 'NONE', 'WORKASPACE' ) );
#8844 = CARTESIAN_POINT ( 'NONE',  ( -1.905000000000000471, 0.000000000000000000, 1.905000000000000471 ) ) ;
#8845 = CIRCLE ( 'NONE', #5651, 0.3749999999999998890 ) ;
#8846 = FILL_AREA_STYLE_COLOUR ( '', #9164 ) ;
#8847 = ORIENTED_EDGE ( 'NONE', *, *, #5164, .F. ) ;
#8848 =( NAMED_UNIT ( * ) PLANE_ANGLE_UNIT ( ) SI_UNIT ( $, .RADIAN. ) );
#8849 = EDGE_CURVE ( 'NONE', #6277, #4198, #6977, .T. ) ;
#8850 = EDGE_LOOP ( 'NONE', ( #9734, #889, #5560 ) ) ;
#8851 = PLANE ( 'NONE',  #3941 ) ;
#8852 = AXIS2_PLACEMENT_3D ( 'NONE', #1519, #8391, #10098 ) ;
#8853 = ADVANCED_FACE ( 'NONE', ( #8812 ), #4481, .T. ) ;
#8854 = DIRECTION ( 'NONE',  ( -0.000000000000000000, 1.000000000000000000, -0.000000000000000000 ) ) ;
#8855 = CARTESIAN_POINT ( 'NONE',  ( 5.715000000000000746, 0.3750000000000000000, -4.444999999999999396 ) ) ;
#8856 = ORIENTED_EDGE ( 'NONE', *, *, #6537, .T. ) ;
#8857 = CARTESIAN_POINT ( 'NONE',  ( -0.6350000000000001199, 0.6999999999999998446, -6.985000000000000320 ) ) ;
#8858 = SURFACE_STYLE_USAGE ( .BOTH. , #6352 ) ;
#8859 = COLOUR_RGB ( '',0.7921568627450980005, 0.8196078431372548767, 0.9333333333333333481 ) ;
#8860 = CARTESIAN_POINT ( 'NONE',  ( -0.6350000000000001199, 0.6999999999999998446, -6.985000000000000320 ) ) ;
#8861 = CARTESIAN_POINT ( 'NONE',  ( -0.6350000000000001199, 0.3750000000000000000, 5.715000000000001634 ) ) ;
#8862 = AXIS2_PLACEMENT_3D ( 'NONE', #8876, #10607, #9858 ) ;
#8863 = CARTESIAN_POINT ( 'NONE',  ( -4.445000000000001172, 0.3750000000000000000, -1.904999999999999583 ) ) ;
#8864 = DIRECTION ( 'NONE',  ( 1.000000000000000000, 0.000000000000000000, 0.000000000000000000 ) ) ;
#8865 = AXIS2_PLACEMENT_3D ( 'NONE', #9785, #2112, #9845 ) ;
#8866 = ADVANCED_FACE ( 'NONE', ( #6992 ), #8969, .T. ) ;
#8867 = ORIENTED_EDGE ( 'NONE', *, *, #3553, .T. ) ;
#8868 = SURFACE_STYLE_USAGE ( .BOTH. , #4637 ) ;
#8869 = UNCERTAINTY_MEASURE_WITH_UNIT (LENGTH_MEASURE( 1.000000000000000082E-05 ), #7283, 'distance_accuracy_value', 'NONE');
#8870 = ORIENTED_EDGE ( 'NONE', *, *, #4815, .F. ) ;
#8871 = CARTESIAN_POINT ( 'NONE',  ( 5.715000000000000746, 0.3750000000000000000, 6.985000000000001208 ) ) ;
#8872 = CARTESIAN_POINT ( 'NONE',  ( 6.985000000000000320, 0.3750000000000000000, -3.174999999999999822 ) ) ;
#8873 = ORIENTED_EDGE ( 'NONE', *, *, #3088, .T. ) ;
#8874 = SURFACE_SIDE_STYLE ('',( #8055 ) ) ;
#8875 = AXIS2_PLACEMENT_3D ( 'NONE', #7529, #478, #9839 ) ;
#8876 = CARTESIAN_POINT ( 'NONE',  ( -6.000000000000005329, 5.120000000000000107, -5.999999999999998224 ) ) ;
#8877 = DIRECTION ( 'NONE',  ( 1.224646799147353207E-16, 0.000000000000000000, -1.000000000000000000 ) ) ;
#8878 = SPHERICAL_SURFACE ( 'NONE', #4480, 0.3750000000000000000 ) ;
#8879 =( GEOMETRIC_REPRESENTATION_CONTEXT ( 3 ) GLOBAL_UNCERTAINTY_ASSIGNED_CONTEXT ( ( #8965 ) ) GLOBAL_UNIT_ASSIGNED_CONTEXT ( ( #7966, #5285, #8692 ) ) REPRESENTATION_CONTEXT ( 'NONE', 'WORKASPACE' ) );
#8880 = SURFACE_SIDE_STYLE ('',( #4872 ) ) ;
#8881 = CIRCLE ( 'NONE', #10486, 0.1870828693386972497 ) ;
#8883 = FACE_OUTER_BOUND ( 'NONE', #3799, .T. ) ;
#8882 = AXIS2_PLACEMENT_3D ( 'NONE', #6782, #8174, #10166 ) ;
#8884 = SURFACE_SIDE_STYLE ('',( #10673 ) ) ;
#8885 = CARTESIAN_POINT ( 'NONE',  ( 1.904999999999999583, 0.3750000000000000000, 4.445000000000001172 ) ) ;
#8886 = SPHERICAL_SURFACE ( 'NONE', #9087, 0.3750000000000000000 ) ;
#8887 = DIRECTION ( 'NONE',  ( 1.000000000000000000, 0.000000000000000000, 0.000000000000000000 ) ) ;
#8888 = CLOSED_SHELL ( 'NONE', ( #3301, #7181, #6405 ) ) ;
#8889 = CARTESIAN_POINT ( 'NONE',  ( -1.905000000000000471, 0.3750000000000000000, -4.444999999999999396 ) ) ;
#8890 = ORIENTED_EDGE ( 'NONE', *, *, #9268, .F. ) ;
#8891 = ORIENTED_EDGE ( 'NONE', *, *, #3632, .F. ) ;
#8892 = FILL_AREA_STYLE ('',( #5435 ) ) ;
#8893 = ORIENTED_EDGE ( 'NONE', *, *, #7146, .F. ) ;
#8894 = CARTESIAN_POINT ( 'NONE',  ( 6.985000000000000320, 0.3750000000000000000, 6.985000000000001208 ) ) ;
#8895 = AXIS2_PLACEMENT_3D ( 'NONE', #9207, #8468, #5111 ) ;
#8896 = ADVANCED_FACE ( 'NONE', ( #1895 ), #4691, .T. ) ;
#8897 = AXIS2_PLACEMENT_3D ( 'NONE', #6380, #1312, #7352 ) ;
#8898 = DIRECTION ( 'NONE',  ( -1.000000000000000000, 0.000000000000000000, 0.000000000000000000 ) ) ;
#8899 = EDGE_CURVE ( 'NONE', #8697, #9658, #9781, .T. ) ;
#8900 = EDGE_CURVE ( 'NONE', #5084, #7422, #5359, .T. ) ;
#8901 = DIRECTION ( 'NONE',  ( 1.000000000000000000, 0.000000000000000000, 0.000000000000000000 ) ) ;
#8902 = AXIS2_PLACEMENT_3D ( 'NONE', #2474, #609, #7675 ) ;
#8903 =( GEOMETRIC_REPRESENTATION_CONTEXT ( 3 ) GLOBAL_UNCERTAINTY_ASSIGNED_CONTEXT ( ( #6656 ) ) GLOBAL_UNIT_ASSIGNED_CONTEXT ( ( #687, #69, #3504 ) ) REPRESENTATION_CONTEXT ( 'NONE', 'WORKASPACE' ) );
#8904 = VERTEX_POINT ( 'NONE', #1393 ) ;
#8905 = CIRCLE ( 'NONE', #4312, 0.1870828693386972497 ) ;
#8906 = DIRECTION ( 'NONE',  ( -1.000000000000000000, 0.000000000000000000, 0.000000000000000000 ) ) ;
#8907 = PRESENTATION_STYLE_ASSIGNMENT (( #4731 ) ) ;
#8908 =( NAMED_UNIT ( * ) SI_UNIT ( $, .STERADIAN. ) SOLID_ANGLE_UNIT ( ) );
#8909 = EDGE_LOOP ( 'NONE', ( #3252, #6197, #10145 ) ) ;
#8910 = FACE_OUTER_BOUND ( 'NONE', #6236, .T. ) ;
#8911 = AXIS2_PLACEMENT_3D ( 'NONE', #1882, #8693, #6075 ) ;
#8912 = PRESENTATION_LAYER_ASSIGNMENT (  '', '', ( #2701 ) ) ;
#8913 = DIRECTION ( 'NONE',  ( -0.000000000000000000, 1.000000000000000000, -0.000000000000000000 ) ) ;
#8914 = CIRCLE ( 'NONE', #7515, 0.3750000000000000000 ) ;
#8915 = CARTESIAN_POINT ( 'NONE',  ( 3.174999999999999822, 0.3750000000000000000, -5.714999999999999858 ) ) ;
#8916 = EDGE_CURVE ( 'NONE', #89, #8609, #9096, .T. ) ;
#8917 = DIRECTION ( 'NONE',  ( 0.000000000000000000, 0.000000000000000000, 1.000000000000000000 ) ) ;
#8918 = EDGE_CURVE ( 'NONE', #3584, #9822, #6436, .T. ) ;
#8919 = AXIS2_PLACEMENT_3D ( 'NONE', #4014, #2334, #9124 ) ;
#8920 = SURFACE_STYLE_FILL_AREA ( #4019 ) ;
#8921 = CARTESIAN_POINT ( 'NONE',  ( -0.6350000000000001199, 0.3750000000000000000, -0.6349999999999992317 ) ) ;
#8922 = CIRCLE ( 'NONE', #183, 0.1870828693386972497 ) ;
#8923 = MECHANICAL_DESIGN_GEOMETRIC_PRESENTATION_REPRESENTATION (  '', ( #1982 ), #1269 ) ;
#8924 = DIRECTION ( 'NONE',  ( 0.000000000000000000, 0.000000000000000000, -1.000000000000000000 ) ) ;
#8925 = ORIENTED_EDGE ( 'NONE', *, *, #8058, .F. ) ;
#8926 = FACE_OUTER_BOUND ( 'NONE', #3421, .T. ) ;
#8927 = AXIS2_PLACEMENT_3D ( 'NONE', #107, #739, #6095 ) ;
#8928 = VERTEX_POINT ( 'NONE', #2966 ) ;
#8929 = SPHERICAL_SURFACE ( 'NONE', #1072, 0.3750000000000000000 ) ;
#8930 = CARTESIAN_POINT ( 'NONE',  ( 7.499999999999994671, 0.7000000000000000666, -7.499999999999998224 ) ) ;
#8931 = AXIS2_PLACEMENT_3D ( 'NONE', #2492, #5886, #1537 ) ;
#8932 = ORIENTED_EDGE ( 'NONE', *, *, #8252, .T. ) ;
#8933 = FILL_AREA_STYLE_COLOUR ( '', #278 ) ;
#8934 = DIRECTION ( 'NONE',  ( 0.000000000000000000, 0.000000000000000000, 1.000000000000000000 ) ) ;
#8935 = FACE_OUTER_BOUND ( 'NONE', #4620, .T. ) ;
#8936 = CIRCLE ( 'NONE', #5375, 0.1870828693386972497 ) ;
#8937 = EDGE_CURVE ( 'NONE', #6764, #5789, #10530, .T. ) ;
#8938 = EDGE_CURVE ( 'NONE', #8790, #5364, #8040, .T. ) ;
#8939 = EDGE_CURVE ( 'NONE', #5011, #10975, #3948, .T. ) ;
#8940 = DIRECTION ( 'NONE',  ( 0.000000000000000000, -1.000000000000000000, 0.000000000000000000 ) ) ;
#8941 = DIRECTION ( 'NONE',  ( -1.000000000000000000, 0.000000000000000000, -0.000000000000000000 ) ) ;
#8942 = AXIS2_PLACEMENT_3D ( 'NONE', #6096, #4593, #328 ) ;
#8943 = CARTESIAN_POINT ( 'NONE',  ( -5.527917130661303524, 0.6999999999999998446, -6.985000000000000320 ) ) ;
#8944 = EDGE_CURVE ( 'NONE', #8428, #5909, #10712, .T. ) ;
#8945 = FILL_AREA_STYLE ('',( #1980 ) ) ;
#8946 = AXIS2_PLACEMENT_3D ( 'NONE', #3121, #6510, #8128 ) ;
#8947 = ORIENTED_EDGE ( 'NONE', *, *, #6010, .T. ) ;
#8948 = ORIENTED_EDGE ( 'NONE', *, *, #10965, .T. ) ;
#8949 = PLANE ( 'NONE',  #2797 ) ;
#8950 = CARTESIAN_POINT ( 'NONE',  ( 5.715000000000000746, 0.6999999999999998446, 5.715000000000001634 ) ) ;
#8951 = SURFACE_STYLE_FILL_AREA ( #7413 ) ;
#8952 = FILL_AREA_STYLE ('',( #7129 ) ) ;
#8953 = LINE ( 'NONE', #2376, #5224 ) ;
#8954 = AXIS2_PLACEMENT_3D ( 'NONE', #5219, #7014, #10396 ) ;
#8955 = DIRECTION ( 'NONE',  ( 0.000000000000000000, 0.000000000000000000, 1.000000000000000000 ) ) ;
#8956 = CARTESIAN_POINT ( 'NONE',  ( 0.6349999999999992317, 0.000000000000000000, -1.904999999999999583 ) ) ;
#8957 = STYLED_ITEM ( 'NONE', ( #9703 ), #2640 ) ;
#8958 = ORIENTED_EDGE ( 'NONE', *, *, #8899, .F. ) ;
#8959 = CARTESIAN_POINT ( 'NONE',  ( 3.174999999999999822, 0.3750000000000000000, -3.174999999999999822 ) ) ;
#8960 = CIRCLE ( 'NONE', #10931, 0.3750000000000003331 ) ;
#8961 = ORIENTED_EDGE ( 'NONE', *, *, #1725, .F. ) ;
#8962 = DIRECTION ( 'NONE',  ( 1.000000000000000000, 0.000000000000000000, 0.000000000000000000 ) ) ;
#8963 = ORIENTED_EDGE ( 'NONE', *, *, #376, .T. ) ;
#8964 = SURFACE_STYLE_USAGE ( .BOTH. , #9898 ) ;
#8965 = UNCERTAINTY_MEASURE_WITH_UNIT (LENGTH_MEASURE( 1.000000000000000082E-05 ), #7966, 'distance_accuracy_value', 'NONE');
#8966 = EDGE_LOOP ( 'NONE', ( #9499, #8510 ) ) ;
#8967 = SPHERICAL_SURFACE ( 'NONE', #1044, 0.3750000000000000000 ) ;
#8968 = CARTESIAN_POINT ( 'NONE',  ( 5.715000000000000746, 0.3750000000000000000, 3.175000000000000711 ) ) ;
#8969 = SPHERICAL_SURFACE ( 'NONE', #5724, 0.3750000000000000000 ) ;
#8970 = FILL_AREA_STYLE_COLOUR ( '', #7816 ) ;
#8971 = FACE_OUTER_BOUND ( 'NONE', #8173, .T. ) ;
#8972 = VERTEX_POINT ( 'NONE', #7980 ) ;
#8973 = DIRECTION ( 'NONE',  ( -0.000000000000000000, 1.000000000000000000, -0.000000000000000000 ) ) ;
#8974 = UNCERTAINTY_MEASURE_WITH_UNIT (LENGTH_MEASURE( 1.000000000000000082E-05 ), #4066, 'distance_accuracy_value', 'NONE');
#8975 = VERTEX_POINT ( 'NONE', #480 ) ;
#8976 = ADVANCED_FACE ( 'NONE', ( #7381 ), #2281, .T. ) ;
#8977 = DIRECTION ( 'NONE',  ( 1.000000000000000000, 0.000000000000000000, 0.000000000000000000 ) ) ;
#8978 = ADVANCED_FACE ( 'NONE', ( #3753 ), #10597, .T. ) ;
#8979 = ADVANCED_FACE ( 'NONE', ( #7259 ), #5570, .F. ) ;
#8980 = FACE_OUTER_BOUND ( 'NONE', #7308, .T. ) ;
#8981 = VERTEX_POINT ( 'NONE', #7211 ) ;
#8982 =( NAMED_UNIT ( * ) PLANE_ANGLE_UNIT ( ) SI_UNIT ( $, .RADIAN. ) );
#8983 = SPHERICAL_SURFACE ( 'NONE', #5288, 0.3750000000000000000 ) ;
#8984 = CARTESIAN_POINT ( 'NONE',  ( -7.500000000000005329, 0.7000000000000000666, 7.500000000000001776 ) ) ;
#8985 = SURFACE_STYLE_USAGE ( .BOTH. , #8880 ) ;
#8986 =( GEOMETRIC_REPRESENTATION_CONTEXT ( 3 ) GLOBAL_UNCERTAINTY_ASSIGNED_CONTEXT ( ( #7785 ) ) GLOBAL_UNIT_ASSIGNED_CONTEXT ( ( #2932, #9687, #1194 ) ) REPRESENTATION_CONTEXT ( 'NONE', 'WORKASPACE' ) );
#8987 = AXIS2_PLACEMENT_3D ( 'NONE', #468, #4891, #2382 ) ;
#8988 =( NAMED_UNIT ( * ) PLANE_ANGLE_UNIT ( ) SI_UNIT ( $, .RADIAN. ) );
#8989 = EDGE_CURVE ( 'NONE', #5019, #6359, #6073, .T. ) ;
#8990 = FILL_AREA_STYLE_COLOUR ( '', #6506 ) ;
#8991 = DIRECTION ( 'NONE',  ( 0.000000000000000000, 0.000000000000000000, -1.000000000000000000 ) ) ;
#8992 = CARTESIAN_POINT ( 'NONE',  ( -6.985000000000000320, 0.3750000000000000000, 5.715000000000001634 ) ) ;
#8993 = CARTESIAN_POINT ( 'NONE',  ( 6.985000000000000320, 0.3750000000000000000, 1.905000000000000471 ) ) ;
#8994 = SPHERICAL_SURFACE ( 'NONE', #6603, 0.3750000000000000000 ) ;
#8995 = CIRCLE ( 'NONE', #1524, 0.3750000000000003331 ) ;
#8996 =( NAMED_UNIT ( * ) SI_UNIT ( $, .STERADIAN. ) SOLID_ANGLE_UNIT ( ) );
#8997 = ORIENTED_EDGE ( 'NONE', *, *, #8312, .T. ) ;
#8998 = VERTEX_POINT ( 'NONE', #3857 ) ;
#8999 =( NAMED_UNIT ( * ) PLANE_ANGLE_UNIT ( ) SI_UNIT ( $, .RADIAN. ) );
#9000 =( GEOMETRIC_REPRESENTATION_CONTEXT ( 3 ) GLOBAL_UNCERTAINTY_ASSIGNED_CONTEXT ( ( #7330 ) ) GLOBAL_UNIT_ASSIGNED_CONTEXT ( ( #6465, #9716, #3078 ) ) REPRESENTATION_CONTEXT ( 'NONE', 'WORKASPACE' ) );
#9001 = SPHERICAL_SURFACE ( 'NONE', #6395, 0.3750000000000000000 ) ;
#9002 = CARTESIAN_POINT ( 'NONE',  ( -4.445000000000001172, 0.3750000000000000000, -4.444999999999999396 ) ) ;
#9003 = ADVANCED_FACE ( 'NONE', ( #10649 ), #4737, .T. ) ;
#9004 = VERTEX_POINT ( 'NONE', #10713 ) ;
#9005 = CARTESIAN_POINT ( 'NONE',  ( 3.174999999999999822, 0.6999999999999999556, -5.714999999999999858 ) ) ;
#9006 = DIRECTION ( 'NONE',  ( 0.000000000000000000, 0.000000000000000000, 1.000000000000000000 ) ) ;
#9007 = MECHANICAL_DESIGN_GEOMETRIC_PRESENTATION_REPRESENTATION (  '', ( #9171 ), #10076 ) ;
#9008 = PRESENTATION_LAYER_ASSIGNMENT (  '', '', ( #9882 ) ) ;
#9009 = ORIENTED_EDGE ( 'NONE', *, *, #2937, .F. ) ;
#9010 = DIRECTION ( 'NONE',  ( 0.000000000000000000, -0.000000000000000000, -1.000000000000000000 ) ) ;
#9011 = ORIENTED_EDGE ( 'NONE', *, *, #8938, .F. ) ;
#9012 = CARTESIAN_POINT ( 'NONE',  ( -0.6350000000000001199, 0.6999999999999999556, 6.985000000000001208 ) ) ;
#9013 = VERTEX_POINT ( 'NONE', #7431 ) ;
#9014 = VERTEX_POINT ( 'NONE', #2340 ) ;
#9015 = CARTESIAN_POINT ( 'NONE',  ( 5.527917130661303524, 0.6999999999999998446, -5.714999999999999858 ) ) ;
#9016 = ORIENTED_EDGE ( 'NONE', *, *, #8453, .F. ) ;
#9017 = STYLED_ITEM ( 'NONE', ( #507 ), #6833 ) ;
#9018 = PLANE ( 'NONE',  #4606 ) ;
#9019 = CARTESIAN_POINT ( 'NONE',  ( -1.905000000000000471, 0.3750000000000000000, -3.174999999999999822 ) ) ;
#9020 = DIRECTION ( 'NONE',  ( 1.000000000000000000, 0.000000000000000000, 0.000000000000000000 ) ) ;
#9021 = PRESENTATION_LAYER_ASSIGNMENT (  '', '', ( #3708 ) ) ;
#9022 = SURFACE_SIDE_STYLE ('',( #1396 ) ) ;
#9023 = AXIS2_PLACEMENT_3D ( 'NONE', #1349, #4751, #6487 ) ;
#9024 = SURFACE_STYLE_USAGE ( .BOTH. , #2113 ) ;
#9025 = DIRECTION ( 'NONE',  ( 0.000000000000000000, 0.000000000000000000, 1.000000000000000000 ) ) ;
#9026 = ORIENTED_EDGE ( 'NONE', *, *, #3751, .T. ) ;
#9027 = FACE_OUTER_BOUND ( 'NONE', #2591, .T. ) ;
#9028 = VERTEX_POINT ( 'NONE', #8260 ) ;
#9029 = MECHANICAL_DESIGN_GEOMETRIC_PRESENTATION_REPRESENTATION (  '', ( #4253 ), #4061 ) ;
#9030 = SPHERICAL_SURFACE ( 'NONE', #10355, 0.3750000000000000000 ) ;
#9031 = FACE_OUTER_BOUND ( 'NONE', #1616, .T. ) ;
#9032 = ORIENTED_EDGE ( 'NONE', *, *, #10142, .F. ) ;
#9033 = PRESENTATION_STYLE_ASSIGNMENT (( #7273 ) ) ;
#9034 = CARTESIAN_POINT ( 'NONE',  ( 3.174999999999999822, 0.6999999999999998446, 6.985000000000001208 ) ) ;
#9035 = CARTESIAN_POINT ( 'NONE',  ( 6.985000000000000320, 0.3750000000000000000, 4.445000000000001172 ) ) ;
#9036 = AXIS2_PLACEMENT_3D ( 'NONE', #3980, #9091, #3920 ) ;
#9037 = CARTESIAN_POINT ( 'NONE',  ( -3.175000000000000711, 0.6999999999999998446, -5.714999999999999858 ) ) ;
#9038 = EDGE_CURVE ( 'NONE', #367, #9443, #2339, .T. ) ;
#9039 = CARTESIAN_POINT ( 'NONE',  ( 4.257917130661303062, 0.6999999999999998446, 3.175000000000000711 ) ) ;
#9040 = AXIS2_PLACEMENT_3D ( 'NONE', #5163, #8577, #932 ) ;
#9041 = ORIENTED_EDGE ( 'NONE', *, *, #7789, .F. ) ;
#9042 =( NAMED_UNIT ( * ) SI_UNIT ( $, .STERADIAN. ) SOLID_ANGLE_UNIT ( ) );
#9043 = CARTESIAN_POINT ( 'NONE',  ( -6.985000000000000320, 0.3750000000000000000, 5.715000000000001634 ) ) ;
#9044 = DIRECTION ( 'NONE',  ( 0.000000000000000000, 0.000000000000000000, -1.000000000000000000 ) ) ;
#9045 = CIRCLE ( 'NONE', #3731, 0.5999999999999998668 ) ;
#9046 = DIRECTION ( 'NONE',  ( 1.224646799147353207E-16, 0.000000000000000000, -1.000000000000000000 ) ) ;
#9047 = DIRECTION ( 'NONE',  ( 0.000000000000000000, 0.000000000000000000, 1.000000000000000000 ) ) ;
#9048 = AXIS2_PLACEMENT_3D ( 'NONE', #688, #5510, #7257 ) ;
#9049 = EDGE_CURVE ( 'NONE', #1100, #10657, #8584, .T. ) ;
#9050 = SURFACE_SIDE_STYLE ('',( #7462 ) ) ;
#9051 = ADVANCED_FACE ( 'NONE', ( #6585 ), #5931, .T. ) ;
#9052 = CLOSED_SHELL ( 'NONE', ( #1686, #6211, #2071 ) ) ;
#9053 = ORIENTED_EDGE ( 'NONE', *, *, #3553, .F. ) ;
#9054 = EDGE_LOOP ( 'NONE', ( #6872, #10387, #947 ) ) ;
#9055 = CARTESIAN_POINT ( 'NONE',  ( 6.985000000000000320, 0.6999999999999998446, -1.904999999999999583 ) ) ;
#9056 = DIRECTION ( 'NONE',  ( 0.000000000000000000, 0.000000000000000000, -1.000000000000000000 ) ) ;
#9057 = DIRECTION ( 'NONE',  ( -0.000000000000000000, 1.000000000000000000, -0.000000000000000000 ) ) ;
#9058 = ORIENTED_EDGE ( 'NONE', *, *, #1280, .F. ) ;
#9059 =( NAMED_UNIT ( * ) SI_UNIT ( $, .STERADIAN. ) SOLID_ANGLE_UNIT ( ) );
#9060 = DIRECTION ( 'NONE',  ( 0.000000000000000000, 0.000000000000000000, -1.000000000000000000 ) ) ;
#9061 = CIRCLE ( 'NONE', #7671, 0.1870828693386972497 ) ;
#9062 = DIRECTION ( 'NONE',  ( 0.000000000000000000, -0.000000000000000000, -1.000000000000000000 ) ) ;
#9063 = CLOSED_SHELL ( 'NONE', ( #454, #2734, #1860 ) ) ;
#9064 = CARTESIAN_POINT ( 'NONE',  ( -3.362082869338697932, 0.6999999999999998446, 5.715000000000001634 ) ) ;
#9065 =( LENGTH_UNIT ( ) NAMED_UNIT ( * ) SI_UNIT ( .MILLI., .METRE. ) );
#9066 = EDGE_CURVE ( 'NONE', #198, #4471, #8228, .T. ) ;
#9067 = ORIENTED_EDGE ( 'NONE', *, *, #2589, .T. ) ;
#9068 = CLOSED_SHELL ( 'NONE', ( #2193, #643, #2619 ) ) ;
#9069 =( NAMED_UNIT ( * ) SI_UNIT ( $, .STERADIAN. ) SOLID_ANGLE_UNIT ( ) );
#9070 = ORIENTED_EDGE ( 'NONE', *, *, #1015, .F. ) ;
#9071 = VERTEX_POINT ( 'NONE', #10327 ) ;
#9072 =( NAMED_UNIT ( * ) SI_UNIT ( $, .STERADIAN. ) SOLID_ANGLE_UNIT ( ) );
#9073 = AXIS2_PLACEMENT_3D ( 'NONE', #919, #3387, #971 ) ;
#9074 = ORIENTED_EDGE ( 'NONE', *, *, #581, .T. ) ;
#9075 = DIRECTION ( 'NONE',  ( 0.000000000000000000, 0.000000000000000000, -1.000000000000000000 ) ) ;
#9076 = AXIS2_PLACEMENT_3D ( 'NONE', #2877, #10336, #1969 ) ;
#9077 = DIRECTION ( 'NONE',  ( 0.000000000000000000, 0.000000000000000000, -1.000000000000000000 ) ) ;
#9078 = CIRCLE ( 'NONE', #4309, 0.1870828693386972497 ) ;
#9079 = ORIENTED_EDGE ( 'NONE', *, *, #7035, .F. ) ;
#9080 = DIRECTION ( 'NONE',  ( 0.000000000000000000, -1.000000000000000000, 0.000000000000000000 ) ) ;
#9081 = ORIENTED_EDGE ( 'NONE', *, *, #10299, .T. ) ;
#9082 = AXIS2_PLACEMENT_3D ( 'NONE', #9312, #9145, #6780 ) ;
#9083 = UNCERTAINTY_MEASURE_WITH_UNIT (LENGTH_MEASURE( 1.000000000000000082E-05 ), #4308, 'distance_accuracy_value', 'NONE');
#9084 = EDGE_LOOP ( 'NONE', ( #3357, #6505 ) ) ;
#9085 = ORIENTED_EDGE ( 'NONE', *, *, #7078, .T. ) ;
#9086 = DIRECTION ( 'NONE',  ( 0.000000000000000000, 0.000000000000000000, 1.000000000000000000 ) ) ;
#9087 = AXIS2_PLACEMENT_3D ( 'NONE', #1917, #7116, #2988 ) ;
#9088 = CARTESIAN_POINT ( 'NONE',  ( 6.985000000000000320, 0.3750000000000000000, 1.905000000000000471 ) ) ;
#9089 = ORIENTED_EDGE ( 'NONE', *, *, #7489, .T. ) ;
#9090 = CIRCLE ( 'NONE', #707, 0.3750000000000003331 ) ;
#9091 = DIRECTION ( 'NONE',  ( -0.000000000000000000, 1.000000000000000000, -0.000000000000000000 ) ) ;
#9092 = DIRECTION ( 'NONE',  ( 0.000000000000000000, 0.000000000000000000, 1.000000000000000000 ) ) ;
#9093 = DIRECTION ( 'NONE',  ( 0.000000000000000000, 0.000000000000000000, -1.000000000000000000 ) ) ;
#9094 = DIRECTION ( 'NONE',  ( -0.000000000000000000, 1.000000000000000000, -0.000000000000000000 ) ) ;
#9095 = AXIS2_PLACEMENT_3D ( 'NONE', #7488, #6654, #10032 ) ;
#9096 = CIRCLE ( 'NONE', #1978, 0.1870828693386972497 ) ;
#9097 = DIRECTION ( 'NONE',  ( 0.000000000000000000, -0.000000000000000000, -1.000000000000000000 ) ) ;
#9098 = PRESENTATION_LAYER_ASSIGNMENT (  '', '', ( #5042 ) ) ;
#9099 = DIRECTION ( 'NONE',  ( 0.000000000000000000, -1.000000000000000000, 0.000000000000000000 ) ) ;
#9100 = ORIENTED_EDGE ( 'NONE', *, *, #5323, .F. ) ;
#9101 = COLOUR_RGB ( '',0.7921568627450980005, 0.8196078431372548767, 0.9333333333333333481 ) ;
#9102 = ADVANCED_FACE ( 'NONE', ( #6844 ), #2596, .T. ) ;
#9103 = DIRECTION ( 'NONE',  ( 1.224646799147353207E-16, 0.000000000000000000, -1.000000000000000000 ) ) ;
#9104 = DIRECTION ( 'NONE',  ( 0.000000000000000000, -1.000000000000000000, 0.000000000000000000 ) ) ;
#9105 = COLOUR_RGB ( '',0.7921568627450980005, 0.8196078431372548767, 0.9333333333333333481 ) ;
#9106 = EDGE_CURVE ( 'NONE', #5489, #3789, #10185, .T. ) ;
#9107 = ORIENTED_EDGE ( 'NONE', *, *, #2239, .F. ) ;
#9108 = VERTEX_POINT ( 'NONE', #1745 ) ;
#9109 = ORIENTED_EDGE ( 'NONE', *, *, #6055, .F. ) ;
#9110 = CIRCLE ( 'NONE', #7183, 0.3750000000000003331 ) ;
#9111 = DIRECTION ( 'NONE',  ( 0.000000000000000000, 0.000000000000000000, 1.000000000000000000 ) ) ;
#9112 = DIRECTION ( 'NONE',  ( 1.224646799147353207E-16, 0.000000000000000000, -1.000000000000000000 ) ) ;
#9113 = ADVANCED_FACE ( 'NONE', ( #6786 ), #4338, .F. ) ;
#9114 = CARTESIAN_POINT ( 'NONE',  ( 1.717917130661302361, 0.6999999999999998446, -0.6349999999999992317 ) ) ;
#9115 = DIRECTION ( 'NONE',  ( -0.000000000000000000, 1.000000000000000000, -0.000000000000000000 ) ) ;
#9116 = CIRCLE ( 'NONE', #229, 0.1870828693386972497 ) ;
#9117 = DIRECTION ( 'NONE',  ( 0.000000000000000000, 0.000000000000000000, -1.000000000000000000 ) ) ;
#9118 = FILL_AREA_STYLE ('',( #10015 ) ) ;
#9119 = VERTEX_POINT ( 'NONE', #6037 ) ;
#9120 = CARTESIAN_POINT ( 'NONE',  ( 3.174999999999999822, 0.6999999999999998446, 4.445000000000001172 ) ) ;
#9121 = CARTESIAN_POINT ( 'NONE',  ( 4.445000000000000284, 0.6999999999999999556, -6.985000000000000320 ) ) ;
#9122 = EDGE_LOOP ( 'NONE', ( #9316, #256 ) ) ;
#9123 = DIRECTION ( 'NONE',  ( 1.000000000000000000, 0.000000000000000000, 0.000000000000000000 ) ) ;
#9124 = DIRECTION ( 'NONE',  ( 1.000000000000000000, 0.000000000000000000, 0.000000000000000000 ) ) ;
#9125 = AXIS2_PLACEMENT_3D ( 'NONE', #189, #2788, #4462 ) ;
#9126 = ORIENTED_EDGE ( 'NONE', *, *, #10613, .F. ) ;
#9127 = DIRECTION ( 'NONE',  ( 0.000000000000000000, -1.000000000000000000, 0.000000000000000000 ) ) ;
#9128 = AXIS2_PLACEMENT_3D ( 'NONE', #2274, #8304, #2447 ) ;
#9129 = AXIS2_PLACEMENT_3D ( 'NONE', #10048, #10950, #9260 ) ;
#9130 = ORIENTED_EDGE ( 'NONE', *, *, #5262, .F. ) ;
#9131 = CARTESIAN_POINT ( 'NONE',  ( 3.174999999999999822, 0.3750000000000000000, 4.445000000000001172 ) ) ;
#9132 = ORIENTED_EDGE ( 'NONE', *, *, #9910, .F. ) ;
#9133 = DIRECTION ( 'NONE',  ( -0.000000000000000000, 1.000000000000000000, -0.000000000000000000 ) ) ;
#9134 = ORIENTED_EDGE ( 'NONE', *, *, #3829, .T. ) ;
#9135 = ORIENTED_EDGE ( 'NONE', *, *, #753, .F. ) ;
#9136 = CARTESIAN_POINT ( 'NONE',  ( -1.905000000000000471, 0.3750000000000000000, 0.6350000000000001199 ) ) ;
#9137 = ADVANCED_FACE ( 'NONE', ( #917 ), #5209, .T. ) ;
#9138 = DIRECTION ( 'NONE',  ( -1.000000000000000000, 0.000000000000000000, 0.000000000000000000 ) ) ;
#9139 = ORIENTED_EDGE ( 'NONE', *, *, #9106, .F. ) ;
#9140 = ADVANCED_FACE ( 'NONE', ( #3385 ), #1801, .T. ) ;
#9141 = DIRECTION ( 'NONE',  ( 0.000000000000000000, 0.000000000000000000, 1.000000000000000000 ) ) ;
#9142 = DIRECTION ( 'NONE',  ( 0.000000000000000000, 0.000000000000000000, -1.000000000000000000 ) ) ;
#9143 = CARTESIAN_POINT ( 'NONE',  ( -6.000000000000005329, 5.070000000000000284, -5.999999999999998224 ) ) ;
#9144 = FACE_OUTER_BOUND ( 'NONE', #7476, .T. ) ;
#9145 = DIRECTION ( 'NONE',  ( 0.000000000000000000, 0.000000000000000000, 1.000000000000000000 ) ) ;
#9146 = SURFACE_SIDE_STYLE ('',( #4220 ) ) ;
#9147 = DIRECTION ( 'NONE',  ( 0.000000000000000000, -0.000000000000000000, -1.000000000000000000 ) ) ;
#9148 = FACE_OUTER_BOUND ( 'NONE', #7580, .T. ) ;
#9149 = AXIS2_PLACEMENT_3D ( 'NONE', #5481, #9807, #8114 ) ;
#9150 = LINE ( 'NONE', #1531, #5352 ) ;
#9151 = EDGE_CURVE ( 'NONE', #4433, #2458, #2534, .T. ) ;
#9152 = AXIS2_PLACEMENT_3D ( 'NONE', #1790, #4515, #5196 ) ;
#9153 = ORIENTED_EDGE ( 'NONE', *, *, #8797, .T. ) ;
#9154 = ORIENTED_EDGE ( 'NONE', *, *, #5812, .T. ) ;
#9155 = PRESENTATION_LAYER_ASSIGNMENT (  '', '', ( #5790 ) ) ;
#9156 = SPHERICAL_SURFACE ( 'NONE', #8931, 0.3750000000000000000 ) ;
#9157 = VERTEX_POINT ( 'NONE', #56 ) ;
#9158 = CARTESIAN_POINT ( 'NONE',  ( -4.445000000000001172, 0.000000000000000000, -6.985000000000000320 ) ) ;
#9159 = ADVANCED_FACE ( 'NONE', ( #7788 ), #5150, .T. ) ;
#9160 =( LENGTH_UNIT ( ) NAMED_UNIT ( * ) SI_UNIT ( .MILLI., .METRE. ) );
#9161 = CARTESIAN_POINT ( 'NONE',  ( -5.715000000000000746, 0.000000000000000000, 5.715000000000001634 ) ) ;
#9162 = CIRCLE ( 'NONE', #259, 0.3749999999999998890 ) ;
#9163 = ORIENTED_EDGE ( 'NONE', *, *, #8726, .F. ) ;
#9165 = ADVANCED_FACE ( 'NONE', ( #1583 ), #7572, .F. ) ;
#9164 = COLOUR_RGB ( '',0.7921568627450980005, 0.8196078431372548767, 0.9333333333333333481 ) ;
#9166 = CARTESIAN_POINT ( 'NONE',  ( 1.904999999999999583, 0.000000000000000000, -6.985000000000000320 ) ) ;
#9167 = EDGE_LOOP ( 'NONE', ( #5289, #1425, #9053 ) ) ;
#9168 = FILL_AREA_STYLE ('',( #2959 ) ) ;
#9169 = UNCERTAINTY_MEASURE_WITH_UNIT (LENGTH_MEASURE( 1.000000000000000082E-05 ), #5716, 'distance_accuracy_value', 'NONE');
#9170 = EDGE_LOOP ( 'NONE', ( #10662, #4887, #1772 ) ) ;
#9171 = STYLED_ITEM ( 'NONE', ( #1204 ), #7905 ) ;
#9172 =( GEOMETRIC_REPRESENTATION_CONTEXT ( 3 ) GLOBAL_UNCERTAINTY_ASSIGNED_CONTEXT ( ( #2635 ) ) GLOBAL_UNIT_ASSIGNED_CONTEXT ( ( #2728, #987, #6918 ) ) REPRESENTATION_CONTEXT ( 'NONE', 'WORKASPACE' ) );
#9173 = ORIENTED_EDGE ( 'NONE', *, *, #6012, .F. ) ;
#9174 = FILL_AREA_STYLE_COLOUR ( '', #6030 ) ;
#9175 = EDGE_CURVE ( 'NONE', #9404, #9895, #363, .T. ) ;
#9176 = AXIS2_PLACEMENT_3D ( 'NONE', #2352, #10829, #5750 ) ;
#9177 = ORIENTED_EDGE ( 'NONE', *, *, #3145, .T. ) ;
#9178 = ADVANCED_FACE ( 'NONE', ( #1692 ), #11004, .T. ) ;
#9179 = CARTESIAN_POINT ( 'NONE',  ( 4.632082869338697506, 0.6999999999999998446, 4.445000000000001172 ) ) ;
#9180 = STYLED_ITEM ( 'NONE', ( #470 ), #6902 ) ;
#9181 = ORIENTED_EDGE ( 'NONE', *, *, #1042, .F. ) ;
#9182 = CARTESIAN_POINT ( 'NONE',  ( -1.905000000000000471, 0.3750000000000000000, -5.714999999999999858 ) ) ;
#9183 = UNCERTAINTY_MEASURE_WITH_UNIT (LENGTH_MEASURE( 1.000000000000000082E-05 ), #8214, 'distance_accuracy_value', 'NONE');
#9184 = ORIENTED_EDGE ( 'NONE', *, *, #7859, .F. ) ;
#9185 = ORIENTED_EDGE ( 'NONE', *, *, #4183, .T. ) ;
#9186 = DIRECTION ( 'NONE',  ( 1.000000000000000000, 0.000000000000000000, 0.000000000000000000 ) ) ;
#9187 = DIRECTION ( 'NONE',  ( 0.000000000000000000, -1.000000000000000000, 0.000000000000000000 ) ) ;
#9188 = SPHERICAL_SURFACE ( 'NONE', #2978, 0.3750000000000000000 ) ;
#9189 = DIRECTION ( 'NONE',  ( 1.224646799147353207E-16, 0.000000000000000000, -1.000000000000000000 ) ) ;
#9190 = DIRECTION ( 'NONE',  ( -1.000000000000000000, 0.000000000000000000, 0.000000000000000000 ) ) ;
#9191 = CARTESIAN_POINT ( 'NONE',  ( 6.985000000000000320, 0.3750000000000000000, -5.714999999999999858 ) ) ;
#9192 = AXIS2_PLACEMENT_3D ( 'NONE', #7739, #1961, #8665 ) ;
#9193 = ADVANCED_FACE ( 'NONE', ( #4222 ), #3446, .T. ) ;
#9194 = SPHERICAL_SURFACE ( 'NONE', #1964, 0.3750000000000000000 ) ;
#9195 = STYLED_ITEM ( 'NONE', ( #6109 ), #10286 ) ;
#9196 = EDGE_LOOP ( 'NONE', ( #3142, #7663 ) ) ;
#9197 =( LENGTH_UNIT ( ) NAMED_UNIT ( * ) SI_UNIT ( .MILLI., .METRE. ) );
#9198 = EDGE_LOOP ( 'NONE', ( #3742, #3746, #9868 ) ) ;
#9199 = DIRECTION ( 'NONE',  ( 0.000000000000000000, -0.000000000000000000, -1.000000000000000000 ) ) ;
#9200 = DIRECTION ( 'NONE',  ( 0.000000000000000000, 0.000000000000000000, 1.000000000000000000 ) ) ;
#9201 = DIRECTION ( 'NONE',  ( -0.000000000000000000, 1.000000000000000000, -0.000000000000000000 ) ) ;
#9202 = DIRECTION ( 'NONE',  ( 0.000000000000000000, 0.000000000000000000, 1.000000000000000000 ) ) ;
#9203 = DIRECTION ( 'NONE',  ( 1.000000000000000000, 0.000000000000000000, 0.000000000000000000 ) ) ;
#9204 =( NAMED_UNIT ( * ) PLANE_ANGLE_UNIT ( ) SI_UNIT ( $, .RADIAN. ) );
#9205 = DIRECTION ( 'NONE',  ( -0.000000000000000000, 1.000000000000000000, -0.000000000000000000 ) ) ;
#9206 = MECHANICAL_DESIGN_GEOMETRIC_PRESENTATION_REPRESENTATION (  '', ( #1573 ), #5532 ) ;
#9207 = CARTESIAN_POINT ( 'NONE',  ( -6.985000000000000320, 0.3750000000000000000, -6.985000000000000320 ) ) ;
#9208 = ORIENTED_EDGE ( 'NONE', *, *, #2380, .T. ) ;
#9209 = SURFACE_STYLE_FILL_AREA ( #2265 ) ;
#9210 = DIRECTION ( 'NONE',  ( 0.000000000000000000, 0.000000000000000000, 1.000000000000000000 ) ) ;
#9211 = SPHERICAL_SURFACE ( 'NONE', #3935, 0.3750000000000000000 ) ;
#9212 = SPHERICAL_SURFACE ( 'NONE', #10295, 0.3750000000000000000 ) ;
#9213 = CIRCLE ( 'NONE', #7107, 0.1870828693386972497 ) ;
#9214 = CARTESIAN_POINT ( 'NONE',  ( 6.985000000000000320, 0.6999999999999998446, 1.905000000000000471 ) ) ;
#9215 = AXIS2_PLACEMENT_3D ( 'NONE', #8959, #7248, #5675 ) ;
#9216 = LINE ( 'NONE', #2670, #9915 ) ;
#9217 = DIRECTION ( 'NONE',  ( 1.224646799147353207E-16, 0.000000000000000000, -1.000000000000000000 ) ) ;
#9218 = VERTEX_POINT ( 'NONE', #8 ) ;
#9219 = CARTESIAN_POINT ( 'NONE',  ( 0.6349999999999992317, 0.3750000000000000000, 3.175000000000000711 ) ) ;
#9220 = EDGE_LOOP ( 'NONE', ( #5717, #4288, #5203 ) ) ;
#9221 = CIRCLE ( 'NONE', #4451, 0.1870828693386972497 ) ;
#9222 = CIRCLE ( 'NONE', #2668, 0.3750000000000003331 ) ;
#9223 = VERTEX_POINT ( 'NONE', #2918 ) ;
#9224 = SPHERICAL_SURFACE ( 'NONE', #5756, 0.3750000000000000000 ) ;
#9225 = EDGE_CURVE ( 'NONE', #8609, #89, #10891, .T. ) ;
#9226 = CLOSED_SHELL ( 'NONE', ( #1082, #8168, #8134 ) ) ;
#9227 = ORIENTED_EDGE ( 'NONE', *, *, #6246, .F. ) ;
#9228 = ADVANCED_FACE ( 'NONE', ( #7941 ), #7105, .T. ) ;
#9229 = CARTESIAN_POINT ( 'NONE',  ( 4.445000000000000284, 0.3750000000000000000, -6.985000000000000320 ) ) ;
#9230 = CLOSED_SHELL ( 'NONE', ( #9500, #5502, #9262 ) ) ;
#9231 = EDGE_LOOP ( 'NONE', ( #4366, #9177 ) ) ;
#9232 = CARTESIAN_POINT ( 'NONE',  ( -3.175000000000000711, 0.6999999999999999556, 5.715000000000001634 ) ) ;
#9233 = ORIENTED_EDGE ( 'NONE', *, *, #10209, .T. ) ;
#9234 = PRESENTATION_LAYER_ASSIGNMENT (  '', '', ( #9577 ) ) ;
#9235 = DIRECTION ( 'NONE',  ( -1.000000000000000000, 0.000000000000000000, 0.000000000000000000 ) ) ;
#9236 = ORIENTED_EDGE ( 'NONE', *, *, #9460, .F. ) ;
#9237 = DIRECTION ( 'NONE',  ( 0.000000000000000000, 0.000000000000000000, 1.000000000000000000 ) ) ;
#9238 = EDGE_LOOP ( 'NONE', ( #7518, #10206 ) ) ;
#9239 = ORIENTED_EDGE ( 'NONE', *, *, #8939, .T. ) ;
#9240 = DIRECTION ( 'NONE',  ( 0.000000000000000000, 0.000000000000000000, -1.000000000000000000 ) ) ;
#9241 = FACE_OUTER_BOUND ( 'NONE', #8025, .T. ) ;
#9242 = CIRCLE ( 'NONE', #6064, 0.1870828693386972497 ) ;
#9243 = SURFACE_STYLE_FILL_AREA ( #787 ) ;
#9244 = ADVANCED_FACE ( 'NONE', ( #1017 ), #6256, .F. ) ;
#9245 = CARTESIAN_POINT ( 'NONE',  ( -6.985000000000000320, 0.3750000000000000000, -3.174999999999999822 ) ) ;
#9246 = DIRECTION ( 'NONE',  ( -0.000000000000000000, 1.000000000000000000, -0.000000000000000000 ) ) ;
#9247 = EDGE_CURVE ( 'NONE', #371, #2576, #7527, .T. ) ;
#9248 = AXIS2_PLACEMENT_3D ( 'NONE', #4384, #798, #7735 ) ;
#9249 = AXIS2_PLACEMENT_3D ( 'NONE', #2367, #10736, #8887 ) ;
#9250 = DIRECTION ( 'NONE',  ( 0.000000000000000000, 0.000000000000000000, 1.000000000000000000 ) ) ;
#9251 = AXIS2_PLACEMENT_3D ( 'NONE', #2860, #10265, #6250 ) ;
#9252 = DIRECTION ( 'NONE',  ( 1.000000000000000000, 0.000000000000000000, 0.000000000000000000 ) ) ;
#9253 = ORIENTED_EDGE ( 'NONE', *, *, #4030, .F. ) ;
#9254 = CIRCLE ( 'NONE', #1434, 0.3749999999999998890 ) ;
#9255 = EDGE_LOOP ( 'NONE', ( #9173, #4533, #810, #6999 ) ) ;
#9256 = DIRECTION ( 'NONE',  ( 0.000000000000000000, 0.000000000000000000, -1.000000000000000000 ) ) ;
#9257 = AXIS2_PLACEMENT_3D ( 'NONE', #7896, #226, #3662 ) ;
#9258 = SURFACE_STYLE_USAGE ( .BOTH. , #9146 ) ;
#9259 = CARTESIAN_POINT ( 'NONE',  ( -5.715000000000000746, 0.3750000000000000000, -5.714999999999999858 ) ) ;
#9260 = DIRECTION ( 'NONE',  ( 0.000000000000000000, 0.000000000000000000, 1.000000000000000000 ) ) ;
#9261 = SURFACE_STYLE_FILL_AREA ( #5983 ) ;
#9262 = ADVANCED_FACE ( 'NONE', ( #8661 ), #1071, .T. ) ;
#9263 = ADVANCED_FACE ( 'NONE', ( #4537 ), #4641, .T. ) ;
#9264 = SPHERICAL_SURFACE ( 'NONE', #6578, 0.3750000000000000000 ) ;
#9265 = AXIS2_PLACEMENT_3D ( 'NONE', #4795, #3973, #8864 ) ;
#9266 =( GEOMETRIC_REPRESENTATION_CONTEXT ( 3 ) GLOBAL_UNCERTAINTY_ASSIGNED_CONTEXT ( ( #4432 ) ) GLOBAL_UNIT_ASSIGNED_CONTEXT ( ( #1281, #537, #10759 ) ) REPRESENTATION_CONTEXT ( 'NONE', 'WORKASPACE' ) );
#9267 = CARTESIAN_POINT ( 'NONE',  ( 0.6349999999999992317, 0.6999999999999998446, -0.6349999999999992317 ) ) ;
#9268 = EDGE_CURVE ( 'NONE', #10359, #9348, #1271, .T. ) ;
#9269 = AXIS2_PLACEMENT_3D ( 'NONE', #2172, #3968, #377 ) ;
#9270 = ORIENTED_EDGE ( 'NONE', *, *, #4956, .F. ) ;
#9271 = DIRECTION ( 'NONE',  ( 0.000000000000000000, 0.000000000000000000, 1.000000000000000000 ) ) ;
#9272 = COLOUR_RGB ( '',0.7921568627450980005, 0.8196078431372548767, 0.9333333333333333481 ) ;
#9273 = ORIENTED_EDGE ( 'NONE', *, *, #2747, .T. ) ;
#9274 = FACE_OUTER_BOUND ( 'NONE', #3167, .T. ) ;
#9275 = AXIS2_PLACEMENT_3D ( 'NONE', #8871, #8050, #9523 ) ;
#9276 = FACE_OUTER_BOUND ( 'NONE', #3848, .T. ) ;
#9277 = DIRECTION ( 'NONE',  ( 0.000000000000000000, -0.000000000000000000, 1.000000000000000000 ) ) ;
#9278 = ADVANCED_FACE ( 'NONE', ( #1127 ), #269, .T. ) ;
#9279 = MECHANICAL_DESIGN_GEOMETRIC_PRESENTATION_REPRESENTATION (  '', ( #4672 ), #5204 ) ;
#9280 = DIRECTION ( 'NONE',  ( 1.224646799147353207E-16, 0.000000000000000000, -1.000000000000000000 ) ) ;
#9281 = AXIS2_PLACEMENT_3D ( 'NONE', #665, #4091, #6993 ) ;
#9282 = FILL_AREA_STYLE ('',( #2500 ) ) ;
#9283 = SURFACE_STYLE_USAGE ( .BOTH. , #821 ) ;
#9284 = ORIENTED_EDGE ( 'NONE', *, *, #7814, .T. ) ;
#9285 = CARTESIAN_POINT ( 'NONE',  ( 0.8220828693386965647, 0.6999999999999998446, -0.6349999999999992317 ) ) ;
#9286 = COLOUR_RGB ( '',0.7921568627450980005, 0.8196078431372548767, 0.9333333333333333481 ) ;
#9287 = EDGE_LOOP ( 'NONE', ( #9494, #8770, #9717 ) ) ;
#9288 = DIRECTION ( 'NONE',  ( 1.000000000000000000, 0.000000000000000000, 0.000000000000000000 ) ) ;
#9289 = FILL_AREA_STYLE ('',( #4127 ) ) ;
#9290 =( NAMED_UNIT ( * ) PLANE_ANGLE_UNIT ( ) SI_UNIT ( $, .RADIAN. ) );
#9291 = ORIENTED_EDGE ( 'NONE', *, *, #6170, .F. ) ;
#9292 = AXIS2_PLACEMENT_3D ( 'NONE', #6128, #7934, #8597 ) ;
#9293 = SURFACE_SIDE_STYLE ('',( #2338 ) ) ;
#9294 = DIRECTION ( 'NONE',  ( 0.000000000000000000, 0.000000000000000000, 1.000000000000000000 ) ) ;
#9295 = EDGE_LOOP ( 'NONE', ( #2552, #3976, #1719 ) ) ;
#9296 = DIRECTION ( 'NONE',  ( 0.000000000000000000, 0.000000000000000000, -1.000000000000000000 ) ) ;
#9297 = VERTEX_POINT ( 'NONE', #3600 ) ;
#9298 = AXIS2_PLACEMENT_3D ( 'NONE', #2433, #6740, #11017 ) ;
#9299 = DIRECTION ( 'NONE',  ( 0.000000000000000000, 0.000000000000000000, -1.000000000000000000 ) ) ;
#9300 = EDGE_LOOP ( 'NONE', ( #9562, #938 ) ) ;
#9301 = DIRECTION ( 'NONE',  ( 0.000000000000000000, 0.000000000000000000, 1.000000000000000000 ) ) ;
#9302 = UNCERTAINTY_MEASURE_WITH_UNIT (LENGTH_MEASURE( 1.000000000000000082E-05 ), #3006, 'distance_accuracy_value', 'NONE');
#9303 = VERTEX_POINT ( 'NONE', #2866 ) ;
#9304 = DIRECTION ( 'NONE',  ( 0.000000000000000000, 0.000000000000000000, 1.000000000000000000 ) ) ;
#9305 = AXIS2_PLACEMENT_3D ( 'NONE', #4246, #7128, #2146 ) ;
#9306 = DIRECTION ( 'NONE',  ( -0.000000000000000000, 1.000000000000000000, -0.000000000000000000 ) ) ;
#9307 = DIRECTION ( 'NONE',  ( 0.000000000000000000, 0.000000000000000000, -1.000000000000000000 ) ) ;
#9308 = CARTESIAN_POINT ( 'NONE',  ( 1.717917130661302361, 0.6999999999999998446, 1.905000000000000471 ) ) ;
#9309 = DIRECTION ( 'NONE',  ( 1.000000000000000000, 0.000000000000000000, 0.000000000000000000 ) ) ;
#9310 = AXIS2_PLACEMENT_3D ( 'NONE', #918, #5151, #57 ) ;
#9311 = DIRECTION ( 'NONE',  ( -0.000000000000000000, 1.000000000000000000, -0.000000000000000000 ) ) ;
#9312 = CARTESIAN_POINT ( 'NONE',  ( 0.6349999999999992317, 0.3750000000000000000, 4.445000000000001172 ) ) ;
#9313 = ADVANCED_FACE ( 'NONE', ( #159 ), #6304, .F. ) ;
#9314 = EDGE_CURVE ( 'NONE', #9627, #3989, #3709, .T. ) ;
#9315 = EDGE_CURVE ( 'NONE', #552, #2845, #8048, .T. ) ;
#9316 = ORIENTED_EDGE ( 'NONE', *, *, #8404, .T. ) ;
#9317 = DIRECTION ( 'NONE',  ( -0.000000000000000000, 1.000000000000000000, -0.000000000000000000 ) ) ;
#9318 =( NAMED_UNIT ( * ) SI_UNIT ( $, .STERADIAN. ) SOLID_ANGLE_UNIT ( ) );
#9319 = ORIENTED_EDGE ( 'NONE', *, *, #1484, .F. ) ;
#9320 = DIRECTION ( 'NONE',  ( 1.000000000000000000, 0.000000000000000000, 0.000000000000000000 ) ) ;
#9321 = CARTESIAN_POINT ( 'NONE',  ( -6.985000000000000320, 0.6999999999999999556, -6.985000000000000320 ) ) ;
#9322 = CARTESIAN_POINT ( 'NONE',  ( -1.717917130661303249, 0.6999999999999998446, -4.444999999999999396 ) ) ;
#9323 = DIRECTION ( 'NONE',  ( -0.000000000000000000, 1.000000000000000000, -0.000000000000000000 ) ) ;
#9324 = DIRECTION ( 'NONE',  ( 0.000000000000000000, 0.000000000000000000, 1.000000000000000000 ) ) ;
#9325 = ADVANCED_FACE ( 'NONE', ( #9567 ), #2766, .F. ) ;
#9326 = ORIENTED_EDGE ( 'NONE', *, *, #6459, .F. ) ;
#9327 = ADVANCED_FACE ( 'NONE', ( #10384 ), #8819, .T. ) ;
#9328 = FILL_AREA_STYLE ('',( #7521 ) ) ;
#9329 = ORIENTED_EDGE ( 'NONE', *, *, #6749, .F. ) ;
#9330 = DIRECTION ( 'NONE',  ( -0.000000000000000000, 1.000000000000000000, -0.000000000000000000 ) ) ;
#9331 = PLANE ( 'NONE',  #9637 ) ;
#9332 = SURFACE_SIDE_STYLE ('',( #3617 ) ) ;
#9333 = DIRECTION ( 'NONE',  ( -0.000000000000000000, 1.000000000000000000, -0.000000000000000000 ) ) ;
#9334 = AXIS2_PLACEMENT_3D ( 'NONE', #521, #8129, #9949 ) ;
#9335 =( NAMED_UNIT ( * ) PLANE_ANGLE_UNIT ( ) SI_UNIT ( $, .RADIAN. ) );
#9336 =( LENGTH_UNIT ( ) NAMED_UNIT ( * ) SI_UNIT ( .MILLI., .METRE. ) );
#9337 = PRESENTATION_LAYER_ASSIGNMENT (  '', '', ( #10408 ) ) ;
#9338 = ORIENTED_EDGE ( 'NONE', *, *, #910, .F. ) ;
#9339 = DIRECTION ( 'NONE',  ( 0.000000000000000000, 0.000000000000000000, -1.000000000000000000 ) ) ;
#9340 = EDGE_CURVE ( 'NONE', #8500, #6652, #1809, .T. ) ;
#9341 = VERTEX_POINT ( 'NONE', #4745 ) ;
#9342 = DIRECTION ( 'NONE',  ( 0.000000000000000000, 0.000000000000000000, -1.000000000000000000 ) ) ;
#9343 = CIRCLE ( 'NONE', #2038, 0.1870828693386972497 ) ;
#9344 = DIRECTION ( 'NONE',  ( 0.000000000000000000, 0.000000000000000000, -1.000000000000000000 ) ) ;
#9345 = EDGE_LOOP ( 'NONE', ( #613, #1852 ) ) ;
#9346 = PLANE ( 'NONE',  #1352 ) ;
#9347 =( NAMED_UNIT ( * ) SI_UNIT ( $, .STERADIAN. ) SOLID_ANGLE_UNIT ( ) );
#9348 = VERTEX_POINT ( 'NONE', #5579 ) ;
#9349 = FACE_OUTER_BOUND ( 'NONE', #1656, .T. ) ;
#9350 = EDGE_LOOP ( 'NONE', ( #1045, #9081 ) ) ;
#9351 = CIRCLE ( 'NONE', #822, 0.3749999999999998890 ) ;
#9352 = ORIENTED_EDGE ( 'NONE', *, *, #817, .F. ) ;
#9353 = STYLED_ITEM ( 'NONE', ( #3511 ), #6713 ) ;
#9354 = DIRECTION ( 'NONE',  ( 0.000000000000000000, 0.000000000000000000, -1.000000000000000000 ) ) ;
#9355 =( NAMED_UNIT ( * ) PLANE_ANGLE_UNIT ( ) SI_UNIT ( $, .RADIAN. ) );
#9356 = CARTESIAN_POINT ( 'NONE',  ( -6.000000000000005329, 5.070000000000000284, -5.999999999999998224 ) ) ;
#9357 = DIRECTION ( 'NONE',  ( 1.000000000000000000, 0.000000000000000000, 0.000000000000000000 ) ) ;
#9358 = DIRECTION ( 'NONE',  ( 0.000000000000000000, 0.000000000000000000, 1.000000000000000000 ) ) ;
#9359 = AXIS2_PLACEMENT_3D ( 'NONE', #7537, #3246, #6748 ) ;
#9360 = PRESENTATION_STYLE_ASSIGNMENT (( #2471 ) ) ;
#9361 =( GEOMETRIC_REPRESENTATION_CONTEXT ( 3 ) GLOBAL_UNCERTAINTY_ASSIGNED_CONTEXT ( ( #10989 ) ) GLOBAL_UNIT_ASSIGNED_CONTEXT ( ( #7197, #7305, #9828 ) ) REPRESENTATION_CONTEXT ( 'NONE', 'WORKASPACE' ) );
#9362 = CARTESIAN_POINT ( 'NONE',  ( -1.905000000000000471, 0.6999999999999998446, 3.175000000000000711 ) ) ;
#9363 = ORIENTED_EDGE ( 'NONE', *, *, #4444, .F. ) ;
#9364 = DIRECTION ( 'NONE',  ( -1.000000000000000000, 0.000000000000000000, 0.000000000000000000 ) ) ;
#9365 = EDGE_LOOP ( 'NONE', ( #53, #2161, #307 ) ) ;
#9366 = AXIS2_PLACEMENT_3D ( 'NONE', #4748, #4803, #492 ) ;
#9367 = CARTESIAN_POINT ( 'NONE',  ( 1.904999999999999583, 0.6999999999999999556, 0.6350000000000001199 ) ) ;
#9368 = CARTESIAN_POINT ( 'NONE',  ( -7.500000000000005329, 0.7000000000000000666, -7.499999999999998224 ) ) ;
#9369 = EDGE_CURVE ( 'NONE', #9918, #1448, #3259, .T. ) ;
#9370 = FACE_OUTER_BOUND ( 'NONE', #4186, .T. ) ;
#9371 = AXIS2_PLACEMENT_3D ( 'NONE', #9630, #2712, #4438 ) ;
#9372 = FACE_OUTER_BOUND ( 'NONE', #3189, .T. ) ;
#9373 = DIRECTION ( 'NONE',  ( 0.000000000000000000, -1.000000000000000000, 0.000000000000000000 ) ) ;
#9374 = ADVANCED_FACE ( 'NONE', ( #5636 ), #599, .T. ) ;
#9375 = COLOUR_RGB ( '',0.7921568627450980005, 0.8196078431372548767, 0.9333333333333333481 ) ;
#9376 = FILL_AREA_STYLE_COLOUR ( '', #4774 ) ;
#9377 = CARTESIAN_POINT ( 'NONE',  ( 7.172082869338698430, 0.6999999999999998446, -4.444999999999999396 ) ) ;
#9378 = AXIS2_PLACEMENT_3D ( 'NONE', #8451, #5700, #5094 ) ;
#9379 = SPHERICAL_SURFACE ( 'NONE', #7530, 0.3750000000000000000 ) ;
#9380 = ORIENTED_EDGE ( 'NONE', *, *, #5318, .T. ) ;
#9381 = CARTESIAN_POINT ( 'NONE',  ( -5.715000000000000746, 0.6999999999999998446, 0.6350000000000001199 ) ) ;
#9382 = DIRECTION ( 'NONE',  ( 0.000000000000000000, 0.000000000000000000, -1.000000000000000000 ) ) ;
#9383 = PRESENTATION_STYLE_ASSIGNMENT (( #3399 ) ) ;
#9384 = MECHANICAL_DESIGN_GEOMETRIC_PRESENTATION_REPRESENTATION (  '', ( #2272 ), #1208 ) ;
#9385 = CIRCLE ( 'NONE', #4599, 0.3749999999999998890 ) ;
#9386 = DIRECTION ( 'NONE',  ( 0.000000000000000000, 0.000000000000000000, 1.000000000000000000 ) ) ;
#9387 = DIRECTION ( 'NONE',  ( -1.000000000000000000, 0.000000000000000000, 0.000000000000000000 ) ) ;
#9388 = ADVANCED_FACE ( 'NONE', ( #2119 ), #657, .T. ) ;
#9389 = EDGE_CURVE ( 'NONE', #8544, #6000, #1102, .T. ) ;
#9390 = AXIS2_PLACEMENT_3D ( 'NONE', #3869, #6430, #3208 ) ;
#9391 = VERTEX_POINT ( 'NONE', #7270 ) ;
#9392 = FACE_OUTER_BOUND ( 'NONE', #7761, .T. ) ;
#9393 = COLOUR_RGB ( '',0.7921568627450980005, 0.8196078431372548767, 0.9333333333333333481 ) ;
#9394 = FACE_OUTER_BOUND ( 'NONE', #9876, .T. ) ;
#9395 = AXIS2_PLACEMENT_3D ( 'NONE', #9510, #1889, #1059 ) ;
#9396 = ORIENTED_EDGE ( 'NONE', *, *, #7027, .T. ) ;
#9397 = EDGE_CURVE ( 'NONE', #10165, #8716, #8759, .T. ) ;
#9398 =( NAMED_UNIT ( * ) SI_UNIT ( $, .STERADIAN. ) SOLID_ANGLE_UNIT ( ) );
#9399 = AXIS2_PLACEMENT_3D ( 'NONE', #4541, #5258, #1132 ) ;
#9400 = ORIENTED_EDGE ( 'NONE', *, *, #975, .F. ) ;
#9401 = ORIENTED_EDGE ( 'NONE', *, *, #3163, .T. ) ;
#9402 = CLOSED_SHELL ( 'NONE', ( #72, #7922, #5075 ) ) ;
#9403 = CARTESIAN_POINT ( 'NONE',  ( -7.500000000000005329, 0.7000000000000000666, 7.500000000000001776 ) ) ;
#9404 = VERTEX_POINT ( 'NONE', #9732 ) ;
#9405 = DIRECTION ( 'NONE',  ( 0.000000000000000000, 0.000000000000000000, 1.000000000000000000 ) ) ;
#9406 = UNCERTAINTY_MEASURE_WITH_UNIT (LENGTH_MEASURE( 1.000000000000000082E-05 ), #8732, 'distance_accuracy_value', 'NONE');
#9407 = ORIENTED_EDGE ( 'NONE', *, *, #7177, .T. ) ;
#9408 = SURFACE_STYLE_USAGE ( .BOTH. , #8502 ) ;
#9409 = DIRECTION ( 'NONE',  ( -0.000000000000000000, 1.000000000000000000, -0.000000000000000000 ) ) ;
#9410 = CLOSED_SHELL ( 'NONE', ( #8529, #1452, #10009 ) ) ;
#9411 = DIRECTION ( 'NONE',  ( 0.000000000000000000, 0.000000000000000000, 1.000000000000000000 ) ) ;
#9412 = CARTESIAN_POINT ( 'NONE',  ( 3.174999999999999822, 0.3750000000000000000, -6.985000000000000320 ) ) ;
#9413 = STYLED_ITEM ( 'NONE', ( #8463 ), #9967 ) ;
#9414 = DIRECTION ( 'NONE',  ( 1.000000000000000000, 0.000000000000000000, 0.000000000000000000 ) ) ;
#9415 = ORIENTED_EDGE ( 'NONE', *, *, #7868, .T. ) ;
#9416 = CARTESIAN_POINT ( 'NONE',  ( -3.175000000000000711, 0.3750000000000000000, -5.714999999999999858 ) ) ;
#9417 = CLOSED_SHELL ( 'NONE', ( #9941, #11042, #7660 ) ) ;
#9418 = VERTEX_POINT ( 'NONE', #4083 ) ;
#9419 = CARTESIAN_POINT ( 'NONE',  ( 5.715000000000000746, 0.3750000000000000000, -1.904999999999999583 ) ) ;
#9420 = DIRECTION ( 'NONE',  ( 1.000000000000000000, 0.000000000000000000, 0.000000000000000000 ) ) ;
#9421 = ORIENTED_EDGE ( 'NONE', *, *, #2236, .T. ) ;
#9422 = AXIS2_PLACEMENT_3D ( 'NONE', #8010, #6273, #5273 ) ;
#9423 = DIRECTION ( 'NONE',  ( 1.224646799147353207E-16, 0.000000000000000000, -1.000000000000000000 ) ) ;
#9424 = CARTESIAN_POINT ( 'NONE',  ( -3.175000000000000711, 0.3750000000000000000, -3.174999999999999822 ) ) ;
#9425 = AXIS2_PLACEMENT_3D ( 'NONE', #2072, #7344, #8063 ) ;
#9426 = CARTESIAN_POINT ( 'NONE',  ( 5.715000000000000746, 0.6999999999999999556, -3.174999999999999822 ) ) ;
#9427 = PRESENTATION_LAYER_ASSIGNMENT (  '', '', ( #6795 ) ) ;
#9428 = VECTOR ( 'NONE', #861, 1000.000000000000000 ) ;
#9429 = DIRECTION ( 'NONE',  ( 0.000000000000000000, 0.000000000000000000, 1.000000000000000000 ) ) ;
#9430 = ORIENTED_EDGE ( 'NONE', *, *, #1227, .T. ) ;
#9431 =( NAMED_UNIT ( * ) PLANE_ANGLE_UNIT ( ) SI_UNIT ( $, .RADIAN. ) );
#9432 = CARTESIAN_POINT ( 'NONE',  ( -5.715000000000000746, 0.3750000000000000000, -3.174999999999999822 ) ) ;
#9433 = AXIS2_PLACEMENT_3D ( 'NONE', #3141, #5575, #323 ) ;
#9434 = AXIS2_PLACEMENT_3D ( 'NONE', #2211, #9702, #513 ) ;
#9435 = CARTESIAN_POINT ( 'NONE',  ( -1.905000000000000471, 0.6999999999999999556, -6.985000000000000320 ) ) ;
#9436 = ADVANCED_FACE ( 'NONE', ( #10660 ), #8929, .T. ) ;
#9437 = AXIS2_PLACEMENT_3D ( 'NONE', #1454, #4853, #10814 ) ;
#9438 = DIRECTION ( 'NONE',  ( -1.000000000000000000, 0.000000000000000000, 0.000000000000000000 ) ) ;
#9439 = PLANE ( 'NONE',  #1740 ) ;
#9440 = CARTESIAN_POINT ( 'NONE',  ( 3.174999999999999822, 0.3750000000000000000, -0.6349999999999992317 ) ) ;
#9441 = PRESENTATION_LAYER_ASSIGNMENT (  '', '', ( #3255 ) ) ;
#9442 =( GEOMETRIC_REPRESENTATION_CONTEXT ( 3 ) GLOBAL_UNCERTAINTY_ASSIGNED_CONTEXT ( ( #6191 ) ) GLOBAL_UNIT_ASSIGNED_CONTEXT ( ( #4720, #10853, #7359 ) ) REPRESENTATION_CONTEXT ( 'NONE', 'WORKASPACE' ) );
#9443 = VERTEX_POINT ( 'NONE', #4863 ) ;
#9444 = DIRECTION ( 'NONE',  ( 0.000000000000000000, -1.000000000000000000, 0.000000000000000000 ) ) ;
#9445 = CIRCLE ( 'NONE', #7853, 0.1870828693386972497 ) ;
#9446 = FACE_OUTER_BOUND ( 'NONE', #4457, .T. ) ;
#9447 = ADVANCED_FACE ( 'NONE', ( #4700 ), #9030, .T. ) ;
#9448 = ADVANCED_FACE ( 'NONE', ( #3033 ), #5748, .T. ) ;
#9449 = SURFACE_STYLE_USAGE ( .BOTH. , #2507 ) ;
#9450 = ORIENTED_EDGE ( 'NONE', *, *, #6353, .T. ) ;
#9451 = FILL_AREA_STYLE_COLOUR ( '', #3505 ) ;
#9452 = PRESENTATION_LAYER_ASSIGNMENT (  '', '', ( #2160 ) ) ;
#9453 = ORIENTED_EDGE ( 'NONE', *, *, #4376, .F. ) ;
#9454 = ADVANCED_FACE ( 'NONE', ( #4799 ), #3865, .F. ) ;
#9455 = FACE_OUTER_BOUND ( 'NONE', #6016, .T. ) ;
#9456 = VERTEX_POINT ( 'NONE', #2291 ) ;
#9457 = CARTESIAN_POINT ( 'NONE',  ( -3.175000000000000711, 0.3750000000000000000, 0.6350000000000001199 ) ) ;
#9458 = AXIS2_PLACEMENT_3D ( 'NONE', #7039, #8647, #1786 ) ;
#9459 = ORIENTED_EDGE ( 'NONE', *, *, #6904, .T. ) ;
#9460 = EDGE_CURVE ( 'NONE', #796, #10927, #6821, .T. ) ;
#9461 = DIRECTION ( 'NONE',  ( 0.000000000000000000, 0.000000000000000000, 1.000000000000000000 ) ) ;
#9462 = DIRECTION ( 'NONE',  ( 1.000000000000000000, 0.000000000000000000, 0.000000000000000000 ) ) ;
#9463 = AXIS2_PLACEMENT_3D ( 'NONE', #1356, #7624, #2539 ) ;
#9464 = FILL_AREA_STYLE ('',( #8389 ) ) ;
#9465 = CARTESIAN_POINT ( 'NONE',  ( -4.445000000000001172, 0.6999999999999998446, -4.444999999999999396 ) ) ;
#9466 = CARTESIAN_POINT ( 'NONE',  ( -6.985000000000000320, 0.6999999999999999556, -3.174999999999999822 ) ) ;
#9467 = AXIS2_PLACEMENT_3D ( 'NONE', #4002, #10857, #5553 ) ;
#9468 = CARTESIAN_POINT ( 'NONE',  ( 5.715000000000000746, 0.000000000000000000, 4.445000000000001172 ) ) ;
#9469 = EDGE_CURVE ( 'NONE', #6830, #10700, #9445, .T. ) ;
#9470 = EDGE_LOOP ( 'NONE', ( #7327, #9089 ) ) ;
#9471 = DIRECTION ( 'NONE',  ( 0.000000000000000000, 0.000000000000000000, -1.000000000000000000 ) ) ;
#9472 = CIRCLE ( 'NONE', #3635, 0.1870828693386972497 ) ;
#9473 = ADVANCED_FACE ( 'NONE', ( #549 ), #10037, .T. ) ;
#9474 = EDGE_LOOP ( 'NONE', ( #10531, #9972, #8347 ) ) ;
#9475 = DIRECTION ( 'NONE',  ( -0.000000000000000000, 1.000000000000000000, -0.000000000000000000 ) ) ;
#9476 = DIRECTION ( 'NONE',  ( 0.000000000000000000, -0.000000000000000000, -1.000000000000000000 ) ) ;
#9477 = VECTOR ( 'NONE', #8225, 1000.000000000000000 ) ;
#9478 = ORIENTED_EDGE ( 'NONE', *, *, #3632, .T. ) ;
#9479 = SPHERICAL_SURFACE ( 'NONE', #3737, 0.3750000000000000000 ) ;
#9480 = DIRECTION ( 'NONE',  ( 0.000000000000000000, 0.000000000000000000, -1.000000000000000000 ) ) ;
#9481 = CARTESIAN_POINT ( 'NONE',  ( 3.174999999999999822, 0.3750000000000000000, 4.445000000000001172 ) ) ;
#9482 = MECHANICAL_DESIGN_GEOMETRIC_PRESENTATION_REPRESENTATION (  '', ( #4526 ), #10239 ) ;
#9483 = FILL_AREA_STYLE_COLOUR ( '', #2087 ) ;
#9484 = CIRCLE ( 'NONE', #4174, 0.1870828693386972497 ) ;
#9485 = DIRECTION ( 'NONE',  ( -0.000000000000000000, 1.000000000000000000, -0.000000000000000000 ) ) ;
#9486 = CARTESIAN_POINT ( 'NONE',  ( -3.175000000000000711, 0.6999999999999999556, 0.6350000000000001199 ) ) ;
#9487 = ORIENTED_EDGE ( 'NONE', *, *, #2032, .T. ) ;
#9488 = DIRECTION ( 'NONE',  ( -0.000000000000000000, 1.000000000000000000, -0.000000000000000000 ) ) ;
#9489 = DIRECTION ( 'NONE',  ( 0.000000000000000000, -1.000000000000000000, 0.000000000000000000 ) ) ;
#9490 = DIRECTION ( 'NONE',  ( -1.000000000000000000, 0.000000000000000000, 0.000000000000000000 ) ) ;
#9491 = ADVANCED_FACE ( 'NONE', ( #2402 ), #10258, .F. ) ;
#9492 = CARTESIAN_POINT ( 'NONE',  ( -7.500000000000005329, 5.120000000000000107, -7.499999999999998224 ) ) ;
#9493 = FILL_AREA_STYLE ('',( #6110 ) ) ;
#9494 = ORIENTED_EDGE ( 'NONE', *, *, #7843, .F. ) ;
#9495 = LINE ( 'NONE', #3674, #6338 ) ;
#9496 = DIRECTION ( 'NONE',  ( 0.000000000000000000, 0.000000000000000000, 1.000000000000000000 ) ) ;
#9497 = SURFACE_STYLE_USAGE ( .BOTH. , #10468 ) ;
#9498 = SURFACE_STYLE_USAGE ( .BOTH. , #5495 ) ;
#9499 = ORIENTED_EDGE ( 'NONE', *, *, #4971, .T. ) ;
#9500 = ADVANCED_FACE ( 'NONE', ( #1733 ), #10210, .T. ) ;
#9501 = ORIENTED_EDGE ( 'NONE', *, *, #7221, .F. ) ;
#9502 = CIRCLE ( 'NONE', #4724, 0.1870828693386972497 ) ;
#9503 = SPHERICAL_SURFACE ( 'NONE', #8580, 0.3750000000000000000 ) ;
#9504 = EDGE_LOOP ( 'NONE', ( #4855, #10059, #4898 ) ) ;
#9505 = CARTESIAN_POINT ( 'NONE',  ( 0.8220828693386965647, 0.6999999999999998446, 5.715000000000001634 ) ) ;
#9506 = AXIS2_PLACEMENT_3D ( 'NONE', #3110, #5462, #322 ) ;
#9507 = UNCERTAINTY_MEASURE_WITH_UNIT (LENGTH_MEASURE( 1.000000000000000082E-05 ), #9065, 'distance_accuracy_value', 'NONE');
#9508 = VERTEX_POINT ( 'NONE', #5918 ) ;
#9509 = DIRECTION ( 'NONE',  ( 1.000000000000000000, 0.000000000000000000, 0.000000000000000000 ) ) ;
#9510 = CARTESIAN_POINT ( 'NONE',  ( -1.905000000000000471, 0.3750000000000000000, 6.985000000000001208 ) ) ;
#9511 = STYLED_ITEM ( 'NONE', ( #4738 ), #6499 ) ;
#9512 = EDGE_CURVE ( 'NONE', #965, #1620, #10157, .T. ) ;
#9513 = DIRECTION ( 'NONE',  ( 0.000000000000000000, -0.000000000000000000, -1.000000000000000000 ) ) ;
#9514 = EDGE_CURVE ( 'NONE', #2551, #10865, #5340, .T. ) ;
#9515 =( NAMED_UNIT ( * ) SI_UNIT ( $, .STERADIAN. ) SOLID_ANGLE_UNIT ( ) );
#9516 = ADVANCED_FACE ( 'NONE', ( #2637 ), #4142, .T. ) ;
#9517 = COLOUR_RGB ( '',0.7921568627450980005, 0.8196078431372548767, 0.9333333333333333481 ) ;
#9518 = FACE_OUTER_BOUND ( 'NONE', #5740, .T. ) ;
#9519 = COLOUR_RGB ( '',0.7921568627450980005, 0.8196078431372548767, 0.9333333333333333481 ) ;
#9520 = ORIENTED_EDGE ( 'NONE', *, *, #7318, .F. ) ;
#9521 = UNCERTAINTY_MEASURE_WITH_UNIT (LENGTH_MEASURE( 1.000000000000000082E-05 ), #6532, 'distance_accuracy_value', 'NONE');
#9522 = VERTEX_POINT ( 'NONE', #4264 ) ;
#9523 = DIRECTION ( 'NONE',  ( 1.000000000000000000, 0.000000000000000000, 0.000000000000000000 ) ) ;
#9524 = DIRECTION ( 'NONE',  ( 0.000000000000000000, -1.000000000000000000, 0.000000000000000000 ) ) ;
#9525 = ORIENTED_EDGE ( 'NONE', *, *, #5796, .T. ) ;
#9526 = DIRECTION ( 'NONE',  ( 0.000000000000000000, 0.000000000000000000, 1.000000000000000000 ) ) ;
#9527 = CARTESIAN_POINT ( 'NONE',  ( -6.985000000000000320, 0.6999999999999998446, 0.6350000000000001199 ) ) ;
#9528 = MECHANICAL_DESIGN_GEOMETRIC_PRESENTATION_REPRESENTATION (  '', ( #3340 ), #5630 ) ;
#9529 = EDGE_CURVE ( 'NONE', #5364, #8790, #1986, .T. ) ;
#9530 = DIRECTION ( 'NONE',  ( 0.000000000000000000, 0.000000000000000000, 1.000000000000000000 ) ) ;
#9531 = CARTESIAN_POINT ( 'NONE',  ( -4.632082869338698394, 0.6999999999999998446, -0.6349999999999992317 ) ) ;
#9532 =( LENGTH_UNIT ( ) NAMED_UNIT ( * ) SI_UNIT ( .MILLI., .METRE. ) );
#9533 = CARTESIAN_POINT ( 'NONE',  ( 5.715000000000000746, 0.3750000000000000000, 1.905000000000000471 ) ) ;
#9534 =( NAMED_UNIT ( * ) SI_UNIT ( $, .STERADIAN. ) SOLID_ANGLE_UNIT ( ) );
#9535 = DIRECTION ( 'NONE',  ( 0.000000000000000000, 0.000000000000000000, 1.000000000000000000 ) ) ;
#9536 = DIRECTION ( 'NONE',  ( -0.000000000000000000, 1.000000000000000000, -0.000000000000000000 ) ) ;
#9537 = CIRCLE ( 'NONE', #8519, 0.1870828693386972497 ) ;
#9538 = CIRCLE ( 'NONE', #3712, 0.3750000000000003331 ) ;
#9539 = SURFACE_STYLE_USAGE ( .BOTH. , #7754 ) ;
#9540 = VERTEX_POINT ( 'NONE', #898 ) ;
#9541 = DIRECTION ( 'NONE',  ( 1.000000000000000000, 0.000000000000000000, 0.000000000000000000 ) ) ;
#9542 = DIRECTION ( 'NONE',  ( 0.000000000000000000, 0.000000000000000000, 1.000000000000000000 ) ) ;
#9543 = PRESENTATION_STYLE_ASSIGNMENT (( #3571 ) ) ;
#9544 =( NAMED_UNIT ( * ) PLANE_ANGLE_UNIT ( ) SI_UNIT ( $, .RADIAN. ) );
#9545 = VERTEX_POINT ( 'NONE', #8386 ) ;
#9546 = SURFACE_STYLE_FILL_AREA ( #2795 ) ;
#9547 = CARTESIAN_POINT ( 'NONE',  ( -3.175000000000000711, 0.3750000000000000000, 3.175000000000000711 ) ) ;
#9548 = VECTOR ( 'NONE', #6776, 1000.000000000000000 ) ;
#9549 = VERTEX_POINT ( 'NONE', #4322 ) ;
#9550 = ORIENTED_EDGE ( 'NONE', *, *, #7221, .T. ) ;
#9551 = AXIS2_PLACEMENT_3D ( 'NONE', #2394, #4195, #10030 ) ;
#9552 = DIRECTION ( 'NONE',  ( -1.000000000000000000, 0.000000000000000000, 0.000000000000000000 ) ) ;
#9553 = DIRECTION ( 'NONE',  ( 0.000000000000000000, -1.000000000000000000, 0.000000000000000000 ) ) ;
#9554 = FILL_AREA_STYLE_COLOUR ( '', #9375 ) ;
#9555 = CARTESIAN_POINT ( 'NONE',  ( -6.985000000000000320, 0.6999999999999998446, 5.715000000000001634 ) ) ;
#9556 = CIRCLE ( 'NONE', #2831, 0.3750000000000000000 ) ;
#9557 = DIRECTION ( 'NONE',  ( -0.000000000000000000, 1.000000000000000000, -0.000000000000000000 ) ) ;
#9558 = PLANE ( 'NONE',  #610 ) ;
#9559 = MANIFOLD_SOLID_BREP ( 'LPattern1[72]', #3918 ) ;
#9560 = AXIS2_PLACEMENT_3D ( 'NONE', #2218, #6574, #3070 ) ;
#9561 = DIRECTION ( 'NONE',  ( 0.000000000000000000, -1.000000000000000000, 0.000000000000000000 ) ) ;
#9562 = ORIENTED_EDGE ( 'NONE', *, *, #5424, .T. ) ;
#9563 = CARTESIAN_POINT ( 'NONE',  ( -7.500000000000005329, 1.070000000000000284, 7.500000000000001776 ) ) ;
#9564 = AXIS2_PLACEMENT_3D ( 'NONE', #10110, #4988, #4101 ) ;
#9565 = ORIENTED_EDGE ( 'NONE', *, *, #6822, .F. ) ;
#9566 = EDGE_CURVE ( 'NONE', #8998, #1463, #9254, .T. ) ;
#9567 = FACE_OUTER_BOUND ( 'NONE', #1902, .T. ) ;
#9568 = CARTESIAN_POINT ( 'NONE',  ( 0.6349999999999992317, 0.3750000000000000000, -0.6349999999999992317 ) ) ;
#9569 = ORIENTED_EDGE ( 'NONE', *, *, #7000, .T. ) ;
#9570 = CLOSED_SHELL ( 'NONE', ( #7503, #6763, #9473 ) ) ;
#9571 = DIRECTION ( 'NONE',  ( 0.000000000000000000, 0.000000000000000000, -1.000000000000000000 ) ) ;
#9572 = CARTESIAN_POINT ( 'NONE',  ( 4.445000000000000284, 0.6999999999999998446, 0.6350000000000001199 ) ) ;
#9573 = CLOSED_SHELL ( 'NONE', ( #9645, #2602, #3247 ) ) ;
#9574 = CARTESIAN_POINT ( 'NONE',  ( 4.445000000000000284, 0.6999999999999998446, 4.445000000000001172 ) ) ;
#9575 = MANIFOLD_SOLID_BREP ( 'LPattern1[118]', #6215 ) ;
#9576 = ADVANCED_FACE ( 'NONE', ( #257 ), #3694, .T. ) ;
#9577 = STYLED_ITEM ( 'NONE', ( #3992 ), #9927 ) ;
#9578 = DIRECTION ( 'NONE',  ( 0.000000000000000000, -1.000000000000000000, 0.000000000000000000 ) ) ;
#9579 = ADVANCED_FACE ( 'NONE', ( #1164 ), #6080, .F. ) ;
#9580 = DIRECTION ( 'NONE',  ( 0.000000000000000000, 0.000000000000000000, 1.000000000000000000 ) ) ;
#9581 =( NAMED_UNIT ( * ) PLANE_ANGLE_UNIT ( ) SI_UNIT ( $, .RADIAN. ) );
#9582 = ADVANCED_FACE ( 'NONE', ( #6987 ), #7933, .T. ) ;
#9583 = DIRECTION ( 'NONE',  ( -1.000000000000000000, 0.000000000000000000, 0.000000000000000000 ) ) ;
#9584 = CIRCLE ( 'NONE', #8895, 0.3750000000000003331 ) ;
#9585 = CARTESIAN_POINT ( 'NONE',  ( -5.715000000000000746, 0.6999999999999998446, -5.714999999999999858 ) ) ;
#9586 = CIRCLE ( 'NONE', #6230, 0.1870828693386972497 ) ;
#9587 = AXIS2_PLACEMENT_3D ( 'NONE', #8530, #4175, #9438 ) ;
#9588 = CARTESIAN_POINT ( 'NONE',  ( 4.445000000000000284, 0.000000000000000000, 3.175000000000000711 ) ) ;
#9589 = VERTEX_POINT ( 'NONE', #3530 ) ;
#9590 = ORIENTED_EDGE ( 'NONE', *, *, #8605, .F. ) ;
#9591 = DIRECTION ( 'NONE',  ( 1.000000000000000000, 0.000000000000000000, 0.000000000000000000 ) ) ;
#9592 = CIRCLE ( 'NONE', #5348, 0.1870828693386972497 ) ;
#9593 = CARTESIAN_POINT ( 'NONE',  ( 3.174999999999999822, 0.3750000000000000000, 3.175000000000000711 ) ) ;
#9594 = AXIS2_PLACEMENT_3D ( 'NONE', #10023, #3307, #5022 ) ;
#9595 = EDGE_CURVE ( 'NONE', #8500, #271, #5174, .T. ) ;
#9596 = PRESENTATION_LAYER_ASSIGNMENT (  '', '', ( #4820 ) ) ;
#9597 = SURFACE_STYLE_FILL_AREA ( #1320 ) ;
#9598 =( NAMED_UNIT ( * ) PLANE_ANGLE_UNIT ( ) SI_UNIT ( $, .RADIAN. ) );
#9599 = AXIS2_PLACEMENT_3D ( 'NONE', #2545, #2422, #1650 ) ;
#9600 = EDGE_CURVE ( 'NONE', #7607, #1387, #11054, .T. ) ;
#9601 = CARTESIAN_POINT ( 'NONE',  ( -5.715000000000000746, 0.3750000000000000000, -4.444999999999999396 ) ) ;
#9602 =( LENGTH_UNIT ( ) NAMED_UNIT ( * ) SI_UNIT ( .MILLI., .METRE. ) );
#9603 = CIRCLE ( 'NONE', #10710, 0.3749999999999998890 ) ;
#9604 = SURFACE_SIDE_STYLE ('',( #8023 ) ) ;
#9605 = CIRCLE ( 'NONE', #4487, 0.1870828693386972497 ) ;
#9606 = EDGE_LOOP ( 'NONE', ( #5047, #2645 ) ) ;
#9607 = DIRECTION ( 'NONE',  ( 1.224646799147353207E-16, 0.000000000000000000, -1.000000000000000000 ) ) ;
#9608 = STYLED_ITEM ( 'NONE', ( #1105 ), #3213 ) ;
#9609 = DIRECTION ( 'NONE',  ( -0.000000000000000000, 1.000000000000000000, -0.000000000000000000 ) ) ;
#9610 = EDGE_LOOP ( 'NONE', ( #10307, #9776 ) ) ;
#9611 = CIRCLE ( 'NONE', #9801, 0.3749999999999998890 ) ;
#9612 = UNCERTAINTY_MEASURE_WITH_UNIT (LENGTH_MEASURE( 1.000000000000000082E-05 ), #6727, 'distance_accuracy_value', 'NONE');
#9613 = VERTEX_POINT ( 'NONE', #6237 ) ;
#9614 = SPHERICAL_SURFACE ( 'NONE', #10515, 0.3750000000000000000 ) ;
#9615 = CARTESIAN_POINT ( 'NONE',  ( 0.6349999999999992317, 0.000000000000000000, 1.905000000000000471 ) ) ;
#9616 = FILL_AREA_STYLE ('',( #10595 ) ) ;
#9617 =( NAMED_UNIT ( * ) PLANE_ANGLE_UNIT ( ) SI_UNIT ( $, .RADIAN. ) );
#9618 = DIRECTION ( 'NONE',  ( 0.000000000000000000, -1.000000000000000000, 0.000000000000000000 ) ) ;
#9619 =( NAMED_UNIT ( * ) SI_UNIT ( $, .STERADIAN. ) SOLID_ANGLE_UNIT ( ) );
#9620 = DIRECTION ( 'NONE',  ( 1.000000000000000000, 0.000000000000000000, 0.000000000000000000 ) ) ;
#9621 = COLOUR_RGB ( '',0.7921568627450980005, 0.8196078431372548767, 0.9333333333333333481 ) ;
#9622 = DIRECTION ( 'NONE',  ( 1.000000000000000000, 0.000000000000000000, 0.000000000000000000 ) ) ;
#9623 = UNCERTAINTY_MEASURE_WITH_UNIT (LENGTH_MEASURE( 1.000000000000000082E-05 ), #2029, 'distance_accuracy_value', 'NONE');
#9624 = VERTEX_POINT ( 'NONE', #1375 ) ;
#9625 = CARTESIAN_POINT ( 'NONE',  ( 4.445000000000000284, 0.6999999999999998446, 3.175000000000000711 ) ) ;
#9626 = DIRECTION ( 'NONE',  ( 1.224646799147353207E-16, 0.000000000000000000, -1.000000000000000000 ) ) ;
#9627 = VERTEX_POINT ( 'NONE', #6933 ) ;
#9628 =( NAMED_UNIT ( * ) PLANE_ANGLE_UNIT ( ) SI_UNIT ( $, .RADIAN. ) );
#9629 = CARTESIAN_POINT ( 'NONE',  ( 6.985000000000000320, 0.000000000000000000, -5.714999999999999858 ) ) ;
#9630 = CARTESIAN_POINT ( 'NONE',  ( -5.715000000000000746, 0.3750000000000000000, -4.444999999999999396 ) ) ;
#9631 = AXIS2_PLACEMENT_3D ( 'NONE', #10440, #6195, #1128 ) ;
#9632 = DIRECTION ( 'NONE',  ( 1.000000000000000000, 0.000000000000000000, 0.000000000000000000 ) ) ;
#9633 = SURFACE_STYLE_USAGE ( .BOTH. , #10562 ) ;
#9634 = EDGE_CURVE ( 'NONE', #9545, #6175, #6610, .T. ) ;
#9635 = ADVANCED_FACE ( 'NONE', ( #5346 ), #9614, .T. ) ;
#9636 = DIRECTION ( 'NONE',  ( 0.000000000000000000, 0.000000000000000000, -1.000000000000000000 ) ) ;
#9637 = AXIS2_PLACEMENT_3D ( 'NONE', #5114, #9489, #5377 ) ;
#9638 = DIRECTION ( 'NONE',  ( 1.000000000000000000, 0.000000000000000000, 0.000000000000000000 ) ) ;
#9639 = CARTESIAN_POINT ( 'NONE',  ( 6.985000000000000320, 0.3750000000000000000, 4.445000000000001172 ) ) ;
#9640 = DIRECTION ( 'NONE',  ( -1.000000000000000000, 0.000000000000000000, 0.000000000000000000 ) ) ;
#9641 = CIRCLE ( 'NONE', #8258, 0.1870828693386972497 ) ;
#9642 = AXIS2_PLACEMENT_3D ( 'NONE', #5551, #9651, #357 ) ;
#9643 = CARTESIAN_POINT ( 'NONE',  ( 0.6349999999999992317, 0.6999999999999999556, 3.175000000000000711 ) ) ;
#9644 = AXIS2_PLACEMENT_3D ( 'NONE', #4932, #6787, #7628 ) ;
#9645 = ADVANCED_FACE ( 'NONE', ( #2692 ), #4422, .T. ) ;
#9646 =( NAMED_UNIT ( * ) SI_UNIT ( $, .STERADIAN. ) SOLID_ANGLE_UNIT ( ) );
#9647 = ORIENTED_EDGE ( 'NONE', *, *, #817, .T. ) ;
#9648 = ORIENTED_EDGE ( 'NONE', *, *, #4459, .F. ) ;
#9649 =( NAMED_UNIT ( * ) SI_UNIT ( $, .STERADIAN. ) SOLID_ANGLE_UNIT ( ) );
#9650 = CARTESIAN_POINT ( 'NONE',  ( 3.174999999999999822, 0.6999999999999998446, 1.905000000000000471 ) ) ;
#9651 = DIRECTION ( 'NONE',  ( 0.000000000000000000, 0.000000000000000000, -1.000000000000000000 ) ) ;
#9652 = CARTESIAN_POINT ( 'NONE',  ( 3.174999999999999822, 0.3750000000000000000, 6.985000000000001208 ) ) ;
#9653 =( NAMED_UNIT ( * ) SI_UNIT ( $, .STERADIAN. ) SOLID_ANGLE_UNIT ( ) );
#9654 = SURFACE_STYLE_USAGE ( .BOTH. , #9604 ) ;
#9655 = ADVANCED_FACE ( 'NONE', ( #1888 ), #5406, .T. ) ;
#9656 = EDGE_LOOP ( 'NONE', ( #2275, #7943 ) ) ;
#9657 = DIRECTION ( 'NONE',  ( -1.000000000000000000, 0.000000000000000000, 0.000000000000000000 ) ) ;
#9658 = VERTEX_POINT ( 'NONE', #5294 ) ;
#9659 = DIRECTION ( 'NONE',  ( 0.000000000000000000, -0.000000000000000000, -1.000000000000000000 ) ) ;
#9660 = ORIENTED_EDGE ( 'NONE', *, *, #4018, .T. ) ;
#9661 = DIRECTION ( 'NONE',  ( 0.000000000000000000, -0.000000000000000000, -1.000000000000000000 ) ) ;
#9662 =( NAMED_UNIT ( * ) PLANE_ANGLE_UNIT ( ) SI_UNIT ( $, .RADIAN. ) );
#9663 = ORIENTED_EDGE ( 'NONE', *, *, #8678, .F. ) ;
#9664 = CARTESIAN_POINT ( 'NONE',  ( 1.904999999999999583, 0.3750000000000000000, -1.904999999999999583 ) ) ;
#9665 = FILL_AREA_STYLE ('',( #9554 ) ) ;
#9666 = DIRECTION ( 'NONE',  ( 0.000000000000000000, -1.000000000000000000, 0.000000000000000000 ) ) ;
#9667 = CIRCLE ( 'NONE', #10052, 0.3749999999999998890 ) ;
#9668 = DIRECTION ( 'NONE',  ( -0.000000000000000000, 1.000000000000000000, -0.000000000000000000 ) ) ;
#9669 = SURFACE_STYLE_FILL_AREA ( #5460 ) ;
#9670 = ORIENTED_EDGE ( 'NONE', *, *, #10140, .T. ) ;
#9671 = DIRECTION ( 'NONE',  ( 0.000000000000000000, -0.000000000000000000, -1.000000000000000000 ) ) ;
#9672 = VERTEX_POINT ( 'NONE', #205 ) ;
#9673 = COLOUR_RGB ( '',0.7921568627450980005, 0.8196078431372548767, 0.9333333333333333481 ) ;
#9674 = CARTESIAN_POINT ( 'NONE',  ( 7.499999999999994671, 1.070000000000000284, 7.500000000000001776 ) ) ;
#9675 = ORIENTED_EDGE ( 'NONE', *, *, #11040, .F. ) ;
#9676 = DIRECTION ( 'NONE',  ( 1.224646799147353207E-16, 0.000000000000000000, -1.000000000000000000 ) ) ;
#9677 = CARTESIAN_POINT ( 'NONE',  ( -6.985000000000000320, 0.3750000000000000000, -1.904999999999999583 ) ) ;
#9678 = CARTESIAN_POINT ( 'NONE',  ( -6.000000000000005329, 5.070000000000000284, -5.399999999999998579 ) ) ;
#9679 = CARTESIAN_POINT ( 'NONE',  ( 6.797917130661303098, 0.6999999999999998446, 0.6350000000000001199 ) ) ;
#9680 = CIRCLE ( 'NONE', #7057, 0.1870828693386972497 ) ;
#9681 = PRESENTATION_LAYER_ASSIGNMENT (  '', '', ( #10612 ) ) ;
#9682 = CARTESIAN_POINT ( 'NONE',  ( 1.904999999999999583, 0.6999999999999998446, 3.175000000000000711 ) ) ;
#9683 = EDGE_CURVE ( 'NONE', #1884, #8376, #5892, .T. ) ;
#9684 = DIRECTION ( 'NONE',  ( 0.000000000000000000, 0.000000000000000000, 1.000000000000000000 ) ) ;
#9685 = COLOUR_RGB ( '',0.7921568627450980005, 0.8196078431372548767, 0.9333333333333333481 ) ;
#9686 = EDGE_CURVE ( 'NONE', #6644, #2158, #4525, .T. ) ;
#9687 =( NAMED_UNIT ( * ) PLANE_ANGLE_UNIT ( ) SI_UNIT ( $, .RADIAN. ) );
#9688 = SPHERICAL_SURFACE ( 'NONE', #8954, 0.3750000000000000000 ) ;
#9689 =( LENGTH_UNIT ( ) NAMED_UNIT ( * ) SI_UNIT ( .MILLI., .METRE. ) );
#9690 = ADVANCED_FACE ( 'NONE', ( #757 ), #6634, .F. ) ;
#9691 = FACE_OUTER_BOUND ( 'NONE', #5916, .T. ) ;
#9692 = CARTESIAN_POINT ( 'NONE',  ( 0.6349999999999992317, 0.000000000000000000, -0.6349999999999992317 ) ) ;
#9693 = AXIS2_PLACEMENT_3D ( 'NONE', #5971, #901, #7562 ) ;
#9694 = FILL_AREA_STYLE ('',( #6327 ) ) ;
#9695 = SURFACE_STYLE_FILL_AREA ( #3672 ) ;
#9696 = ORIENTED_EDGE ( 'NONE', *, *, #7313, .F. ) ;
#9697 = ORIENTED_EDGE ( 'NONE', *, *, #3434, .F. ) ;
#9698 =( NAMED_UNIT ( * ) PLANE_ANGLE_UNIT ( ) SI_UNIT ( $, .RADIAN. ) );
#9699 = COLOUR_RGB ( '',0.7921568627450980005, 0.8196078431372548767, 0.9333333333333333481 ) ;
#9700 = ORIENTED_EDGE ( 'NONE', *, *, #11028, .F. ) ;
#9701 = CARTESIAN_POINT ( 'NONE',  ( -0.6350000000000001199, 0.000000000000000000, 0.6350000000000001199 ) ) ;
#9702 = DIRECTION ( 'NONE',  ( -0.000000000000000000, 1.000000000000000000, -0.000000000000000000 ) ) ;
#9703 = PRESENTATION_STYLE_ASSIGNMENT (( #297 ) ) ;
#9704 = PRESENTATION_STYLE_ASSIGNMENT (( #2089 ) ) ;
#9705 = EDGE_CURVE ( 'NONE', #4571, #5337, #3237, .T. ) ;
#9706 = STYLED_ITEM ( 'NONE', ( #10645 ), #10200 ) ;
#9707 = ADVANCED_FACE ( 'NONE', ( #5725 ), #3295, .T. ) ;
#9708 = CARTESIAN_POINT ( 'NONE',  ( -5.715000000000000746, 0.6999999999999998446, 1.905000000000000471 ) ) ;
#9709 = FILL_AREA_STYLE ('',( #5556 ) ) ;
#9710 = CARTESIAN_POINT ( 'NONE',  ( 0.4479171306613019543, 0.6999999999999998446, -5.714999999999999858 ) ) ;
#9711 = SURFACE_STYLE_FILL_AREA ( #9891 ) ;
#9712 = STYLED_ITEM ( 'NONE', ( #7121 ), #10322 ) ;
#9713 = ORIENTED_EDGE ( 'NONE', *, *, #3437, .F. ) ;
#9714 = DIRECTION ( 'NONE',  ( 1.224646799147353207E-16, 0.000000000000000000, -1.000000000000000000 ) ) ;
#9715 = AXIS2_PLACEMENT_3D ( 'NONE', #2091, #2033, #10583 ) ;
#9716 =( NAMED_UNIT ( * ) PLANE_ANGLE_UNIT ( ) SI_UNIT ( $, .RADIAN. ) );
#9717 = ORIENTED_EDGE ( 'NONE', *, *, #2761, .F. ) ;
#9718 = ADVANCED_FACE ( 'NONE', ( #6683 ), #8355, .T. ) ;
#9719 = DIRECTION ( 'NONE',  ( 1.000000000000000000, 0.000000000000000000, 0.000000000000000000 ) ) ;
#9720 = FACE_OUTER_BOUND ( 'NONE', #184, .T. ) ;
#9721 = AXIS2_PLACEMENT_3D ( 'NONE', #976, #7983, #2548 ) ;
#9722 = EDGE_CURVE ( 'NONE', #9028, #10782, #3052, .T. ) ;
#9723 = SURFACE_STYLE_USAGE ( .BOTH. , #2909 ) ;
#9724 = DIRECTION ( 'NONE',  ( 1.000000000000000000, 0.000000000000000000, 0.000000000000000000 ) ) ;
#9725 = FACE_OUTER_BOUND ( 'NONE', #4995, .T. ) ;
#9726 = CIRCLE ( 'NONE', #4954, 0.1870828693386972497 ) ;
#9727 = SURFACE_STYLE_FILL_AREA ( #8043 ) ;
#9728 = DIRECTION ( 'NONE',  ( -0.000000000000000000, 1.000000000000000000, -0.000000000000000000 ) ) ;
#9729 = ORIENTED_EDGE ( 'NONE', *, *, #8476, .T. ) ;
#9730 = DIRECTION ( 'NONE',  ( 0.000000000000000000, 0.000000000000000000, -1.000000000000000000 ) ) ;
#9731 = ORIENTED_EDGE ( 'NONE', *, *, #6834, .T. ) ;
#9732 = CARTESIAN_POINT ( 'NONE',  ( 0.6349999999999992317, 0.000000000000000000, -5.714999999999999858 ) ) ;
#9733 = CARTESIAN_POINT ( 'NONE',  ( -5.715000000000000746, 0.3750000000000000000, 1.905000000000000471 ) ) ;
#9734 = ORIENTED_EDGE ( 'NONE', *, *, #10140, .F. ) ;
#9735 =( NAMED_UNIT ( * ) PLANE_ANGLE_UNIT ( ) SI_UNIT ( $, .RADIAN. ) );
#9736 = AXIS2_PLACEMENT_3D ( 'NONE', #3531, #6934, #10312 ) ;
#9737 = DIRECTION ( 'NONE',  ( 0.000000000000000000, -1.000000000000000000, 0.000000000000000000 ) ) ;
#9738 = DIRECTION ( 'NONE',  ( 1.000000000000000000, 0.000000000000000000, 0.000000000000000000 ) ) ;
#9739 = AXIS2_PLACEMENT_3D ( 'NONE', #10017, #10921, #26 ) ;
#9740 = CIRCLE ( 'NONE', #7111, 0.3750000000000003331 ) ;
#9741 = FACE_OUTER_BOUND ( 'NONE', #10422, .T. ) ;
#9742 = DIRECTION ( 'NONE',  ( -0.000000000000000000, 1.000000000000000000, -0.000000000000000000 ) ) ;
#9743 = CLOSED_SHELL ( 'NONE', ( #3198, #2151, #9857 ) ) ;
#9744 = FACE_OUTER_BOUND ( 'NONE', #5899, .T. ) ;
#9745 = DIRECTION ( 'NONE',  ( -0.000000000000000000, 1.000000000000000000, -0.000000000000000000 ) ) ;
#9746 = SURFACE_STYLE_FILL_AREA ( #7229 ) ;
#9747 = CARTESIAN_POINT ( 'NONE',  ( -3.175000000000000711, 0.6999999999999998446, 4.445000000000001172 ) ) ;
#9748 = DIRECTION ( 'NONE',  ( -0.000000000000000000, 1.000000000000000000, -0.000000000000000000 ) ) ;
#9749 = CLOSED_SHELL ( 'NONE', ( #10841, #6132, #4374 ) ) ;
#9750 = FACE_OUTER_BOUND ( 'NONE', #5445, .T. ) ;
#9751 = PRESENTATION_LAYER_ASSIGNMENT (  '', '', ( #3575 ) ) ;
#9752 = ORIENTED_EDGE ( 'NONE', *, *, #8652, .T. ) ;
#9753 = ORIENTED_EDGE ( 'NONE', *, *, #8343, .F. ) ;
#9754 = ADVANCED_FACE ( 'NONE', ( #4003 ), #2434, .F. ) ;
#9755 = DIRECTION ( 'NONE',  ( 1.000000000000000000, 0.000000000000000000, 0.000000000000000000 ) ) ;
#9756 = DIRECTION ( 'NONE',  ( 0.000000000000000000, -0.000000000000000000, -1.000000000000000000 ) ) ;
#9757 = ADVANCED_FACE ( 'NONE', ( #3123 ), #9884, .T. ) ;
#9758 = AXIS2_PLACEMENT_3D ( 'NONE', #3719, #9485, #8001 ) ;
#9759 = AXIS2_PLACEMENT_3D ( 'NONE', #1645, #5052, #8612 ) ;
#9760 = CIRCLE ( 'NONE', #2131, 0.3750000000000003331 ) ;
#9761 = CARTESIAN_POINT ( 'NONE',  ( -1.905000000000000471, 0.3750000000000000000, -6.985000000000000320 ) ) ;
#9762 =( NAMED_UNIT ( * ) SI_UNIT ( $, .STERADIAN. ) SOLID_ANGLE_UNIT ( ) );
#9763 = AXIS2_PLACEMENT_3D ( 'NONE', #10319, #212, #5201 ) ;
#9764 = ORIENTED_EDGE ( 'NONE', *, *, #5930, .T. ) ;
#9765 = SURFACE_STYLE_USAGE ( .BOTH. , #8086 ) ;
#9766 = ADVANCED_FACE ( 'NONE', ( #7468 ), #2378, .T. ) ;
#9767 = ADVANCED_FACE ( 'NONE', ( #9276 ), #8179, .F. ) ;
#9768 = ADVANCED_FACE ( 'NONE', ( #10123 ), #9211, .T. ) ;
#9769 = AXIS2_PLACEMENT_3D ( 'NONE', #94, #8646, #3585 ) ;
#9770 = EDGE_LOOP ( 'NONE', ( #9957, #222, #3599 ) ) ;
#9771 = AXIS2_PLACEMENT_3D ( 'NONE', #2244, #2192, #8108 ) ;
#9772 = FILL_AREA_STYLE_COLOUR ( '', #4130 ) ;
#9773 = ORIENTED_EDGE ( 'NONE', *, *, #591, .T. ) ;
#9774 = DIRECTION ( 'NONE',  ( 0.000000000000000000, 0.000000000000000000, 1.000000000000000000 ) ) ;
#9775 = DIRECTION ( 'NONE',  ( -0.000000000000000000, 1.000000000000000000, -0.000000000000000000 ) ) ;
#9776 = ORIENTED_EDGE ( 'NONE', *, *, #7576, .T. ) ;
#9777 = CARTESIAN_POINT ( 'NONE',  ( -4.445000000000001172, 0.6999999999999999556, 6.985000000000001208 ) ) ;
#9778 = AXIS2_PLACEMENT_3D ( 'NONE', #10934, #9299, #2345 ) ;
#9779 = AXIS2_PLACEMENT_3D ( 'NONE', #2170, #8913, #4629 ) ;
#9780 = SURFACE_STYLE_FILL_AREA ( #5625 ) ;
#9781 = CIRCLE ( 'NONE', #7869, 0.3750000000000003331 ) ;
#9782 = DIRECTION ( 'NONE',  ( -0.000000000000000000, 1.000000000000000000, -0.000000000000000000 ) ) ;
#9783 = SURFACE_SIDE_STYLE ('',( #5627 ) ) ;
#9784 = MANIFOLD_SOLID_BREP ( 'LPattern1[137]', #8186 ) ;
#9785 = CARTESIAN_POINT ( 'NONE',  ( 4.445000000000000284, 0.3750000000000000000, 4.445000000000001172 ) ) ;
#9786 = EDGE_CURVE ( 'NONE', #10744, #9877, #1967, .T. ) ;
#9787 = PRESENTATION_STYLE_ASSIGNMENT (( #1230 ) ) ;
#9788 = AXIS2_PLACEMENT_3D ( 'NONE', #2902, #2956, #3076 ) ;
#9789 = CIRCLE ( 'NONE', #2337, 0.1870828693386972497 ) ;
#9790 = CARTESIAN_POINT ( 'NONE',  ( -3.362082869338697932, 0.6999999999999998446, 1.905000000000000471 ) ) ;
#9791 = ORIENTED_EDGE ( 'NONE', *, *, #2747, .F. ) ;
#9792 = CARTESIAN_POINT ( 'NONE',  ( -6.985000000000000320, 0.3750000000000000000, 3.175000000000000711 ) ) ;
#9793 = AXIS2_PLACEMENT_3D ( 'NONE', #5138, #9354, #10991 ) ;
#9794 = ORIENTED_EDGE ( 'NONE', *, *, #8918, .T. ) ;
#9795 = CARTESIAN_POINT ( 'NONE',  ( -0.8220828693386974528, 0.6999999999999998446, -5.714999999999999858 ) ) ;
#9796 = CIRCLE ( 'NONE', #1817, 0.3749999999999998890 ) ;
#9797 = EDGE_LOOP ( 'NONE', ( #5927, #9239, #8522 ) ) ;
#9798 = DIRECTION ( 'NONE',  ( 1.000000000000000000, 0.000000000000000000, 0.000000000000000000 ) ) ;
#9799 = PLANE ( 'NONE',  #663 ) ;
#9800 = FACE_OUTER_BOUND ( 'NONE', #4916, .T. ) ;
#9801 = AXIS2_PLACEMENT_3D ( 'NONE', #1472, #394, #499 ) ;
#9802 = DIRECTION ( 'NONE',  ( 0.000000000000000000, 0.000000000000000000, 1.000000000000000000 ) ) ;
#9803 = EDGE_CURVE ( 'NONE', #7886, #9443, #9586, .T. ) ;
#9804 = MECHANICAL_DESIGN_GEOMETRIC_PRESENTATION_REPRESENTATION (  '', ( #10731 ), #2899 ) ;
#9805 = DIRECTION ( 'NONE',  ( 0.000000000000000000, 0.000000000000000000, -1.000000000000000000 ) ) ;
#9806 = MANIFOLD_SOLID_BREP ( 'LPattern1[61]', #5505 ) ;
#9807 = DIRECTION ( 'NONE',  ( 0.000000000000000000, -1.000000000000000000, 0.000000000000000000 ) ) ;
#9808 = LINE ( 'NONE', #4814, #9477 ) ;
#9809 = AXIS2_PLACEMENT_3D ( 'NONE', #6596, #5139, #9138 ) ;
#9810 = CARTESIAN_POINT ( 'NONE',  ( -6.985000000000000320, 0.3750000000000000000, 6.985000000000001208 ) ) ;
#9811 = COLOUR_RGB ( '',0.7921568627450980005, 0.8196078431372548767, 0.9333333333333333481 ) ;
#9812 = DIRECTION ( 'NONE',  ( -0.000000000000000000, 1.000000000000000000, -0.000000000000000000 ) ) ;
#9813 = PRESENTATION_STYLE_ASSIGNMENT (( #8788 ) ) ;
#9814 = SURFACE_STYLE_USAGE ( .BOTH. , #10624 ) ;
#9815 = AXIS2_PLACEMENT_3D ( 'NONE', #686, #8574, #8471 ) ;
#9816 = VERTEX_POINT ( 'NONE', #5271 ) ;
#9817 = ORIENTED_EDGE ( 'NONE', *, *, #7195, .T. ) ;
#9818 = CARTESIAN_POINT ( 'NONE',  ( -2.092082869338697915, 0.6999999999999998446, -6.985000000000000320 ) ) ;
#9819 = DIRECTION ( 'NONE',  ( -0.000000000000000000, 1.000000000000000000, -0.000000000000000000 ) ) ;
#9820 = CARTESIAN_POINT ( 'NONE',  ( 6.985000000000000320, 0.6999999999999999556, -4.444999999999999396 ) ) ;
#9821 = AXIS2_PLACEMENT_3D ( 'NONE', #6577, #5077, #10070 ) ;
#9822 = VERTEX_POINT ( 'NONE', #5950 ) ;
#9823 =( NAMED_UNIT ( * ) PLANE_ANGLE_UNIT ( ) SI_UNIT ( $, .RADIAN. ) );
#9824 = PLANE ( 'NONE',  #3633 ) ;
#9825 = DIRECTION ( 'NONE',  ( 0.000000000000000000, 0.000000000000000000, 1.000000000000000000 ) ) ;
#9826 = CIRCLE ( 'NONE', #2746, 0.1870828693386972497 ) ;
#9827 = CARTESIAN_POINT ( 'NONE',  ( 6.985000000000000320, 0.6999999999999998446, 0.6350000000000001199 ) ) ;
#9828 =( NAMED_UNIT ( * ) SI_UNIT ( $, .STERADIAN. ) SOLID_ANGLE_UNIT ( ) );
#9829 =( NAMED_UNIT ( * ) SI_UNIT ( $, .STERADIAN. ) SOLID_ANGLE_UNIT ( ) );
#9830 = DIRECTION ( 'NONE',  ( -0.000000000000000000, 1.000000000000000000, -0.000000000000000000 ) ) ;
#9831 = ORIENTED_EDGE ( 'NONE', *, *, #5580, .F. ) ;
#9832 = CARTESIAN_POINT ( 'NONE',  ( -3.175000000000000711, 0.6999999999999998446, -0.6349999999999992317 ) ) ;
#9833 = AXIS2_PLACEMENT_3D ( 'NONE', #1516, #7669, #6712 ) ;
#9834 = EDGE_LOOP ( 'NONE', ( #10069, #417 ) ) ;
#9835 = DIRECTION ( 'NONE',  ( 1.000000000000000000, 0.000000000000000000, 0.000000000000000000 ) ) ;
#9836 = DIRECTION ( 'NONE',  ( 1.000000000000000000, 0.000000000000000000, 0.000000000000000000 ) ) ;
#9837 = UNCERTAINTY_MEASURE_WITH_UNIT (LENGTH_MEASURE( 1.000000000000000082E-05 ), #8838, 'distance_accuracy_value', 'NONE');
#9838 = ORIENTED_EDGE ( 'NONE', *, *, #4653, .T. ) ;
#9839 = DIRECTION ( 'NONE',  ( 1.000000000000000000, 0.000000000000000000, 0.000000000000000000 ) ) ;
#9840 = ADVANCED_FACE ( 'NONE', ( #1705 ), #5995, .T. ) ;
#9841 = DIRECTION ( 'NONE',  ( 0.000000000000000000, 0.000000000000000000, 1.000000000000000000 ) ) ;
#9842 = DIRECTION ( 'NONE',  ( 1.000000000000000000, 0.000000000000000000, 0.000000000000000000 ) ) ;
#9843 = DIRECTION ( 'NONE',  ( 1.224646799147353207E-16, 0.000000000000000000, -1.000000000000000000 ) ) ;
#9844 = MANIFOLD_SOLID_BREP ( 'LPattern1[126]', #888 ) ;
#9845 = DIRECTION ( 'NONE',  ( -1.000000000000000000, 0.000000000000000000, 0.000000000000000000 ) ) ;
#9846 = SURFACE_STYLE_FILL_AREA ( #3028 ) ;
#9847 = SPHERICAL_SURFACE ( 'NONE', #1449, 0.3750000000000000000 ) ;
#9848 = EDGE_LOOP ( 'NONE', ( #6062, #7958, #10054 ) ) ;
#9849 = CARTESIAN_POINT ( 'NONE',  ( 3.174999999999999822, 0.6999999999999999556, 5.715000000000001634 ) ) ;
#9850 = ORIENTED_EDGE ( 'NONE', *, *, #3150, .T. ) ;
#9851 = DIRECTION ( 'NONE',  ( 1.000000000000000000, 0.000000000000000000, 0.000000000000000000 ) ) ;
#9852 = EDGE_CURVE ( 'NONE', #830, #840, #8210, .T. ) ;
#9853 = DIRECTION ( 'NONE',  ( -0.000000000000000000, 1.000000000000000000, -0.000000000000000000 ) ) ;
#9854 = EDGE_LOOP ( 'NONE', ( #8203, #685 ) ) ;
#9855 =( NAMED_UNIT ( * ) PLANE_ANGLE_UNIT ( ) SI_UNIT ( $, .RADIAN. ) );
#9857 = ADVANCED_FACE ( 'NONE', ( #7696 ), #6859, .T. ) ;
#9856 = CIRCLE ( 'NONE', #10413, 0.3750000000000003331 ) ;
#9858 = DIRECTION ( 'NONE',  ( 0.000000000000000000, -0.000000000000000000, 1.000000000000000000 ) ) ;
#9859 = CARTESIAN_POINT ( 'NONE',  ( -6.985000000000000320, 0.3750000000000000000, -4.444999999999999396 ) ) ;
#9860 = ADVANCED_FACE ( 'NONE', ( #3459 ), #8886, .T. ) ;
#9861 = DIRECTION ( 'NONE',  ( 0.000000000000000000, 0.000000000000000000, -1.000000000000000000 ) ) ;
#9862 =( LENGTH_UNIT ( ) NAMED_UNIT ( * ) SI_UNIT ( .MILLI., .METRE. ) );
#9863 = AXIS2_PLACEMENT_3D ( 'NONE', #929, #5321, #4349 ) ;
#9864 = CARTESIAN_POINT ( 'NONE',  ( -4.445000000000001172, 0.6999999999999999556, -1.904999999999999583 ) ) ;
#9865 = PRESENTATION_LAYER_ASSIGNMENT (  '', '', ( #5792 ) ) ;
#9866 = MANIFOLD_SOLID_BREP ( 'LPattern1[132]', #4802 ) ;
#9867 =( NAMED_UNIT ( * ) SI_UNIT ( $, .STERADIAN. ) SOLID_ANGLE_UNIT ( ) );
#9868 = ORIENTED_EDGE ( 'NONE', *, *, #168, .F. ) ;
#9869 = DIRECTION ( 'NONE',  ( 1.000000000000000000, 0.000000000000000000, 0.000000000000000000 ) ) ;
#9870 = SPHERICAL_SURFACE ( 'NONE', #7683, 0.3750000000000000000 ) ;
#9871 = CARTESIAN_POINT ( 'NONE',  ( -4.445000000000001172, 0.000000000000000000, -1.904999999999999583 ) ) ;
#9872 = AXIS2_PLACEMENT_3D ( 'NONE', #3424, #6829, #1679 ) ;
#9873 = CARTESIAN_POINT ( 'NONE',  ( -6.985000000000000320, 0.3750000000000000000, -6.985000000000000320 ) ) ;
#9874 = PRESENTATION_STYLE_ASSIGNMENT (( #620 ) ) ;
#9875 = CARTESIAN_POINT ( 'NONE',  ( -6.985000000000000320, 0.3750000000000000000, -0.6349999999999992317 ) ) ;
#9876 = EDGE_LOOP ( 'NONE', ( #2264, #30 ) ) ;
#9877 = VERTEX_POINT ( 'NONE', #7062 ) ;
#9878 = DIRECTION ( 'NONE',  ( -0.000000000000000000, 1.000000000000000000, -0.000000000000000000 ) ) ;
#9879 = MECHANICAL_DESIGN_GEOMETRIC_PRESENTATION_REPRESENTATION (  '', ( #262 ), #7061 ) ;
#9880 = SPHERICAL_SURFACE ( 'NONE', #4087, 0.3750000000000000000 ) ;
#9881 = PLANE ( 'NONE',  #6819 ) ;
#9882 = STYLED_ITEM ( 'NONE', ( #5328 ), #6751 ) ;
#9883 = VERTEX_POINT ( 'NONE', #6320 ) ;
#9884 = SPHERICAL_SURFACE ( 'NONE', #7334, 0.3750000000000000000 ) ;
#9885 = MANIFOLD_SOLID_BREP ( 'LPattern1[6]', #4281 ) ;
#9886 = DIRECTION ( 'NONE',  ( -0.000000000000000000, 1.000000000000000000, -0.000000000000000000 ) ) ;
#9887 = CIRCLE ( 'NONE', #6527, 0.1870828693386972497 ) ;
#9888 =( NAMED_UNIT ( * ) SI_UNIT ( $, .STERADIAN. ) SOLID_ANGLE_UNIT ( ) );
#9889 = CIRCLE ( 'NONE', #5453, 0.1870828693386972497 ) ;
#9890 = PRESENTATION_STYLE_ASSIGNMENT (( #9283 ) ) ;
#9891 = FILL_AREA_STYLE ('',( #3126 ) ) ;
#9892 = VERTEX_POINT ( 'NONE', #10456 ) ;
#9893 = FACE_OUTER_BOUND ( 'NONE', #4356, .T. ) ;
#9894 = CIRCLE ( 'NONE', #9366, 0.3749999999999998890 ) ;
#9895 = VERTEX_POINT ( 'NONE', #3777 ) ;
#9896 = VERTEX_POINT ( 'NONE', #1092 ) ;
#9897 = DIRECTION ( 'NONE',  ( 1.000000000000000000, 0.000000000000000000, 0.000000000000000000 ) ) ;
#9898 = SURFACE_SIDE_STYLE ('',( #1388 ) ) ;
#9899 = VERTEX_POINT ( 'NONE', #3668 ) ;
#9900 = AXIS2_PLACEMENT_3D ( 'NONE', #568, #9205, #7634 ) ;
#9901 = DIRECTION ( 'NONE',  ( 0.000000000000000000, 0.000000000000000000, 1.000000000000000000 ) ) ;
#9902 = CARTESIAN_POINT ( 'NONE',  ( 6.985000000000000320, 0.3750000000000000000, 0.6350000000000001199 ) ) ;
#9903 =( GEOMETRIC_REPRESENTATION_CONTEXT ( 3 ) GLOBAL_UNCERTAINTY_ASSIGNED_CONTEXT ( ( #6078 ) ) GLOBAL_UNIT_ASSIGNED_CONTEXT ( ( #3241, #9335, #4242 ) ) REPRESENTATION_CONTEXT ( 'NONE', 'WORKASPACE' ) );
#9904 = SURFACE_SIDE_STYLE ('',( #2174 ) ) ;
#9905 = MANIFOLD_SOLID_BREP ( 'LPattern1[117]', #10306 ) ;
#9906 =( NAMED_UNIT ( * ) PLANE_ANGLE_UNIT ( ) SI_UNIT ( $, .RADIAN. ) );
#9907 = AXIS2_PLACEMENT_3D ( 'NONE', #1370, #9480, #3606 ) ;
#9908 = ORIENTED_EDGE ( 'NONE', *, *, #5803, .F. ) ;
#9909 = SPHERICAL_SURFACE ( 'NONE', #2513, 0.3750000000000000000 ) ;
#9910 = EDGE_CURVE ( 'NONE', #9892, #878, #10502, .T. ) ;
#9911 = VERTEX_POINT ( 'NONE', #1478 ) ;
#9912 = DIRECTION ( 'NONE',  ( -0.000000000000000000, 1.000000000000000000, -0.000000000000000000 ) ) ;
#9913 = VERTEX_POINT ( 'NONE', #673 ) ;
#9914 = ORIENTED_EDGE ( 'NONE', *, *, #1015, .T. ) ;
#9915 = VECTOR ( 'NONE', #8533, 1000.000000000000000 ) ;
#9916 = DIRECTION ( 'NONE',  ( 1.000000000000000000, 0.000000000000000000, 0.000000000000000000 ) ) ;
#9917 = CARTESIAN_POINT ( 'NONE',  ( 7.499999999999994671, 0.7000000000000000666, 7.500000000000001776 ) ) ;
#9918 = VERTEX_POINT ( 'NONE', #4880 ) ;
#9919 = ADVANCED_FACE ( 'NONE', ( #2419 ), #3223, .T. ) ;
#9920 = SURFACE_SIDE_STYLE ('',( #4085 ) ) ;
#9921 = SPHERICAL_SURFACE ( 'NONE', #9390, 0.3750000000000000000 ) ;
#9922 = DIRECTION ( 'NONE',  ( 0.000000000000000000, 0.000000000000000000, -1.000000000000000000 ) ) ;
#9923 = CIRCLE ( 'NONE', #7464, 0.1870828693386972497 ) ;
#9924 = CARTESIAN_POINT ( 'NONE',  ( 1.904999999999999583, 0.3750000000000000000, 6.985000000000001208 ) ) ;
#9925 = EDGE_CURVE ( 'NONE', #8673, #3658, #8728, .T. ) ;
#9926 = EDGE_LOOP ( 'NONE', ( #4301, #1512 ) ) ;
#9927 = MANIFOLD_SOLID_BREP ( 'LPattern1[131]', #8004 ) ;
#9928 = CIRCLE ( 'NONE', #5325, 0.3750000000000003331 ) ;
#9929 = FILL_AREA_STYLE ('',( #1527 ) ) ;
#9930 = CARTESIAN_POINT ( 'NONE',  ( -7.500000000000005329, 0.7000000000000000666, -7.499999999999998224 ) ) ;
#9931 = CARTESIAN_POINT ( 'NONE',  ( -0.4479171306613028425, 0.6999999999999998446, -3.174999999999999822 ) ) ;
#9932 = FACE_OUTER_BOUND ( 'NONE', #8154, .T. ) ;
#9933 = CIRCLE ( 'NONE', #3906, 0.1870828693386972497 ) ;
#9934 = FACE_OUTER_BOUND ( 'NONE', #7292, .T. ) ;
#9935 = SURFACE_STYLE_FILL_AREA ( #6560 ) ;
#9936 = ADVANCED_FACE ( 'NONE', ( #3161 ), #7349, .T. ) ;
#9937 = EDGE_LOOP ( 'NONE', ( #6924, #3761 ) ) ;
#9938 = ORIENTED_EDGE ( 'NONE', *, *, #3367, .F. ) ;
#9939 = DIRECTION ( 'NONE',  ( 0.000000000000000000, 0.000000000000000000, 1.000000000000000000 ) ) ;
#9940 = CARTESIAN_POINT ( 'NONE',  ( -3.175000000000000711, 0.3750000000000000000, 5.715000000000001634 ) ) ;
#9941 = ADVANCED_FACE ( 'NONE', ( #9148 ), #9870, .T. ) ;
#9942 = ORIENTED_EDGE ( 'NONE', *, *, #2511, .T. ) ;
#9943 = CARTESIAN_POINT ( 'NONE',  ( -4.445000000000001172, 0.6999999999999998446, -3.174999999999999822 ) ) ;
#9944 = DIRECTION ( 'NONE',  ( 1.224646799147353207E-16, 0.000000000000000000, -1.000000000000000000 ) ) ;
#9945 = CIRCLE ( 'NONE', #881, 0.3750000000000003331 ) ;
#9946 = SURFACE_STYLE_USAGE ( .BOTH. , #1660 ) ;
#9947 = MANIFOLD_SOLID_BREP ( 'LPattern1[116]', #4808 ) ;
#9948 = CLOSED_SHELL ( 'NONE', ( #10904, #1785, #5293 ) ) ;
#9949 = DIRECTION ( 'NONE',  ( 1.000000000000000000, 0.000000000000000000, 0.000000000000000000 ) ) ;
#9950 = PRESENTATION_LAYER_ASSIGNMENT (  '', '', ( #3745 ) ) ;
#9951 =( LENGTH_UNIT ( ) NAMED_UNIT ( * ) SI_UNIT ( .MILLI., .METRE. ) );
#9952 = FACE_OUTER_BOUND ( 'NONE', #5466, .T. ) ;
#9953 = ADVANCED_FACE ( 'NONE', ( #58 ), #8616, .T. ) ;
#9954 = VERTEX_POINT ( 'NONE', #5936 ) ;
#9955 = AXIS2_PLACEMENT_3D ( 'NONE', #4499, #5422, #9429 ) ;
#9956 = CARTESIAN_POINT ( 'NONE',  ( -4.257917130661303950, 0.6999999999999998446, -6.985000000000000320 ) ) ;
#9957 = ORIENTED_EDGE ( 'NONE', *, *, #6068, .F. ) ;
#9958 =( LENGTH_UNIT ( ) NAMED_UNIT ( * ) SI_UNIT ( .MILLI., .METRE. ) );
#9959 = SURFACE_STYLE_USAGE ( .BOTH. , #6580 ) ;
#9960 = AXIS2_PLACEMENT_3D ( 'NONE', #7806, #4605, #2779 ) ;
#9961 = ORIENTED_EDGE ( 'NONE', *, *, #2406, .T. ) ;
#9962 = FILL_AREA_STYLE_COLOUR ( '', #2 ) ;
#9963 = AXIS2_PLACEMENT_3D ( 'NONE', #10043, #5097, #3278 ) ;
#9964 = DIRECTION ( 'NONE',  ( 1.000000000000000000, 0.000000000000000000, 0.000000000000000000 ) ) ;
#9965 = CARTESIAN_POINT ( 'NONE',  ( -0.6350000000000001199, 0.3750000000000000000, 5.715000000000001634 ) ) ;
#9966 =( GEOMETRIC_REPRESENTATION_CONTEXT ( 3 ) GLOBAL_UNCERTAINTY_ASSIGNED_CONTEXT ( ( #41 ) ) GLOBAL_UNIT_ASSIGNED_CONTEXT ( ( #813, #3560, #10343 ) ) REPRESENTATION_CONTEXT ( 'NONE', 'WORKASPACE' ) );
#9967 = MANIFOLD_SOLID_BREP ( 'LPattern1[104]', #7838 ) ;
#9968 = CIRCLE ( 'NONE', #3417, 0.1870828693386972497 ) ;
#9969 =( LENGTH_UNIT ( ) NAMED_UNIT ( * ) SI_UNIT ( .MILLI., .METRE. ) );
#9970 = ORIENTED_EDGE ( 'NONE', *, *, #3034, .T. ) ;
#9971 = CARTESIAN_POINT ( 'NONE',  ( -1.905000000000000471, 0.6999999999999998446, 3.175000000000000711 ) ) ;
#9972 = ORIENTED_EDGE ( 'NONE', *, *, #6714, .T. ) ;
#9973 = AXIS2_PLACEMENT_3D ( 'NONE', #8221, #10614, #3045 ) ;
#9974 = CIRCLE ( 'NONE', #6618, 0.1870828693386972497 ) ;
#9975 = UNCERTAINTY_MEASURE_WITH_UNIT (LENGTH_MEASURE( 1.000000000000000082E-05 ), #4033, 'distance_accuracy_value', 'NONE');
#9976 = VERTEX_POINT ( 'NONE', #9322 ) ;
#9977 = ORIENTED_EDGE ( 'NONE', *, *, #180, .F. ) ;
#9978 = DIRECTION ( 'NONE',  ( 0.000000000000000000, 0.000000000000000000, -1.000000000000000000 ) ) ;
#9979 = PRESENTATION_LAYER_ASSIGNMENT (  '', '', ( #7698 ) ) ;
#9980 = DIRECTION ( 'NONE',  ( 0.000000000000000000, 1.000000000000000000, 0.000000000000000000 ) ) ;
#9981 = AXIS2_PLACEMENT_3D ( 'NONE', #5754, #9311, #9358 ) ;
#9982 = DIRECTION ( 'NONE',  ( -0.000000000000000000, 1.000000000000000000, -0.000000000000000000 ) ) ;
#9983 = PLANE ( 'NONE',  #10818 ) ;
#9984 = FACE_OUTER_BOUND ( 'NONE', #8369, .T. ) ;
#9985 = DIRECTION ( 'NONE',  ( -1.000000000000000000, 0.000000000000000000, 0.000000000000000000 ) ) ;
#9986 = CIRCLE ( 'NONE', #4483, 0.1870828693386972497 ) ;
#9987 =( GEOMETRIC_REPRESENTATION_CONTEXT ( 3 ) GLOBAL_UNCERTAINTY_ASSIGNED_CONTEXT ( ( #1953 ) ) GLOBAL_UNIT_ASSIGNED_CONTEXT ( ( #9160, #7418, #7472 ) ) REPRESENTATION_CONTEXT ( 'NONE', 'WORKASPACE' ) );
#9988 = CIRCLE ( 'NONE', #3597, 0.3749999999999998890 ) ;
#9989 = DIRECTION ( 'NONE',  ( -0.000000000000000000, 1.000000000000000000, -0.000000000000000000 ) ) ;
#9990 =( GEOMETRIC_REPRESENTATION_CONTEXT ( 3 ) GLOBAL_UNCERTAINTY_ASSIGNED_CONTEXT ( ( #3975 ) ) GLOBAL_UNIT_ASSIGNED_CONTEXT ( ( #8805, #7972, #5563 ) ) REPRESENTATION_CONTEXT ( 'NONE', 'WORKASPACE' ) );
#9991 = MANIFOLD_SOLID_BREP ( 'LPattern1[107]', #3210 ) ;
#9992 = SURFACE_STYLE_USAGE ( .BOTH. , #6613 ) ;
#9993 = VERTEX_POINT ( 'NONE', #1021 ) ;
#9994 = FACE_OUTER_BOUND ( 'NONE', #158, .T. ) ;
#9995 = CARTESIAN_POINT ( 'NONE',  ( 0.6349999999999992317, 0.6999999999999998446, 4.445000000000001172 ) ) ;
#9996 = EDGE_CURVE ( 'NONE', #5638, #3292, #2680, .T. ) ;
#9997 = CIRCLE ( 'NONE', #17, 0.1870828693386972497 ) ;
#9998 = DIRECTION ( 'NONE',  ( 1.000000000000000000, 0.000000000000000000, 0.000000000000000000 ) ) ;
#9999 = PLANE ( 'NONE',  #8178 ) ;
#10000 = DIRECTION ( 'NONE',  ( 1.000000000000000000, 0.000000000000000000, 0.000000000000000000 ) ) ;
#10001 = ADVANCED_FACE ( 'NONE', ( #9370 ), #7629, .F. ) ;
#10002 = SURFACE_SIDE_STYLE ('',( #9935 ) ) ;
#10003 = ORIENTED_EDGE ( 'NONE', *, *, #6194, .T. ) ;
#10004 = CARTESIAN_POINT ( 'NONE',  ( 4.445000000000000284, 0.6999999999999998446, 6.985000000000001208 ) ) ;
#10005 = ORIENTED_EDGE ( 'NONE', *, *, #3452, .T. ) ;
#10006 = FILL_AREA_STYLE_COLOUR ( '', #7916 ) ;
#10007 = CARTESIAN_POINT ( 'NONE',  ( -3.175000000000000711, 0.3750000000000000000, 1.905000000000000471 ) ) ;
#10008 = DIRECTION ( 'NONE',  ( 1.000000000000000000, 0.000000000000000000, 0.000000000000000000 ) ) ;
#10009 = ADVANCED_FACE ( 'NONE', ( #7684 ), #1747, .T. ) ;
#10010 = MANIFOLD_SOLID_BREP ( 'LPattern1[48]', #885 ) ;
#10011 = DIRECTION ( 'NONE',  ( -1.000000000000000000, 0.000000000000000000, 0.000000000000000000 ) ) ;
#10012 = ADVANCED_FACE ( 'NONE', ( #7169 ), #10227, .T. ) ;
#10013 = ADVANCED_FACE ( 'NONE', ( #1907 ), #8774, .F. ) ;
#10014 = VECTOR ( 'NONE', #9980, 1000.000000000000000 ) ;
#10015 = FILL_AREA_STYLE_COLOUR ( '', #10447 ) ;
#10016 = ORIENTED_EDGE ( 'NONE', *, *, #2735, .T. ) ;
#10017 = CARTESIAN_POINT ( 'NONE',  ( -0.6350000000000001199, 0.6999999999999999556, -0.6349999999999992317 ) ) ;
#10018 = ORIENTED_EDGE ( 'NONE', *, *, #8397, .F. ) ;
#10019 = CARTESIAN_POINT ( 'NONE',  ( 0.6349999999999992317, 0.3750000000000000000, -4.444999999999999396 ) ) ;
#10020 = EDGE_LOOP ( 'NONE', ( #2278, #10463, #4875 ) ) ;
#10021 = AXIS2_PLACEMENT_3D ( 'NONE', #1374, #576, #4777 ) ;
#10022 = EDGE_LOOP ( 'NONE', ( #3541, #4012, #1701 ) ) ;
#10023 = CARTESIAN_POINT ( 'NONE',  ( -3.175000000000000711, 0.6999999999999998446, -6.985000000000000320 ) ) ;
#10024 = EDGE_CURVE ( 'NONE', #8139, #6702, #10262, .T. ) ;
#10025 = AXIS2_PLACEMENT_3D ( 'NONE', #5957, #8684, #6923 ) ;
#10026 = COLOUR_RGB ( '',0.7921568627450980005, 0.8196078431372548767, 0.9333333333333333481 ) ;
#10027 = SURFACE_STYLE_FILL_AREA ( #6650 ) ;
#10028 = VECTOR ( 'NONE', #3559, 1000.000000000000000 ) ;
#10029 = MANIFOLD_SOLID_BREP ( 'LPattern1[49]', #5673 ) ;
#10030 = DIRECTION ( 'NONE',  ( 0.000000000000000000, 0.000000000000000000, 1.000000000000000000 ) ) ;
#10031 = ORIENTED_EDGE ( 'NONE', *, *, #8918, .F. ) ;
#10032 = DIRECTION ( 'NONE',  ( 1.000000000000000000, 0.000000000000000000, 0.000000000000000000 ) ) ;
#10033 = EDGE_LOOP ( 'NONE', ( #4234, #4555, #6124 ) ) ;
#10034 = DIRECTION ( 'NONE',  ( -1.000000000000000000, 0.000000000000000000, 0.000000000000000000 ) ) ;
#10035 = ORIENTED_EDGE ( 'NONE', *, *, #9705, .F. ) ;
#10036 = ORIENTED_EDGE ( 'NONE', *, *, #86, .F. ) ;
#10037 = SPHERICAL_SURFACE ( 'NONE', #9793, 0.3750000000000000000 ) ;
#10038 = DIRECTION ( 'NONE',  ( 0.000000000000000000, 0.000000000000000000, -1.000000000000000000 ) ) ;
#10039 = DIRECTION ( 'NONE',  ( 0.000000000000000000, 0.000000000000000000, 1.000000000000000000 ) ) ;
#10040 = CARTESIAN_POINT ( 'NONE',  ( -3.175000000000000711, 0.6999999999999999556, 1.905000000000000471 ) ) ;
#10041 = DIRECTION ( 'NONE',  ( 0.000000000000000000, -1.000000000000000000, 0.000000000000000000 ) ) ;
#10042 = SPHERICAL_SURFACE ( 'NONE', #7884, 0.3750000000000000000 ) ;
#10043 = CARTESIAN_POINT ( 'NONE',  ( -0.6350000000000001199, 0.3750000000000000000, 4.445000000000001172 ) ) ;
#10044 = VERTEX_POINT ( 'NONE', #10606 ) ;
#10045 = MANIFOLD_SOLID_BREP ( 'LPattern1[52]', #2304 ) ;
#10046 = FILL_AREA_STYLE_COLOUR ( '', #9621 ) ;
#10047 = SURFACE_STYLE_FILL_AREA ( #8279 ) ;
#10048 = CARTESIAN_POINT ( 'NONE',  ( -5.715000000000000746, 0.6999999999999998446, 6.985000000000001208 ) ) ;
#10049 = DIRECTION ( 'NONE',  ( 1.000000000000000000, 0.000000000000000000, 0.000000000000000000 ) ) ;
#10050 = MECHANICAL_DESIGN_GEOMETRIC_PRESENTATION_REPRESENTATION (  '', ( #3315 ), #7411 ) ;
#10051 = CARTESIAN_POINT ( 'NONE',  ( 0.6349999999999992317, 0.3750000000000000000, -1.904999999999999583 ) ) ;
#10052 = AXIS2_PLACEMENT_3D ( 'NONE', #9761, #579, #2152 ) ;
#10053 = EDGE_CURVE ( 'NONE', #6518, #713, #2437, .T. ) ;
#10054 = ORIENTED_EDGE ( 'NONE', *, *, #2751, .F. ) ;
#10055 = DIRECTION ( 'NONE',  ( 1.000000000000000000, 0.000000000000000000, 0.000000000000000000 ) ) ;
#10056 = STYLED_ITEM ( 'NONE', ( #3756 ), #2839 ) ;
#10057 = DIRECTION ( 'NONE',  ( 1.000000000000000000, 0.000000000000000000, 0.000000000000000000 ) ) ;
#10058 = ADVANCED_FACE ( 'NONE', ( #7394 ), #6429, .T. ) ;
#10059 = ORIENTED_EDGE ( 'NONE', *, *, #6068, .T. ) ;
#10060 = DIRECTION ( 'NONE',  ( 0.000000000000000000, 0.000000000000000000, -1.000000000000000000 ) ) ;
#10061 = MECHANICAL_DESIGN_GEOMETRIC_PRESENTATION_REPRESENTATION (  '', ( #1697 ), #804 ) ;
#10062 = DIRECTION ( 'NONE',  ( 0.000000000000000000, 0.000000000000000000, 1.000000000000000000 ) ) ;
#10063 = MANIFOLD_SOLID_BREP ( 'LPattern1[53]', #337 ) ;
#10064 = CARTESIAN_POINT ( 'NONE',  ( -1.905000000000000471, 0.000000000000000000, 3.175000000000000711 ) ) ;
#10065 =( NAMED_UNIT ( * ) SI_UNIT ( $, .STERADIAN. ) SOLID_ANGLE_UNIT ( ) );
#10066 = CIRCLE ( 'NONE', #2421, 0.3750000000000000000 ) ;
#10067 = ORIENTED_EDGE ( 'NONE', *, *, #9151, .F. ) ;
#10068 = SPHERICAL_SURFACE ( 'NONE', #2052, 0.3750000000000000000 ) ;
#10069 = ORIENTED_EDGE ( 'NONE', *, *, #9786, .T. ) ;
#10070 = DIRECTION ( 'NONE',  ( 0.000000000000000000, 0.000000000000000000, 1.000000000000000000 ) ) ;
#10071 = EDGE_CURVE ( 'NONE', #42, #7542, #9894, .T. ) ;
#10072 = ORIENTED_EDGE ( 'NONE', *, *, #7301, .T. ) ;
#10073 = DIRECTION ( 'NONE',  ( 0.000000000000000000, 0.000000000000000000, -1.000000000000000000 ) ) ;
#10074 = UNCERTAINTY_MEASURE_WITH_UNIT (LENGTH_MEASURE( 1.000000000000000082E-05 ), #8200, 'distance_accuracy_value', 'NONE');
#10075 = EDGE_LOOP ( 'NONE', ( #1539, #10683, #9831 ) ) ;
#10076 =( GEOMETRIC_REPRESENTATION_CONTEXT ( 3 ) GLOBAL_UNCERTAINTY_ASSIGNED_CONTEXT ( ( #9837 ) ) GLOBAL_UNIT_ASSIGNED_CONTEXT ( ( #8838, #8999, #8075 ) ) REPRESENTATION_CONTEXT ( 'NONE', 'WORKASPACE' ) );
#10077 = PRESENTATION_LAYER_ASSIGNMENT (  '', '', ( #9353 ) ) ;
#10078 = FILL_AREA_STYLE ('',( #9962 ) ) ;
#10079 = SURFACE_STYLE_USAGE ( .BOTH. , #7432 ) ;
#10080 = MANIFOLD_SOLID_BREP ( 'LPattern1[33]', #6948 ) ;
#10081 = ORIENTED_EDGE ( 'NONE', *, *, #2459, .T. ) ;
#10082 =( NAMED_UNIT ( * ) PLANE_ANGLE_UNIT ( ) SI_UNIT ( $, .RADIAN. ) );
#10083 = AXIS2_PLACEMENT_3D ( 'NONE', #10663, #9307, #6084 ) ;
#10084 = ORIENTED_EDGE ( 'NONE', *, *, #5676, .F. ) ;
#10085 = SPHERICAL_SURFACE ( 'NONE', #9778, 0.3750000000000000000 ) ;
#10086 = ADVANCED_FACE ( 'NONE', ( #2405 ), #9188, .T. ) ;
#10087 = EDGE_CURVE ( 'NONE', #1070, #10892, #2625, .T. ) ;
#10088 = EDGE_LOOP ( 'NONE', ( #2616, #10850, #2234 ) ) ;
#10089 = FILL_AREA_STYLE_COLOUR ( '', #1704 ) ;
#10090 = UNCERTAINTY_MEASURE_WITH_UNIT (LENGTH_MEASURE( 1.000000000000000082E-05 ), #4207, 'distance_accuracy_value', 'NONE');
#10091 = ORIENTED_EDGE ( 'NONE', *, *, #10337, .F. ) ;
#10092 = ORIENTED_EDGE ( 'NONE', *, *, #242, .T. ) ;
#10093 = ADVANCED_FACE ( 'NONE', ( #4920 ), #3868, .T. ) ;
#10094 = CARTESIAN_POINT ( 'NONE',  ( -0.6350000000000001199, 0.3750000000000000000, -5.714999999999999858 ) ) ;
#10095 = DIRECTION ( 'NONE',  ( 0.000000000000000000, 0.000000000000000000, 1.000000000000000000 ) ) ;
#10096 =( GEOMETRIC_REPRESENTATION_CONTEXT ( 3 ) GLOBAL_UNCERTAINTY_ASSIGNED_CONTEXT ( ( #5190 ) ) GLOBAL_UNIT_ASSIGNED_CONTEXT ( ( #8093, #5511, #4687 ) ) REPRESENTATION_CONTEXT ( 'NONE', 'WORKASPACE' ) );
#10097 = FACE_OUTER_BOUND ( 'NONE', #109, .T. ) ;
#10098 = DIRECTION ( 'NONE',  ( 0.000000000000000000, 0.000000000000000000, 1.000000000000000000 ) ) ;
#10099 = DIRECTION ( 'NONE',  ( 0.000000000000000000, -0.000000000000000000, -1.000000000000000000 ) ) ;
#10100 = AXIS2_PLACEMENT_3D ( 'NONE', #2980, #10608, #5529 ) ;
#10101 = SURFACE_STYLE_FILL_AREA ( #10888 ) ;
#10102 = COLOUR_RGB ( '',0.7921568627450980005, 0.8196078431372548767, 0.9333333333333333481 ) ;
#10103 = EDGE_CURVE ( 'NONE', #5357, #6830, #8834, .T. ) ;
#10104 = ORIENTED_EDGE ( 'NONE', *, *, #4178, .T. ) ;
#10105 = MANIFOLD_SOLID_BREP ( 'LPattern1[88]', #8556 ) ;
#10106 = DIRECTION ( 'NONE',  ( 0.000000000000000000, 0.000000000000000000, 1.000000000000000000 ) ) ;
#10107 = EDGE_LOOP ( 'NONE', ( #1950, #5126, #2691 ) ) ;
#10108 = FACE_OUTER_BOUND ( 'NONE', #1180, .T. ) ;
#10109 =( NAMED_UNIT ( * ) PLANE_ANGLE_UNIT ( ) SI_UNIT ( $, .RADIAN. ) );
#10110 = CARTESIAN_POINT ( 'NONE',  ( 4.445000000000000284, 0.3750000000000000000, -6.985000000000000320 ) ) ;
#10111 = DIRECTION ( 'NONE',  ( 1.224646799147353207E-16, 0.000000000000000000, -1.000000000000000000 ) ) ;
#10112 = COLOUR_RGB ( '',0.7921568627450980005, 0.8196078431372548767, 0.9333333333333333481 ) ;
#10113 = EDGE_CURVE ( 'NONE', #4348, #1620, #3518, .T. ) ;
#10114 = DIRECTION ( 'NONE',  ( 0.000000000000000000, -1.000000000000000000, 0.000000000000000000 ) ) ;
#10115 = VERTEX_POINT ( 'NONE', #4373 ) ;
#10116 = PRESENTATION_LAYER_ASSIGNMENT (  '', '', ( #3720 ) ) ;
#10117 = DIRECTION ( 'NONE',  ( 1.000000000000000000, 0.000000000000000000, 0.000000000000000000 ) ) ;
#10118 = CARTESIAN_POINT ( 'NONE',  ( 5.527917130661303524, 0.6999999999999998446, 5.715000000000001634 ) ) ;
#10119 = MECHANICAL_DESIGN_GEOMETRIC_PRESENTATION_REPRESENTATION (  '', ( #3557 ), #8879 ) ;
#10120 = ORIENTED_EDGE ( 'NONE', *, *, #7602, .F. ) ;
#10121 = FILL_AREA_STYLE ('',( #10006 ) ) ;
#10122 = DIRECTION ( 'NONE',  ( 0.000000000000000000, -0.000000000000000000, -1.000000000000000000 ) ) ;
#10123 = FACE_OUTER_BOUND ( 'NONE', #3267, .T. ) ;
#10124 = DIRECTION ( 'NONE',  ( -0.000000000000000000, 1.000000000000000000, -0.000000000000000000 ) ) ;
#10125 = MANIFOLD_SOLID_BREP ( 'LPattern1[90]', #11050 ) ;
#10126 = AXIS2_PLACEMENT_3D ( 'NONE', #6056, #8627, #3561 ) ;
#10127 = CARTESIAN_POINT ( 'NONE',  ( 6.985000000000000320, 0.6999999999999998446, 3.175000000000000711 ) ) ;
#10128 = FILL_AREA_STYLE ('',( #8296 ) ) ;
#10129 = CIRCLE ( 'NONE', #3388, 0.1870828693386972497 ) ;
#10130 = EDGE_LOOP ( 'NONE', ( #10894, #5450 ) ) ;
#10131 = CARTESIAN_POINT ( 'NONE',  ( -7.172082869338698430, 0.6999999999999998446, 3.175000000000000711 ) ) ;
#10132 = EDGE_CURVE ( 'NONE', #8550, #6609, #1016, .T. ) ;
#10133 = PLANE ( 'NONE',  #9821 ) ;
#10134 = AXIS2_PLACEMENT_3D ( 'NONE', #565, #3993, #4714 ) ;
#10135 = ORIENTED_EDGE ( 'NONE', *, *, #712, .F. ) ;
#10136 = SURFACE_SIDE_STYLE ('',( #8370 ) ) ;
#10137 = FACE_OUTER_BOUND ( 'NONE', #2333, .T. ) ;
#10138 = CLOSED_SHELL ( 'NONE', ( #9448, #9690, #10403 ) ) ;
#10139 = ORIENTED_EDGE ( 'NONE', *, *, #5536, .T. ) ;
#10140 = EDGE_CURVE ( 'NONE', #1441, #4471, #4247, .T. ) ;
#10141 = DIRECTION ( 'NONE',  ( -0.000000000000000000, 1.000000000000000000, -0.000000000000000000 ) ) ;
#10142 = EDGE_CURVE ( 'NONE', #3738, #8456, #9537, .T. ) ;
#10143 = MANIFOLD_SOLID_BREP ( 'Revolve1', #3218 ) ;
#10144 = CLOSED_SHELL ( 'NONE', ( #7767, #10415, #4298 ) ) ;
#10145 = ORIENTED_EDGE ( 'NONE', *, *, #9803, .F. ) ;
#10146 = EDGE_LOOP ( 'NONE', ( #1505, #5464 ) ) ;
#10147 = CARTESIAN_POINT ( 'NONE',  ( -6.985000000000000320, 0.3750000000000000000, 3.175000000000000711 ) ) ;
#10148 = ORIENTED_EDGE ( 'NONE', *, *, #2897, .F. ) ;
#10149 = VERTEX_POINT ( 'NONE', #149 ) ;
#10150 = SURFACE_STYLE_FILL_AREA ( #956 ) ;
#10151 = DIRECTION ( 'NONE',  ( 1.000000000000000000, 0.000000000000000000, 0.000000000000000000 ) ) ;
#10152 = AXIS2_PLACEMENT_3D ( 'NONE', #7846, #10279, #7010 ) ;
#10153 = SURFACE_STYLE_USAGE ( .BOTH. , #6882 ) ;
#10154 = DIRECTION ( 'NONE',  ( 0.000000000000000000, 0.000000000000000000, -1.000000000000000000 ) ) ;
#10155 = CARTESIAN_POINT ( 'NONE',  ( -7.500000000000005329, 0.7000000000000000666, -7.499999999999998224 ) ) ;
#10156 = ADVANCED_FACE ( 'NONE', ( #9720 ), #10212, .F. ) ;
#10157 = CIRCLE ( 'NONE', #3955, 0.3750000000000000000 ) ;
#10158 = AXIS2_PLACEMENT_3D ( 'NONE', #10051, #10111, #6674 ) ;
#10159 = DIRECTION ( 'NONE',  ( 1.000000000000000000, 0.000000000000000000, 0.000000000000000000 ) ) ;
#10160 = EDGE_CURVE ( 'NONE', #2811, #2921, #286, .T. ) ;
#10161 = DIRECTION ( 'NONE',  ( 1.000000000000000000, 0.000000000000000000, 0.000000000000000000 ) ) ;
#10162 = CIRCLE ( 'NONE', #6802, 0.1870828693386972497 ) ;
#10163 = EDGE_LOOP ( 'NONE', ( #1316, #3411, #3092 ) ) ;
#10164 = STYLED_ITEM ( 'NONE', ( #5670 ), #9784 ) ;
#10165 = VERTEX_POINT ( 'NONE', #7090 ) ;
#10166 = DIRECTION ( 'NONE',  ( 1.000000000000000000, 0.000000000000000000, 0.000000000000000000 ) ) ;
#10167 = MANIFOLD_SOLID_BREP ( 'LPattern1[96]', #1413 ) ;
#10168 = AXIS2_PLACEMENT_3D ( 'NONE', #2587, #8393, #6604 ) ;
#10169 = EDGE_LOOP ( 'NONE', ( #3526, #6576 ) ) ;
#10170 = DIRECTION ( 'NONE',  ( 1.000000000000000000, 0.000000000000000000, 0.000000000000000000 ) ) ;
#10171 = PLANE ( 'NONE',  #4876 ) ;
#10172 = DIRECTION ( 'NONE',  ( 1.000000000000000000, 0.000000000000000000, 0.000000000000000000 ) ) ;
#10173 = AXIS2_PLACEMENT_3D ( 'NONE', #2460, #8496, #6766 ) ;
#10174 = MECHANICAL_DESIGN_GEOMETRIC_PRESENTATION_REPRESENTATION (  '', ( #2873 ), #10878 ) ;
#10175 = FACE_OUTER_BOUND ( 'NONE', #3077, .T. ) ;
#10176 = EDGE_CURVE ( 'NONE', #2707, #1295, #4592, .T. ) ;
#10177 = AXIS2_PLACEMENT_3D ( 'NONE', #7155, #10543, #6354 ) ;
#10178 =( NAMED_UNIT ( * ) SI_UNIT ( $, .STERADIAN. ) SOLID_ANGLE_UNIT ( ) );
#10179 = PRESENTATION_STYLE_ASSIGNMENT (( #8467 ) ) ;
#10180 = STYLED_ITEM ( 'NONE', ( #828 ), #3153 ) ;
#10181 = FACE_OUTER_BOUND ( 'NONE', #7639, .T. ) ;
#10182 = STYLED_ITEM ( 'NONE', ( #8239 ), #6214 ) ;
#10183 = ORIENTED_EDGE ( 'NONE', *, *, #8690, .T. ) ;
#10184 = DIRECTION ( 'NONE',  ( 0.000000000000000000, 0.000000000000000000, 1.000000000000000000 ) ) ;
#10185 = CIRCLE ( 'NONE', #2505, 0.3750000000000003331 ) ;
#10186 = FACE_OUTER_BOUND ( 'NONE', #8269, .T. ) ;
#10187 = CIRCLE ( 'NONE', #3611, 0.3750000000000000000 ) ;
#10188 = MANIFOLD_SOLID_BREP ( 'LPattern1[123]', #3394 ) ;
#10189 = CARTESIAN_POINT ( 'NONE',  ( 5.715000000000000746, 0.6999999999999998446, -4.444999999999999396 ) ) ;
#10190 = PRESENTATION_STYLE_ASSIGNMENT (( #5833 ) ) ;
#10191 = VERTEX_POINT ( 'NONE', #3804 ) ;
#10192 = CARTESIAN_POINT ( 'NONE',  ( 5.902082869338697968, 0.6999999999999998446, 0.6350000000000001199 ) ) ;
#10193 = PRESENTATION_LAYER_ASSIGNMENT (  '', '', ( #3967 ) ) ;
#10194 = ORIENTED_EDGE ( 'NONE', *, *, #8343, .T. ) ;
#10195 = CARTESIAN_POINT ( 'NONE',  ( -1.717917130661303249, 0.6999999999999998446, 0.6350000000000001199 ) ) ;
#10196 = FACE_OUTER_BOUND ( 'NONE', #5946, .T. ) ;
#10197 = ORIENTED_EDGE ( 'NONE', *, *, #2392, .T. ) ;
#10198 = CIRCLE ( 'NONE', #1997, 0.1870828693386972497 ) ;
#10199 = FILL_AREA_STYLE ('',( #5960 ) ) ;
#10200 = MANIFOLD_SOLID_BREP ( 'Split1[1]', #6401 ) ;
#10201 = ORIENTED_EDGE ( 'NONE', *, *, #3956, .T. ) ;
#10202 = EDGE_LOOP ( 'NONE', ( #10329, #9085 ) ) ;
#10203 = AXIS2_PLACEMENT_3D ( 'NONE', #10232, #1595, #9210 ) ;
#10204 = EDGE_CURVE ( 'NONE', #5489, #9883, #5458, .T. ) ;
#10205 = DIRECTION ( 'NONE',  ( 1.000000000000000000, 0.000000000000000000, 0.000000000000000000 ) ) ;
#10206 = ORIENTED_EDGE ( 'NONE', *, *, #874, .T. ) ;
#10207 = UNCERTAINTY_MEASURE_WITH_UNIT (LENGTH_MEASURE( 1.000000000000000082E-05 ), #8700, 'distance_accuracy_value', 'NONE');
#10208 = ORIENTED_EDGE ( 'NONE', *, *, #10622, .F. ) ;
#10209 = EDGE_CURVE ( 'NONE', #9303, #4568, #10994, .T. ) ;
#10210 = SPHERICAL_SURFACE ( 'NONE', #6989, 0.3750000000000000000 ) ;
#10211 = CIRCLE ( 'NONE', #5395, 0.3750000000000000000 ) ;
#10212 = PLANE ( 'NONE',  #7968 ) ;
#10213 = CARTESIAN_POINT ( 'NONE',  ( 6.985000000000000320, 0.3750000000000000000, -0.6349999999999992317 ) ) ;
#10214 = FACE_OUTER_BOUND ( 'NONE', #8100, .T. ) ;
#10215 = CIRCLE ( 'NONE', #4519, 0.1870828693386972497 ) ;
#10216 = DIRECTION ( 'NONE',  ( 0.000000000000000000, 0.000000000000000000, -1.000000000000000000 ) ) ;
#10217 = SURFACE_SIDE_STYLE ('',( #10101 ) ) ;
#10218 = CARTESIAN_POINT ( 'NONE',  ( 1.904999999999999583, 0.3750000000000000000, 3.175000000000000711 ) ) ;
#10219 = ORIENTED_EDGE ( 'NONE', *, *, #8182, .F. ) ;
#10220 = DIRECTION ( 'NONE',  ( 1.000000000000000000, 0.000000000000000000, 0.000000000000000000 ) ) ;
#10221 = MANIFOLD_SOLID_BREP ( 'LPattern1[35]', #9052 ) ;
#10222 = ORIENTED_EDGE ( 'NONE', *, *, #10495, .F. ) ;
#10223 = ADVANCED_FACE ( 'NONE', ( #10971 ), #2327, .T. ) ;
#10224 = DIRECTION ( 'NONE',  ( 1.000000000000000000, 0.000000000000000000, 0.000000000000000000 ) ) ;
#10225 = EDGE_CURVE ( 'NONE', #9549, #4290, #6732, .T. ) ;
#10226 = CARTESIAN_POINT ( 'NONE',  ( -3.362082869338697932, 0.6999999999999998446, -0.6349999999999992317 ) ) ;
#10227 = PLANE ( 'NONE',  #2628 ) ;
#10228 = CARTESIAN_POINT ( 'NONE',  ( 5.715000000000000746, 0.6999999999999998446, -5.714999999999999858 ) ) ;
#10229 = CARTESIAN_POINT ( 'NONE',  ( -0.6350000000000001199, 0.6999999999999999556, 1.905000000000000471 ) ) ;
#10230 = SPHERICAL_SURFACE ( 'NONE', #1245, 0.3750000000000000000 ) ;
#10231 =( NAMED_UNIT ( * ) PLANE_ANGLE_UNIT ( ) SI_UNIT ( $, .RADIAN. ) );
#10232 = CARTESIAN_POINT ( 'NONE',  ( -1.905000000000000471, 0.6999999999999998446, -3.174999999999999822 ) ) ;
#10233 = ADVANCED_FACE ( 'NONE', ( #7474 ), #6808, .T. ) ;
#10234 = SPHERICAL_SURFACE ( 'NONE', #3726, 0.3750000000000000000 ) ;
#10235 = MANIFOLD_SOLID_BREP ( 'LPattern1[79]', #1934 ) ;
#10236 = CARTESIAN_POINT ( 'NONE',  ( 1.904999999999999583, 0.6999999999999998446, 6.985000000000001208 ) ) ;
#10237 = AXIS2_PLACEMENT_3D ( 'NONE', #6456, #2216, #5607 ) ;
#10238 = FILL_AREA_STYLE_COLOUR ( '', #1359 ) ;
#10239 =( GEOMETRIC_REPRESENTATION_CONTEXT ( 3 ) GLOBAL_UNCERTAINTY_ASSIGNED_CONTEXT ( ( #8659 ) ) GLOBAL_UNIT_ASSIGNED_CONTEXT ( ( #5772, #5066, #3234 ) ) REPRESENTATION_CONTEXT ( 'NONE', 'WORKASPACE' ) );
#10240 = VERTEX_POINT ( 'NONE', #2441 ) ;
#10241 = CARTESIAN_POINT ( 'NONE',  ( -3.175000000000000711, 0.6999999999999999556, -5.714999999999999858 ) ) ;
#10242 = DIRECTION ( 'NONE',  ( 0.000000000000000000, 1.000000000000000000, 0.000000000000000000 ) ) ;
#10243 = COLOUR_RGB ( '',0.7921568627450980005, 0.8196078431372548767, 0.9333333333333333481 ) ;
#10244 =( NAMED_UNIT ( * ) SI_UNIT ( $, .STERADIAN. ) SOLID_ANGLE_UNIT ( ) );
#10245 = ORIENTED_EDGE ( 'NONE', *, *, #3134, .T. ) ;
#10246 = AXIS2_PLACEMENT_3D ( 'NONE', #9792, #2181, #5577 ) ;
#10247 =( GEOMETRIC_REPRESENTATION_CONTEXT ( 3 ) GLOBAL_UNCERTAINTY_ASSIGNED_CONTEXT ( ( #6877 ) ) GLOBAL_UNIT_ASSIGNED_CONTEXT ( ( #2270, #10805, #10065 ) ) REPRESENTATION_CONTEXT ( 'NONE', 'WORKASPACE' ) );
#10248 = SURFACE_SIDE_STYLE ('',( #136 ) ) ;
#10249 = MANIFOLD_SOLID_BREP ( 'LPattern1[85]', #9749 ) ;
#10250 = VERTEX_POINT ( 'NONE', #9161 ) ;
#10251 = FACE_OUTER_BOUND ( 'NONE', #7835, .T. ) ;
#10252 = ORIENTED_EDGE ( 'NONE', *, *, #1083, .T. ) ;
#10253 = CARTESIAN_POINT ( 'NONE',  ( -6.000000000000005329, 5.120000000000000107, -5.399999999999998579 ) ) ;
#10254 = AXIS2_PLACEMENT_3D ( 'NONE', #3350, #9339, #7477 ) ;
#10255 = ORIENTED_EDGE ( 'NONE', *, *, #732, .F. ) ;
#10256 = CIRCLE ( 'NONE', #10972, 0.3750000000000003331 ) ;
#10257 = ORIENTED_EDGE ( 'NONE', *, *, #8397, .T. ) ;
#10258 = PLANE ( 'NONE',  #6633 ) ;
#10259 = DIRECTION ( 'NONE',  ( 0.000000000000000000, 0.000000000000000000, -1.000000000000000000 ) ) ;
#10260 = CARTESIAN_POINT ( 'NONE',  ( -1.905000000000000471, 0.3750000000000000000, -1.904999999999999583 ) ) ;
#10261 = CARTESIAN_POINT ( 'NONE',  ( 3.174999999999999822, 0.6999999999999998446, -3.174999999999999822 ) ) ;
#10262 = CIRCLE ( 'NONE', #2256, 0.1870828693386972497 ) ;
#10264 = EDGE_CURVE ( 'NONE', #6589, #3075, #9216, .T. ) ;
#10263 = COLOUR_RGB ( '',0.7921568627450980005, 0.8196078431372548767, 0.9333333333333333481 ) ;
#10265 = DIRECTION ( 'NONE',  ( -0.000000000000000000, 1.000000000000000000, -0.000000000000000000 ) ) ;
#10266 = EDGE_LOOP ( 'NONE', ( #6735, #3787 ) ) ;
#10267 = CARTESIAN_POINT ( 'NONE',  ( 4.445000000000000284, 0.6999999999999999556, 0.6350000000000001199 ) ) ;
#10268 = MANIFOLD_SOLID_BREP ( 'LPattern1[22]', #4793 ) ;
#10269 = ORIENTED_EDGE ( 'NONE', *, *, #8551, .F. ) ;
#10270 = DIRECTION ( 'NONE',  ( -1.000000000000000000, 0.000000000000000000, 0.000000000000000000 ) ) ;
#10271 = CARTESIAN_POINT ( 'NONE',  ( 3.174999999999999822, 0.6999999999999999556, -0.6349999999999992317 ) ) ;
#10272 = EDGE_LOOP ( 'NONE', ( #779, #2798, #8235 ) ) ;
#10273 = AXIS2_PLACEMENT_3D ( 'NONE', #1409, #4805, #10728 ) ;
#10274 = DIRECTION ( 'NONE',  ( -1.000000000000000000, 0.000000000000000000, 0.000000000000000000 ) ) ;
#10275 = DIRECTION ( 'NONE',  ( -1.000000000000000000, 0.000000000000000000, 0.000000000000000000 ) ) ;
#10276 = ADVANCED_FACE ( 'NONE', ( #4354 ), #4405, .T. ) ;
#10277 = SURFACE_STYLE_FILL_AREA ( #2051 ) ;
#10278 = ADVANCED_FACE ( 'NONE', ( #3622 ), #2832, .T. ) ;
#10279 = DIRECTION ( 'NONE',  ( -0.000000000000000000, 1.000000000000000000, -0.000000000000000000 ) ) ;
#10280 = AXIS2_PLACEMENT_3D ( 'NONE', #4268, #5921, #9190 ) ;
#10281 = EDGE_LOOP ( 'NONE', ( #3512, #4825 ) ) ;
#10282 = SURFACE_SIDE_STYLE ('',( #2556 ) ) ;
#10283 = CARTESIAN_POINT ( 'NONE',  ( -0.6350000000000001199, 0.6999999999999998446, 6.985000000000001208 ) ) ;
#10284 = PRESENTATION_LAYER_ASSIGNMENT (  '', '', ( #4253 ) ) ;
#10285 = PLANE ( 'NONE',  #5143 ) ;
#10286 = MANIFOLD_SOLID_BREP ( 'LPattern1[108]', #3740 ) ;
#10287 = CARTESIAN_POINT ( 'NONE',  ( 4.445000000000000284, 0.3750000000000000000, 1.905000000000000471 ) ) ;
#10288 = ADVANCED_FACE ( 'NONE', ( #3884 ), #9439, .F. ) ;
#10289 =( GEOMETRIC_REPRESENTATION_CONTEXT ( 3 ) GLOBAL_UNCERTAINTY_ASSIGNED_CONTEXT ( ( #1851 ) ) GLOBAL_UNIT_ASSIGNED_CONTEXT ( ( #2854, #96, #1170 ) ) REPRESENTATION_CONTEXT ( 'NONE', 'WORKASPACE' ) );
#10290 = EDGE_LOOP ( 'NONE', ( #9026, #843 ) ) ;
#10291 =( GEOMETRIC_REPRESENTATION_CONTEXT ( 3 ) GLOBAL_UNCERTAINTY_ASSIGNED_CONTEXT ( ( #10074 ) ) GLOBAL_UNIT_ASSIGNED_CONTEXT ( ( #8200, #10763, #10653 ) ) REPRESENTATION_CONTEXT ( 'NONE', 'WORKASPACE' ) );
#10292 = ADVANCED_FACE ( 'NONE', ( #8071 ), #2939, .T. ) ;
#10293 = DIRECTION ( 'NONE',  ( 1.224646799147353207E-16, 0.000000000000000000, -1.000000000000000000 ) ) ;
#10294 = DIRECTION ( 'NONE',  ( 0.000000000000000000, -0.000000000000000000, -1.000000000000000000 ) ) ;
#10295 = AXIS2_PLACEMENT_3D ( 'NONE', #758, #8473, #4173 ) ;
#10296 = ORIENTED_EDGE ( 'NONE', *, *, #6325, .F. ) ;
#10297 = CIRCLE ( 'NONE', #8698, 0.1870828693386972497 ) ;
#10298 = FACE_OUTER_BOUND ( 'NONE', #5871, .T. ) ;
#10299 = EDGE_CURVE ( 'NONE', #4318, #682, #3717, .T. ) ;
#10300 = MANIFOLD_SOLID_BREP ( 'LPattern1[141]', #1239 ) ;
#10301 = AXIS2_PLACEMENT_3D ( 'NONE', #6145, #1022, #3660 ) ;
#10302 = ORIENTED_EDGE ( 'NONE', *, *, #4093, .F. ) ;
#10303 = CIRCLE ( 'NONE', #1721, 0.3750000000000003331 ) ;
#10304 = EDGE_CURVE ( 'NONE', #6097, #878, #5467, .T. ) ;
#10305 = CARTESIAN_POINT ( 'NONE',  ( 2.092082869338697027, 0.6999999999999998446, -1.904999999999999583 ) ) ;
#10306 = CLOSED_SHELL ( 'NONE', ( #1758, #678, #8976 ) ) ;
#10307 = ORIENTED_EDGE ( 'NONE', *, *, #8056, .T. ) ;
#10308 =( NAMED_UNIT ( * ) SI_UNIT ( $, .STERADIAN. ) SOLID_ANGLE_UNIT ( ) );
#10309 = UNCERTAINTY_MEASURE_WITH_UNIT (LENGTH_MEASURE( 1.000000000000000082E-05 ), #2498, 'distance_accuracy_value', 'NONE');
#10310 = ORIENTED_EDGE ( 'NONE', *, *, #6199, .T. ) ;
#10311 = CARTESIAN_POINT ( 'NONE',  ( 4.445000000000000284, 0.6999999999999998446, -6.985000000000000320 ) ) ;
#10312 = DIRECTION ( 'NONE',  ( 1.000000000000000000, 0.000000000000000000, 0.000000000000000000 ) ) ;
#10313 =( LENGTH_UNIT ( ) NAMED_UNIT ( * ) SI_UNIT ( .MILLI., .METRE. ) );
#10314 = DIRECTION ( 'NONE',  ( -0.000000000000000000, 1.000000000000000000, -0.000000000000000000 ) ) ;
#10315 = CLOSED_SHELL ( 'NONE', ( #8099, #8786, #9635 ) ) ;
#10316 = DIRECTION ( 'NONE',  ( 0.000000000000000000, -1.000000000000000000, 0.000000000000000000 ) ) ;
#10317 = FILL_AREA_STYLE ('',( #8763 ) ) ;
#10318 = MECHANICAL_DESIGN_GEOMETRIC_PRESENTATION_REPRESENTATION (  '', ( #8191 ), #7123 ) ;
#10319 = CARTESIAN_POINT ( 'NONE',  ( 4.445000000000000284, 0.6999999999999999556, 4.445000000000001172 ) ) ;
#10320 = ORIENTED_EDGE ( 'NONE', *, *, #6861, .T. ) ;
#10321 = SPHERICAL_SURFACE ( 'NONE', #7067, 0.3750000000000000000 ) ;
#10322 = MANIFOLD_SOLID_BREP ( 'LPattern1[38]', #4286 ) ;
#10323 = ADVANCED_FACE ( 'NONE', ( #9750 ), #4767, .T. ) ;
#10324 = VECTOR ( 'NONE', #8725, 1000.000000000000000 ) ;
#10325 = UNCERTAINTY_MEASURE_WITH_UNIT (LENGTH_MEASURE( 1.000000000000000082E-05 ), #8079, 'distance_accuracy_value', 'NONE');
#10326 = ORIENTED_EDGE ( 'NONE', *, *, #1644, .T. ) ;
#10327 = CARTESIAN_POINT ( 'NONE',  ( 2.987917130661302600, 0.6999999999999998446, 0.6350000000000001199 ) ) ;
#10328 = CARTESIAN_POINT ( 'NONE',  ( -3.175000000000000711, 0.000000000000000000, 3.175000000000000711 ) ) ;
#10329 = ORIENTED_EDGE ( 'NONE', *, *, #9910, .T. ) ;
#10330 = AXIS2_PLACEMENT_3D ( 'NONE', #3725, #126, #7065 ) ;
#10331 = DIRECTION ( 'NONE',  ( -0.000000000000000000, 1.000000000000000000, -0.000000000000000000 ) ) ;
#10332 = DIRECTION ( 'NONE',  ( 0.000000000000000000, 0.000000000000000000, 1.000000000000000000 ) ) ;
#10333 = DIRECTION ( 'NONE',  ( 0.000000000000000000, 0.000000000000000000, 1.000000000000000000 ) ) ;
#10334 = AXIS2_PLACEMENT_3D ( 'NONE', #1523, #8396, #731 ) ;
#10335 = AXIS2_PLACEMENT_3D ( 'NONE', #605, #6371, #5643 ) ;
#10336 = DIRECTION ( 'NONE',  ( -0.000000000000000000, 1.000000000000000000, -0.000000000000000000 ) ) ;
#10337 = EDGE_CURVE ( 'NONE', #4198, #6277, #7269, .T. ) ;
#10338 = SURFACE_SIDE_STYLE ('',( #5266 ) ) ;
#10339 = ORIENTED_EDGE ( 'NONE', *, *, #7302, .T. ) ;
#10340 = FILL_AREA_STYLE ('',( #5161 ) ) ;
#10341 = CARTESIAN_POINT ( 'NONE',  ( -6.985000000000000320, 0.3750000000000000000, -1.904999999999999583 ) ) ;
#10342 = AXIS2_PLACEMENT_3D ( 'NONE', #544, #2114, #7387 ) ;
#10343 =( NAMED_UNIT ( * ) SI_UNIT ( $, .STERADIAN. ) SOLID_ANGLE_UNIT ( ) );
#10344 = EDGE_CURVE ( 'NONE', #6996, #7465, #1914, .T. ) ;
#10345 = DIRECTION ( 'NONE',  ( 1.224646799147353207E-16, 0.000000000000000000, -1.000000000000000000 ) ) ;
#10346 = MANIFOLD_SOLID_BREP ( 'LPattern1[142]', #681 ) ;
#10347 = AXIS2_PLACEMENT_3D ( 'NONE', #6086, #6130, #8762 ) ;
#10348 = CARTESIAN_POINT ( 'NONE',  ( 6.985000000000000320, 0.000000000000000000, -0.6349999999999992317 ) ) ;
#10349 = PRESENTATION_LAYER_ASSIGNMENT (  '', '', ( #4128 ) ) ;
#10350 = DIRECTION ( 'NONE',  ( 1.000000000000000000, 0.000000000000000000, 0.000000000000000000 ) ) ;
#10351 = CIRCLE ( 'NONE', #8416, 0.1870828693386972497 ) ;
#10352 = CIRCLE ( 'NONE', #543, 0.3750000000000003331 ) ;
#10353 = EDGE_LOOP ( 'NONE', ( #6695, #8414, #3548 ) ) ;
#10354 = SPHERICAL_SURFACE ( 'NONE', #1357, 0.3750000000000000000 ) ;
#10355 = AXIS2_PLACEMENT_3D ( 'NONE', #10723, #8104, #1515 ) ;
#10356 = CARTESIAN_POINT ( 'NONE',  ( 1.904999999999999583, 0.6999999999999998446, 3.175000000000000711 ) ) ;
#10357 = MECHANICAL_DESIGN_GEOMETRIC_PRESENTATION_REPRESENTATION (  '', ( #551 ), #1640 ) ;
#10358 = PRESENTATION_STYLE_ASSIGNMENT (( #6970 ) ) ;
#10359 = VERTEX_POINT ( 'NONE', #5882 ) ;
#10360 = ADVANCED_FACE ( 'NONE', ( #9934 ), #3287, .F. ) ;
#10361 = EDGE_CURVE ( 'NONE', #6893, #6000, #8688, .T. ) ;
#10362 = STYLED_ITEM ( 'NONE', ( #3156 ), #3001 ) ;
#10363 = MANIFOLD_SOLID_BREP ( 'LPattern1[80]', #5874 ) ;
#10364 = ORIENTED_EDGE ( 'NONE', *, *, #1894, .F. ) ;
#10365 = FACE_OUTER_BOUND ( 'NONE', #3644, .T. ) ;
#10366 = ORIENTED_EDGE ( 'NONE', *, *, #7789, .T. ) ;
#10367 = CIRCLE ( 'NONE', #31, 0.3750000000000003331 ) ;
#10368 = EDGE_LOOP ( 'NONE', ( #4418, #668 ) ) ;
#10369 = DIRECTION ( 'NONE',  ( 1.224646799147353207E-16, 0.000000000000000000, -1.000000000000000000 ) ) ;
#10370 = EDGE_CURVE ( 'NONE', #2510, #8904, #6624, .T. ) ;
#10371 = FACE_OUTER_BOUND ( 'NONE', #6144, .T. ) ;
#10372 = COLOUR_RGB ( '',0.2509803921568627416, 0.2509803921568627416, 0.2509803921568627416 ) ;
#10373 = CARTESIAN_POINT ( 'NONE',  ( -4.257917130661303950, 0.6999999999999998446, 0.6350000000000001199 ) ) ;
#10374 = CARTESIAN_POINT ( 'NONE',  ( -6.985000000000000320, 0.6999999999999999556, 0.6350000000000001199 ) ) ;
#10375 = FILL_AREA_STYLE_COLOUR ( '', #741 ) ;
#10376 = AXIS2_PLACEMENT_3D ( 'NONE', #7749, #5067, #67 ) ;
#10377 = CARTESIAN_POINT ( 'NONE',  ( -0.6350000000000001199, 0.6999999999999999556, 4.445000000000001172 ) ) ;
#10378 = AXIS2_PLACEMENT_3D ( 'NONE', #3128, #6519, #9288 ) ;
#10379 = ORIENTED_EDGE ( 'NONE', *, *, #5120, .T. ) ;
#10380 = DIRECTION ( 'NONE',  ( 1.000000000000000000, 0.000000000000000000, 0.000000000000000000 ) ) ;
#10381 = MANIFOLD_SOLID_BREP ( 'LPattern1[105]', #5698 ) ;
#10382 = COLOUR_RGB ( '',0.7921568627450980005, 0.8196078431372548767, 0.9333333333333333481 ) ;
#10383 = ORIENTED_EDGE ( 'NONE', *, *, #9786, .F. ) ;
#10384 = FACE_OUTER_BOUND ( 'NONE', #10075, .T. ) ;
#10385 = CARTESIAN_POINT ( 'NONE',  ( -6.985000000000000320, 0.6999999999999998446, 5.715000000000001634 ) ) ;
#10386 = CIRCLE ( 'NONE', #2571, 0.1870828693386972497 ) ;
#10387 = ORIENTED_EDGE ( 'NONE', *, *, #1577, .T. ) ;
#10388 = DIRECTION ( 'NONE',  ( 0.000000000000000000, -1.000000000000000000, 0.000000000000000000 ) ) ;
#10389 = CARTESIAN_POINT ( 'NONE',  ( 5.715000000000000746, 0.6999999999999998446, 6.985000000000001208 ) ) ;
#10390 = CARTESIAN_POINT ( 'NONE',  ( -4.632082869338698394, 0.6999999999999998446, 6.985000000000001208 ) ) ;
#10391 = CARTESIAN_POINT ( 'NONE',  ( -4.632082869338698394, 0.6999999999999998446, -5.714999999999999858 ) ) ;
#10392 =( NAMED_UNIT ( * ) SI_UNIT ( $, .STERADIAN. ) SOLID_ANGLE_UNIT ( ) );
#10393 = COLOUR_RGB ( '',0.7921568627450980005, 0.8196078431372548767, 0.9333333333333333481 ) ;
#10394 = AXIS2_PLACEMENT_3D ( 'NONE', #7510, #3547, #108 ) ;
#10395 = DIRECTION ( 'NONE',  ( 1.224646799147353207E-16, 0.000000000000000000, -1.000000000000000000 ) ) ;
#10396 = DIRECTION ( 'NONE',  ( 1.000000000000000000, 0.000000000000000000, 0.000000000000000000 ) ) ;
#10397 = FILL_AREA_STYLE ('',( #2665 ) ) ;
#10398 = CARTESIAN_POINT ( 'NONE',  ( -4.445000000000001172, 0.3750000000000000000, -4.444999999999999396 ) ) ;
#10399 = MANIFOLD_SOLID_BREP ( 'LPattern1[60]', #2298 ) ;
#10400 = DIRECTION ( 'NONE',  ( 0.000000000000000000, 0.000000000000000000, 1.000000000000000000 ) ) ;
#10401 = VERTEX_POINT ( 'NONE', #5059 ) ;
#10402 = FACE_OUTER_BOUND ( 'NONE', #10533, .T. ) ;
#10403 = ADVANCED_FACE ( 'NONE', ( #5110 ), #8520, .T. ) ;
#10404 = DIRECTION ( 'NONE',  ( 1.000000000000000000, 0.000000000000000000, 0.000000000000000000 ) ) ;
#10405 = FACE_OUTER_BOUND ( 'NONE', #9231, .T. ) ;
#10406 = ORIENTED_EDGE ( 'NONE', *, *, #7712, .T. ) ;
#10407 = AXIS2_PLACEMENT_3D ( 'NONE', #935, #2436, #1706 ) ;
#10408 = STYLED_ITEM ( 'NONE', ( #341 ), #2789 ) ;
#10409 = SURFACE_STYLE_FILL_AREA ( #6072 ) ;
#10410 = MANIFOLD_SOLID_BREP ( 'LPattern1[143]', #7679 ) ;
#10411 = ORIENTED_EDGE ( 'NONE', *, *, #7399, .T. ) ;
#10412 = PRESENTATION_STYLE_ASSIGNMENT (( #7927 ) ) ;
#10414 = ADVANCED_FACE ( 'NONE', ( #2657 ), #6853, .T. ) ;
#10413 = AXIS2_PLACEMENT_3D ( 'NONE', #10287, #816, #5952 ) ;
#10415 = ADVANCED_FACE ( 'NONE', ( #4344 ), #5264, .F. ) ;
#10416 = CARTESIAN_POINT ( 'NONE',  ( 0.6349999999999992317, 0.6999999999999999556, -1.904999999999999583 ) ) ;
#10417 = ORIENTED_EDGE ( 'NONE', *, *, #4653, .F. ) ;
#10418 = DIRECTION ( 'NONE',  ( 1.224646799147353207E-16, 0.000000000000000000, -1.000000000000000000 ) ) ;
#10419 =( NAMED_UNIT ( * ) PLANE_ANGLE_UNIT ( ) SI_UNIT ( $, .RADIAN. ) );
#10420 =( GEOMETRIC_REPRESENTATION_CONTEXT ( 3 ) GLOBAL_UNCERTAINTY_ASSIGNED_CONTEXT ( ( #3654 ) ) GLOBAL_UNIT_ASSIGNED_CONTEXT ( ( #7509, #5652, #9042 ) ) REPRESENTATION_CONTEXT ( 'NONE', 'WORKASPACE' ) );
#10421 = UNCERTAINTY_MEASURE_WITH_UNIT (LENGTH_MEASURE( 1.000000000000000082E-05 ), #10929, 'distance_accuracy_value', 'NONE');
#10422 = EDGE_LOOP ( 'NONE', ( #3404, #9731, #6541 ) ) ;
#10423 = CARTESIAN_POINT ( 'NONE',  ( -4.445000000000001172, 0.6999999999999998446, -5.714999999999999858 ) ) ;
#10424 = PLANE ( 'NONE',  #6458 ) ;
#10425 = CARTESIAN_POINT ( 'NONE',  ( 1.904999999999999583, 0.3750000000000000000, -6.985000000000000320 ) ) ;
#10426 = CARTESIAN_POINT ( 'NONE',  ( -6.985000000000000320, 0.6999999999999998446, 6.985000000000001208 ) ) ;
#10427 =( NAMED_UNIT ( * ) PLANE_ANGLE_UNIT ( ) SI_UNIT ( $, .RADIAN. ) );
#10428 = ADVANCED_FACE ( 'NONE', ( #8668 ), #8621, .T. ) ;
#10429 = ADVANCED_FACE ( 'NONE', ( #1229 ), #2227, .T. ) ;
#10430 = CIRCLE ( 'NONE', #4735, 0.3749999999999998890 ) ;
#10431 = CARTESIAN_POINT ( 'NONE',  ( -3.175000000000000711, 0.000000000000000000, 6.985000000000001208 ) ) ;
#10432 =( GEOMETRIC_REPRESENTATION_CONTEXT ( 3 ) GLOBAL_UNCERTAINTY_ASSIGNED_CONTEXT ( ( #145 ) ) GLOBAL_UNIT_ASSIGNED_CONTEXT ( ( #3684, #9544, #85 ) ) REPRESENTATION_CONTEXT ( 'NONE', 'WORKASPACE' ) );
#10433 = EDGE_CURVE ( 'NONE', #2219, #459, #2998, .T. ) ;
#10434 = VERTEX_POINT ( 'NONE', #4693 ) ;
#10435 = DIRECTION ( 'NONE',  ( 1.000000000000000000, 0.000000000000000000, 0.000000000000000000 ) ) ;
#10436 = MANIFOLD_SOLID_BREP ( 'LPattern1[8]', #11038 ) ;
#10437 = UNCERTAINTY_MEASURE_WITH_UNIT (LENGTH_MEASURE( 1.000000000000000082E-05 ), #9197, 'distance_accuracy_value', 'NONE');
#10438 = VERTEX_POINT ( 'NONE', #5573 ) ;
#10439 = DIRECTION ( 'NONE',  ( 0.000000000000000000, -0.000000000000000000, -1.000000000000000000 ) ) ;
#10440 = CARTESIAN_POINT ( 'NONE',  ( 6.985000000000000320, 0.3750000000000000000, 3.175000000000000711 ) ) ;
#10441 = ORIENTED_EDGE ( 'NONE', *, *, #5583, .T. ) ;
#10442 = PRESENTATION_STYLE_ASSIGNMENT (( #4646 ) ) ;
#10443 = AXIS2_PLACEMENT_3D ( 'NONE', #6640, #2502, #5900 ) ;
#10444 = DIRECTION ( 'NONE',  ( 1.000000000000000000, 0.000000000000000000, 0.000000000000000000 ) ) ;
#10445 = FACE_OUTER_BOUND ( 'NONE', #5660, .T. ) ;
#10446 = DIRECTION ( 'NONE',  ( -0.000000000000000000, 1.000000000000000000, -0.000000000000000000 ) ) ;
#10447 = COLOUR_RGB ( '',0.7921568627450980005, 0.8196078431372548767, 0.9333333333333333481 ) ;
#10448 = DIRECTION ( 'NONE',  ( -0.000000000000000000, 1.000000000000000000, -0.000000000000000000 ) ) ;
#10449 = ADVANCED_FACE ( 'NONE', ( #8263 ), #3027, .T. ) ;
#10450 = DIRECTION ( 'NONE',  ( -0.000000000000000000, 1.000000000000000000, -0.000000000000000000 ) ) ;
#10451 = EDGE_CURVE ( 'NONE', #2036, #1258, #8536, .T. ) ;
#10452 = PRESENTATION_STYLE_ASSIGNMENT (( #5374 ) ) ;
#10453 = AXIS2_PLACEMENT_3D ( 'NONE', #9875, #3228, #8412 ) ;
#10454 = FILL_AREA_STYLE_COLOUR ( '', #4202 ) ;
#10455 = CARTESIAN_POINT ( 'NONE',  ( -7.172082869338698430, 0.6999999999999998446, -1.904999999999999583 ) ) ;
#10456 = CARTESIAN_POINT ( 'NONE',  ( -6.797917130661303098, 0.6999999999999998446, 4.445000000000001172 ) ) ;
#10457 = SPHERICAL_SURFACE ( 'NONE', #3383, 0.3750000000000000000 ) ;
#10458 = MANIFOLD_SOLID_BREP ( 'Boss-Extrude2', #3565 ) ;
#10459 = CARTESIAN_POINT ( 'NONE',  ( 1.904999999999999583, 0.6999999999999998446, 5.715000000000001634 ) ) ;
#10460 = AXIS2_PLACEMENT_3D ( 'NONE', #8809, #1890, #1167 ) ;
#10461 = CIRCLE ( 'NONE', #3169, 0.3750000000000000000 ) ;
#10462 =( LENGTH_UNIT ( ) NAMED_UNIT ( * ) SI_UNIT ( .MILLI., .METRE. ) );
#10463 = ORIENTED_EDGE ( 'NONE', *, *, #10103, .T. ) ;
#10464 = ORIENTED_EDGE ( 'NONE', *, *, #3812, .F. ) ;
#10465 = FACE_OUTER_BOUND ( 'NONE', #979, .T. ) ;
#10466 = CARTESIAN_POINT ( 'NONE',  ( -1.905000000000000471, 0.3750000000000000000, -4.444999999999999396 ) ) ;
#10467 = AXIS2_PLACEMENT_3D ( 'NONE', #7809, #6158, #7753 ) ;
#10468 = SURFACE_SIDE_STYLE ('',( #7919 ) ) ;
#10469 = SURFACE_STYLE_FILL_AREA ( #7030 ) ;
#10470 = AXIS2_PLACEMENT_3D ( 'NONE', #9245, #4326, #6835 ) ;
#10471 = DIRECTION ( 'NONE',  ( 0.000000000000000000, 0.000000000000000000, 1.000000000000000000 ) ) ;
#10472 =( LENGTH_UNIT ( ) NAMED_UNIT ( * ) SI_UNIT ( .MILLI., .METRE. ) );
#10473 = MANIFOLD_SOLID_BREP ( 'LPattern1[129]', #2111 ) ;
#10474 = ORIENTED_EDGE ( 'NONE', *, *, #4755, .T. ) ;
#10475 =( LENGTH_UNIT ( ) NAMED_UNIT ( * ) SI_UNIT ( .MILLI., .METRE. ) );
#10476 = CARTESIAN_POINT ( 'NONE',  ( 5.715000000000000746, 0.6999999999999998446, 3.175000000000000711 ) ) ;
#10477 = AXIS2_PLACEMENT_3D ( 'NONE', #8356, #8808, #3082 ) ;
#10478 = ORIENTED_EDGE ( 'NONE', *, *, #5518, .T. ) ;
#10479 = FILL_AREA_STYLE_COLOUR ( '', #9517 ) ;
#10480 = SURFACE_SIDE_STYLE ('',( #3691 ) ) ;
#10481 = EDGE_LOOP ( 'NONE', ( #1822, #1690, #8236 ) ) ;
#10482 = DIRECTION ( 'NONE',  ( -0.000000000000000000, 1.000000000000000000, -0.000000000000000000 ) ) ;
#10483 = CARTESIAN_POINT ( 'NONE',  ( -6.000000000000005329, 5.070000000000000284, -5.999999999999998224 ) ) ;
#10484 = ADVANCED_FACE ( 'NONE', ( #2176 ), #8313, .F. ) ;
#10485 = EDGE_CURVE ( 'NONE', #6189, #6480, #10297, .T. ) ;
#10486 = AXIS2_PLACEMENT_3D ( 'NONE', #5937, #4225, #9202 ) ;
#10487 = DIRECTION ( 'NONE',  ( 0.000000000000000000, 0.000000000000000000, 1.000000000000000000 ) ) ;
#10488 = DIRECTION ( 'NONE',  ( 1.224646799147353207E-16, 0.000000000000000000, -1.000000000000000000 ) ) ;
#10489 = ORIENTED_EDGE ( 'NONE', *, *, #1714, .T. ) ;
#10490 = DIRECTION ( 'NONE',  ( 1.000000000000000000, 0.000000000000000000, 0.000000000000000000 ) ) ;
#10491 = MANIFOLD_SOLID_BREP ( 'LPattern1[112]', #5684 ) ;
#10492 = AXIS2_PLACEMENT_3D ( 'NONE', #5055, #11007, #7512 ) ;
#10493 = ORIENTED_EDGE ( 'NONE', *, *, #8638, .F. ) ;
#10494 = CARTESIAN_POINT ( 'NONE',  ( -4.445000000000001172, 0.3750000000000000000, -0.6349999999999992317 ) ) ;
#10495 = EDGE_CURVE ( 'NONE', #10657, #1100, #9045, .T. ) ;
#10496 = CARTESIAN_POINT ( 'NONE',  ( -7.172082869338698430, 0.6999999999999998446, 1.905000000000000471 ) ) ;
#10497 = ORIENTED_EDGE ( 'NONE', *, *, #8916, .T. ) ;
#10498 = CLOSED_SHELL ( 'NONE', ( #3538, #5317, #5554 ) ) ;
#10499 = EDGE_CURVE ( 'NONE', #6219, #1463, #2472, .T. ) ;
#10500 = SPHERICAL_SURFACE ( 'NONE', #3562, 0.3750000000000000000 ) ;
#10501 = FILL_AREA_STYLE_COLOUR ( '', #10634 ) ;
#10502 = CIRCLE ( 'NONE', #10507, 0.1870828693386972497 ) ;
#10503 = CARTESIAN_POINT ( 'NONE',  ( 1.904999999999999583, 0.3750000000000000000, -0.6349999999999992317 ) ) ;
#10504 = SURFACE_STYLE_FILL_AREA ( #3716 ) ;
#10505 = CLOSED_SHELL ( 'NONE', ( #445, #3285, #7801 ) ) ;
#10506 = CARTESIAN_POINT ( 'NONE',  ( 5.715000000000000746, 0.6999999999999998446, -3.174999999999999822 ) ) ;
#10507 = AXIS2_PLACEMENT_3D ( 'NONE', #6270, #8007, #8339 ) ;
#10508 =( NAMED_UNIT ( * ) PLANE_ANGLE_UNIT ( ) SI_UNIT ( $, .RADIAN. ) );
#10509 = CARTESIAN_POINT ( 'NONE',  ( -1.905000000000000471, 0.6999999999999999556, 4.445000000000001172 ) ) ;
#10510 = FACE_OUTER_BOUND ( 'NONE', #696, .T. ) ;
#10511 = ADVANCED_FACE ( 'NONE', ( #10251 ), #836, .T. ) ;
#10512 = MANIFOLD_SOLID_BREP ( 'LPattern1[76]', #10138 ) ;
#10513 = AXIS2_PLACEMENT_3D ( 'NONE', #5265, #4544, #7797 ) ;
#10514 = PLANE ( 'NONE',  #9960 ) ;
#10515 = AXIS2_PLACEMENT_3D ( 'NONE', #1940, #147, #2752 ) ;
#10516 = CIRCLE ( 'NONE', #1435, 0.1870828693386972497 ) ;
#10517 = FILL_AREA_STYLE ('',( #457 ) ) ;
#10518 = VERTEX_POINT ( 'NONE', #7138 ) ;
#10519 = ORIENTED_EDGE ( 'NONE', *, *, #11036, .F. ) ;
#10520 = CARTESIAN_POINT ( 'NONE',  ( 0.6349999999999992317, 0.3750000000000000000, 0.6350000000000001199 ) ) ;
#10521 = AXIS2_PLACEMENT_3D ( 'NONE', #6492, #7400, #10732 ) ;
#10522 = FACE_OUTER_BOUND ( 'NONE', #993, .T. ) ;
#10523 = AXIS2_PLACEMENT_3D ( 'NONE', #6524, #10647, #6469 ) ;
#10524 = PRESENTATION_LAYER_ASSIGNMENT (  '', '', ( #2874 ) ) ;
#10525 = CIRCLE ( 'NONE', #6428, 0.3750000000000003331 ) ;
#10526 = DIRECTION ( 'NONE',  ( -0.000000000000000000, 1.000000000000000000, -0.000000000000000000 ) ) ;
#10527 = AXIS2_PLACEMENT_3D ( 'NONE', #9403, #7871, #7766 ) ;
#10528 = COLOUR_RGB ( '',0.7921568627450980005, 0.8196078431372548767, 0.9333333333333333481 ) ;
#10529 = MANIFOLD_SOLID_BREP ( 'LPattern1[54]', #5334 ) ;
#10530 = CIRCLE ( 'NONE', #924, 0.3750000000000000000 ) ;
#10531 = ORIENTED_EDGE ( 'NONE', *, *, #1819, .F. ) ;
#10532 = SURFACE_STYLE_FILL_AREA ( #3521 ) ;
#10533 = EDGE_LOOP ( 'NONE', ( #6427, #8290, #5887 ) ) ;
#10534 = DIRECTION ( 'NONE',  ( 0.000000000000000000, 0.000000000000000000, 1.000000000000000000 ) ) ;
#10535 = ORIENTED_EDGE ( 'NONE', *, *, #2856, .T. ) ;
#10536 = DIRECTION ( 'NONE',  ( -0.000000000000000000, 1.000000000000000000, -0.000000000000000000 ) ) ;
#10537 = DIRECTION ( 'NONE',  ( 1.000000000000000000, 0.000000000000000000, 0.000000000000000000 ) ) ;
#10538 = CIRCLE ( 'NONE', #8426, 0.1870828693386972497 ) ;
#10539 = ORIENTED_EDGE ( 'NONE', *, *, #6181, .T. ) ;
#10540 = CARTESIAN_POINT ( 'NONE',  ( 6.985000000000000320, 0.3750000000000000000, -4.444999999999999396 ) ) ;
#10541 = CARTESIAN_POINT ( 'NONE',  ( -4.257917130661303950, 0.6999999999999998446, -4.444999999999999396 ) ) ;
#10542 = COLOUR_RGB ( '',0.7921568627450980005, 0.8196078431372548767, 0.9333333333333333481 ) ;
#10543 = DIRECTION ( 'NONE',  ( 0.000000000000000000, 0.000000000000000000, -1.000000000000000000 ) ) ;
#10544 = DIRECTION ( 'NONE',  ( 0.000000000000000000, -0.000000000000000000, -1.000000000000000000 ) ) ;
#10545 = EDGE_CURVE ( 'NONE', #7023, #6966, #5145, .T. ) ;
#10546 =( GEOMETRIC_REPRESENTATION_CONTEXT ( 3 ) GLOBAL_UNCERTAINTY_ASSIGNED_CONTEXT ( ( #3316 ) ) GLOBAL_UNIT_ASSIGNED_CONTEXT ( ( #98, #5411, #9515 ) ) REPRESENTATION_CONTEXT ( 'NONE', 'WORKASPACE' ) );
#10547 = DIRECTION ( 'NONE',  ( 1.000000000000000000, 0.000000000000000000, 0.000000000000000000 ) ) ;
#10548 = ADVANCED_FACE ( 'NONE', ( #306 ), #7762, .T. ) ;
#10549 = VERTEX_POINT ( 'NONE', #6229 ) ;
#10550 = CIRCLE ( 'NONE', #5739, 0.1870828693386972497 ) ;
#10551 = SURFACE_STYLE_FILL_AREA ( #6478 ) ;
#10552 = MANIFOLD_SOLID_BREP ( 'LPattern1[136]', #1598 ) ;
#10553 = UNCERTAINTY_MEASURE_WITH_UNIT (LENGTH_MEASURE( 1.000000000000000082E-05 ), #4419, 'distance_accuracy_value', 'NONE');
#10554 = ORIENTED_EDGE ( 'NONE', *, *, #6267, .F. ) ;
#10555 = DIRECTION ( 'NONE',  ( 1.000000000000000000, 0.000000000000000000, 0.000000000000000000 ) ) ;
#10556 = DIRECTION ( 'NONE',  ( -1.000000000000000000, 0.000000000000000000, 0.000000000000000000 ) ) ;
#10557 = VERTEX_POINT ( 'NONE', #10305 ) ;
#10558 = DIRECTION ( 'NONE',  ( 1.000000000000000000, 0.000000000000000000, 0.000000000000000000 ) ) ;
#10559 = SPHERICAL_SURFACE ( 'NONE', #8146, 0.3750000000000000000 ) ;
#10560 = VECTOR ( 'NONE', #2919, 1000.000000000000000 ) ;
#10561 = DIRECTION ( 'NONE',  ( 1.000000000000000000, 0.000000000000000000, 0.000000000000000000 ) ) ;
#10562 = SURFACE_SIDE_STYLE ('',( #1190 ) ) ;
#10563 = DIRECTION ( 'NONE',  ( -1.000000000000000000, 0.000000000000000000, 0.000000000000000000 ) ) ;
#10564 = EDGE_CURVE ( 'NONE', #8028, #4858, #8351, .T. ) ;
#10565 =( NAMED_UNIT ( * ) PLANE_ANGLE_UNIT ( ) SI_UNIT ( $, .RADIAN. ) );
#10566 = PLANE ( 'NONE',  #7020 ) ;
#10567 =( NAMED_UNIT ( * ) SI_UNIT ( $, .STERADIAN. ) SOLID_ANGLE_UNIT ( ) );
#10568 = FACE_OUTER_BOUND ( 'NONE', #652, .T. ) ;
#10569 = AXIS2_PLACEMENT_3D ( 'NONE', #5280, #940, #4409 ) ;
#10570 = MANIFOLD_SOLID_BREP ( 'LPattern1[27]', #11023 ) ;
#10571 = STYLED_ITEM ( 'NONE', ( #81 ), #2586 ) ;
#10572 = DIRECTION ( 'NONE',  ( 0.000000000000000000, 0.000000000000000000, 1.000000000000000000 ) ) ;
#10573 = AXIS2_PLACEMENT_3D ( 'NONE', #9043, #5593, #2307 ) ;
#10574 = DIRECTION ( 'NONE',  ( -0.000000000000000000, 1.000000000000000000, -0.000000000000000000 ) ) ;
#10575 = EDGE_LOOP ( 'NONE', ( #5681, #351, #7125 ) ) ;
#10576 = VERTEX_POINT ( 'NONE', #10753 ) ;
#10577 = CARTESIAN_POINT ( 'NONE',  ( 4.445000000000000284, 0.6999999999999999556, 1.905000000000000471 ) ) ;
#10578 = ORIENTED_EDGE ( 'NONE', *, *, #6847, .F. ) ;
#10579 = DIRECTION ( 'NONE',  ( 0.000000000000000000, 0.000000000000000000, -1.000000000000000000 ) ) ;
#10580 = ADVANCED_FACE ( 'NONE', ( #3846 ), #6979, .F. ) ;
#10581 = DIRECTION ( 'NONE',  ( 0.000000000000000000, 0.000000000000000000, 1.000000000000000000 ) ) ;
#10582 = CARTESIAN_POINT ( 'NONE',  ( 5.715000000000000746, 0.6999999999999998446, 1.905000000000000471 ) ) ;
#10583 = DIRECTION ( 'NONE',  ( 1.000000000000000000, 0.000000000000000000, 0.000000000000000000 ) ) ;
#10584 = PRESENTATION_STYLE_ASSIGNMENT (( #8799 ) ) ;
#10585 = MANIFOLD_SOLID_BREP ( 'LPattern1[47]', #1051 ) ;
#10586 = ORIENTED_EDGE ( 'NONE', *, *, #9705, .T. ) ;
#10587 =( NAMED_UNIT ( * ) PLANE_ANGLE_UNIT ( ) SI_UNIT ( $, .RADIAN. ) );
#10588 = ORIENTED_EDGE ( 'NONE', *, *, #7638, .F. ) ;
#10589 = FACE_OUTER_BOUND ( 'NONE', #9656, .T. ) ;
#10590 = FILL_AREA_STYLE_COLOUR ( '', #1304 ) ;
#10591 = PLANE ( 'NONE',  #4343 ) ;
#10592 = ORIENTED_EDGE ( 'NONE', *, *, #1500, .F. ) ;
#10593 = SPHERICAL_SURFACE ( 'NONE', #3194, 0.3750000000000000000 ) ;
#10594 = COLOUR_RGB ( '',0.7921568627450980005, 0.8196078431372548767, 0.9333333333333333481 ) ;
#10595 = FILL_AREA_STYLE_COLOUR ( '', #4057 ) ;
#10596 = FACE_OUTER_BOUND ( 'NONE', #3406, .T. ) ;
#10597 = SPHERICAL_SURFACE ( 'NONE', #10177, 0.3750000000000000000 ) ;
#10598 = CIRCLE ( 'NONE', #7041, 0.1870828693386972497 ) ;
#10599 = DIRECTION ( 'NONE',  ( 0.000000000000000000, 0.000000000000000000, -1.000000000000000000 ) ) ;
#10600 = ORIENTED_EDGE ( 'NONE', *, *, #4514, .F. ) ;
#10601 = ORIENTED_EDGE ( 'NONE', *, *, #7676, .T. ) ;
#10602 = CIRCLE ( 'NONE', #3671, 0.1870828693386972497 ) ;
#10603 = CARTESIAN_POINT ( 'NONE',  ( 1.904999999999999583, 0.6999999999999999556, 5.715000000000001634 ) ) ;
#10604 = PLANE ( 'NONE',  #8246 ) ;
#10605 = ORIENTED_EDGE ( 'NONE', *, *, #4048, .F. ) ;
#10606 = CARTESIAN_POINT ( 'NONE',  ( 2.987917130661302600, 0.6999999999999998446, 1.905000000000000471 ) ) ;
#10607 = DIRECTION ( 'NONE',  ( 0.000000000000000000, 1.000000000000000000, 0.000000000000000000 ) ) ;
#10608 = DIRECTION ( 'NONE',  ( -0.000000000000000000, 1.000000000000000000, -0.000000000000000000 ) ) ;
#10609 = CARTESIAN_POINT ( 'NONE',  ( 3.174999999999999822, 0.3750000000000000000, 3.175000000000000711 ) ) ;
#10610 = ADVANCED_FACE ( 'NONE', ( #4727 ), #2096, .F. ) ;
#10611 = AXIS2_PLACEMENT_3D ( 'NONE', #8204, #9730, #546 ) ;
#10612 = STYLED_ITEM ( 'NONE', ( #3068 ), #6621 ) ;
#10613 = EDGE_CURVE ( 'NONE', #4395, #5962, #5319, .T. ) ;
#10614 = DIRECTION ( 'NONE',  ( -0.000000000000000000, 1.000000000000000000, -0.000000000000000000 ) ) ;
#10615 = PRESENTATION_LAYER_ASSIGNMENT (  '', '', ( #9171 ) ) ;
#10616 = FILL_AREA_STYLE ('',( #10454 ) ) ;
#10617 = DIRECTION ( 'NONE',  ( -0.000000000000000000, 1.000000000000000000, -0.000000000000000000 ) ) ;
#10618 = FACE_OUTER_BOUND ( 'NONE', #4368, .T. ) ;
#10619 = DIRECTION ( 'NONE',  ( 0.000000000000000000, 0.000000000000000000, -1.000000000000000000 ) ) ;
#10620 = EDGE_CURVE ( 'NONE', #1579, #5759, #7828, .T. ) ;
#10621 = EDGE_CURVE ( 'NONE', #5033, #2098, #3017, .T. ) ;
#10622 = EDGE_CURVE ( 'NONE', #10115, #2555, #10129, .T. ) ;
#10623 = MECHANICAL_DESIGN_GEOMETRIC_PRESENTATION_REPRESENTATION (  '', ( #97 ), #7798 ) ;
#10624 = SURFACE_SIDE_STYLE ('',( #9695 ) ) ;
#10625 = VERTEX_POINT ( 'NONE', #7419 ) ;
#10626 = VERTEX_POINT ( 'NONE', #2954 ) ;
#10627 = LINE ( 'NONE', #8237, #4032 ) ;
#10628 = MECHANICAL_DESIGN_GEOMETRIC_PRESENTATION_REPRESENTATION (  '', ( #9017 ), #10986 ) ;
#10629 = DIRECTION ( 'NONE',  ( 0.000000000000000000, 0.000000000000000000, -1.000000000000000000 ) ) ;
#10630 = DIRECTION ( 'NONE',  ( -1.000000000000000000, 0.000000000000000000, 0.000000000000000000 ) ) ;
#10631 = DIRECTION ( 'NONE',  ( -1.000000000000000000, 0.000000000000000000, 0.000000000000000000 ) ) ;
#10632 = PRESENTATION_LAYER_ASSIGNMENT (  '', '', ( #3175 ) ) ;
#10633 = SPHERICAL_SURFACE ( 'NONE', #5597, 0.3750000000000000000 ) ;
#10634 = COLOUR_RGB ( '',0.7921568627450980005, 0.8196078431372548767, 0.9333333333333333481 ) ;
#10635 = SURFACE_SIDE_STYLE ('',( #6397 ) ) ;
#10636 = EDGE_CURVE ( 'NONE', #5103, #190, #498, .T. ) ;
#10637 = CARTESIAN_POINT ( 'NONE',  ( -4.257917130661303950, 0.6999999999999998446, -0.6349999999999992317 ) ) ;
#10638 = CARTESIAN_POINT ( 'NONE',  ( 3.174999999999999822, 0.6999999999999998446, 4.445000000000001172 ) ) ;
#10639 = AXIS2_PLACEMENT_3D ( 'NONE', #348, #3783, #2140 ) ;
#10640 = CARTESIAN_POINT ( 'NONE',  ( 3.174999999999999822, 0.6999999999999998446, -5.714999999999999858 ) ) ;
#10641 = ORIENTED_EDGE ( 'NONE', *, *, #5002, .T. ) ;
#10642 = DIRECTION ( 'NONE',  ( -1.000000000000000000, 0.000000000000000000, 0.000000000000000000 ) ) ;
#10643 = SURFACE_STYLE_USAGE ( .BOTH. , #10480 ) ;
#10644 = ORIENTED_EDGE ( 'NONE', *, *, #8493, .F. ) ;
#10645 = PRESENTATION_STYLE_ASSIGNMENT (( #2908 ) ) ;
#10646 =( GEOMETRIC_REPRESENTATION_CONTEXT ( 3 ) GLOBAL_UNCERTAINTY_ASSIGNED_CONTEXT ( ( #9169 ) ) GLOBAL_UNIT_ASSIGNED_CONTEXT ( ( #5716, #6733, #4823 ) ) REPRESENTATION_CONTEXT ( 'NONE', 'WORKASPACE' ) );
#10647 = DIRECTION ( 'NONE',  ( 0.000000000000000000, 0.000000000000000000, -1.000000000000000000 ) ) ;
#10648 = ADVANCED_FACE ( 'NONE', ( #472 ), #3896, .F. ) ;
#10649 = FACE_OUTER_BOUND ( 'NONE', #491, .T. ) ;
#10650 = EDGE_CURVE ( 'NONE', #7621, #2851, #1046, .T. ) ;
#10651 = DIRECTION ( 'NONE',  ( 0.000000000000000000, -1.000000000000000000, 0.000000000000000000 ) ) ;
#10652 = AXIS2_PLACEMENT_3D ( 'NONE', #1683, #4921, #4145 ) ;
#10653 =( NAMED_UNIT ( * ) SI_UNIT ( $, .STERADIAN. ) SOLID_ANGLE_UNIT ( ) );
#10654 =( NAMED_UNIT ( * ) SI_UNIT ( $, .STERADIAN. ) SOLID_ANGLE_UNIT ( ) );
#10655 = CARTESIAN_POINT ( 'NONE',  ( -6.000000000000005329, 5.070000000000000284, -5.999999999999998224 ) ) ;
#10656 = MECHANICAL_DESIGN_GEOMETRIC_PRESENTATION_REPRESENTATION (  '', ( #4957 ), #7654 ) ;
#10657 = VERTEX_POINT ( 'NONE', #5612 ) ;
#10658 = DIRECTION ( 'NONE',  ( 0.000000000000000000, -1.000000000000000000, 0.000000000000000000 ) ) ;
#10659 = ORIENTED_EDGE ( 'NONE', *, *, #10344, .T. ) ;
#10660 = FACE_OUTER_BOUND ( 'NONE', #5693, .T. ) ;
#10661 = DIRECTION ( 'NONE',  ( 0.000000000000000000, 0.000000000000000000, -1.000000000000000000 ) ) ;
#10662 = ORIENTED_EDGE ( 'NONE', *, *, #5320, .F. ) ;
#10663 = CARTESIAN_POINT ( 'NONE',  ( -1.905000000000000471, 0.3750000000000000000, 5.715000000000001634 ) ) ;
#10664 = AXIS2_PLACEMENT_3D ( 'NONE', #2495, #5831, #2559 ) ;
#10665 = CARTESIAN_POINT ( 'NONE',  ( 6.985000000000000320, 0.000000000000000000, -4.444999999999999396 ) ) ;
#10666 = DIRECTION ( 'NONE',  ( -0.000000000000000000, 1.000000000000000000, -0.000000000000000000 ) ) ;
#10667 = AXIS2_PLACEMENT_3D ( 'NONE', #8429, #637, #1549 ) ;
#10668 = FILL_AREA_STYLE ('',( #442 ) ) ;
#10669 = ADVANCED_FACE ( 'NONE', ( #9952 ), #5446, .F. ) ;
#10670 = AXIS2_PLACEMENT_3D ( 'NONE', #1360, #6616, #4816 ) ;
#10672 = DIRECTION ( 'NONE',  ( 0.000000000000000000, -0.000000000000000000, -1.000000000000000000 ) ) ;
#10671 = CIRCLE ( 'NONE', #1589, 0.3750000000000003331 ) ;
#10673 = SURFACE_STYLE_FILL_AREA ( #5649 ) ;
#10674 = CLOSED_SHELL ( 'NONE', ( #9178, #6473, #3840 ) ) ;
#10675 = CARTESIAN_POINT ( 'NONE',  ( 5.715000000000000746, 0.000000000000000000, 6.985000000000001208 ) ) ;
#10676 = FILL_AREA_STYLE_COLOUR ( '', #1440 ) ;
#10677 = DIRECTION ( 'NONE',  ( 0.000000000000000000, -1.000000000000000000, 0.000000000000000000 ) ) ;
#10678 = SPHERICAL_SURFACE ( 'NONE', #6964, 0.3750000000000000000 ) ;
#10679 = CLOSED_SHELL ( 'NONE', ( #7017, #8635, #8677 ) ) ;
#10680 =( NAMED_UNIT ( * ) PLANE_ANGLE_UNIT ( ) SI_UNIT ( $, .RADIAN. ) );
#10681 = PRESENTATION_STYLE_ASSIGNMENT (( #9814 ) ) ;
#10682 = MECHANICAL_DESIGN_GEOMETRIC_PRESENTATION_REPRESENTATION (  '', ( #9413 ), #692 ) ;
#10683 = ORIENTED_EDGE ( 'NONE', *, *, #7494, .T. ) ;
#10684 = ORIENTED_EDGE ( 'NONE', *, *, #10917, .T. ) ;
#10685 = DIRECTION ( 'NONE',  ( 1.000000000000000000, 0.000000000000000000, 0.000000000000000000 ) ) ;
#10686 = SURFACE_STYLE_USAGE ( .BOTH. , #7297 ) ;
#10687 = ADVANCED_FACE ( 'NONE', ( #2385 ), #3465, .T. ) ;
#10688 = VERTEX_POINT ( 'NONE', #6690 ) ;
#10689 = DIRECTION ( 'NONE',  ( -0.000000000000000000, 1.000000000000000000, -0.000000000000000000 ) ) ;
#10690 = CIRCLE ( 'NONE', #9076, 0.1870828693386972497 ) ;
#10691 = CARTESIAN_POINT ( 'NONE',  ( -4.445000000000001172, 0.3750000000000000000, -0.6349999999999992317 ) ) ;
#10692 = AXIS2_PLACEMENT_3D ( 'NONE', #2061, #7836, #10555 ) ;
#10693 = CIRCLE ( 'NONE', #5884, 0.3749999999999998890 ) ;
#10694 = SPHERICAL_SURFACE ( 'NONE', #8987, 0.3750000000000000000 ) ;
#10695 = AXIS2_PLACEMENT_3D ( 'NONE', #101, #1848, #2004 ) ;
#10696 = ORIENTED_EDGE ( 'NONE', *, *, #7868, .F. ) ;
#10697 = DIRECTION ( 'NONE',  ( 0.000000000000000000, -0.000000000000000000, -1.000000000000000000 ) ) ;
#10698 = EDGE_CURVE ( 'NONE', #4433, #3814, #5853, .T. ) ;
#10699 = AXIS2_PLACEMENT_3D ( 'NONE', #10691, #10369, #9552 ) ;
#10700 = VERTEX_POINT ( 'NONE', #4946 ) ;
#10701 = CIRCLE ( 'NONE', #5893, 0.5999999999999998668 ) ;
#10702 = DIRECTION ( 'NONE',  ( 0.000000000000000000, 0.000000000000000000, 1.000000000000000000 ) ) ;
#10703 = EDGE_CURVE ( 'NONE', #3853, #3939, #5809, .T. ) ;
#10704 = VERTEX_POINT ( 'NONE', #10131 ) ;
#10705 = EDGE_CURVE ( 'NONE', #190, #5103, #9887, .T. ) ;
#10706 = DIRECTION ( 'NONE',  ( 1.224646799147353207E-16, 0.000000000000000000, -1.000000000000000000 ) ) ;
#10707 = SURFACE_STYLE_FILL_AREA ( #1447 ) ;
#10708 = ORIENTED_EDGE ( 'NONE', *, *, #194, .F. ) ;
#10709 = CARTESIAN_POINT ( 'NONE',  ( -4.445000000000001172, 0.3750000000000000000, -4.444999999999999396 ) ) ;
#10710 = AXIS2_PLACEMENT_3D ( 'NONE', #4857, #8265, #4199 ) ;
#10711 = AXIS2_PLACEMENT_3D ( 'NONE', #3904, #9075, #7258 ) ;
#10712 = CIRCLE ( 'NONE', #5901, 0.3750000000000003331 ) ;
#10713 = CARTESIAN_POINT ( 'NONE',  ( -5.902082869338697968, 0.6999999999999998446, -0.6349999999999992317 ) ) ;
#10714 = CARTESIAN_POINT ( 'NONE',  ( 5.715000000000000746, 0.6999999999999999556, 0.6350000000000001199 ) ) ;
#10715 = CIRCLE ( 'NONE', #8586, 0.3749999999999998890 ) ;
#10716 = DIRECTION ( 'NONE',  ( -1.000000000000000000, 0.000000000000000000, 0.000000000000000000 ) ) ;
#10717 = SPHERICAL_SURFACE ( 'NONE', #1259, 0.3750000000000000000 ) ;
#10718 = ADVANCED_FACE ( 'NONE', ( #4182 ), #10068, .T. ) ;
#10719 = ORIENTED_EDGE ( 'NONE', *, *, #8303, .F. ) ;
#10720 = PLANE ( 'NONE',  #1530 ) ;
#10721 = AXIS2_PLACEMENT_3D ( 'NONE', #1236, #387, #4489 ) ;
#10722 = EDGE_LOOP ( 'NONE', ( #7079, #5875, #8625 ) ) ;
#10723 = CARTESIAN_POINT ( 'NONE',  ( -4.445000000000001172, 0.3750000000000000000, -4.444999999999999396 ) ) ;
#10724 = SPHERICAL_SURFACE ( 'NONE', #7545, 0.3750000000000000000 ) ;
#10725 = ORIENTED_EDGE ( 'NONE', *, *, #5917, .F. ) ;
#10726 = SURFACE_STYLE_FILL_AREA ( #10885 ) ;
#10727 = CARTESIAN_POINT ( 'NONE',  ( -3.175000000000000711, 0.6999999999999999556, 6.985000000000001208 ) ) ;
#10728 = DIRECTION ( 'NONE',  ( 0.000000000000000000, 0.000000000000000000, 1.000000000000000000 ) ) ;
#10729 = STYLED_ITEM ( 'NONE', ( #4148 ), #6399 ) ;
#10730 = CARTESIAN_POINT ( 'NONE',  ( -1.717917130661303249, 0.6999999999999998446, -5.714999999999999858 ) ) ;
#10731 = STYLED_ITEM ( 'NONE', ( #2361 ), #3062 ) ;
#10732 = DIRECTION ( 'NONE',  ( 1.000000000000000000, 0.000000000000000000, 0.000000000000000000 ) ) ;
#10733 = DIRECTION ( 'NONE',  ( -0.000000000000000000, 1.000000000000000000, -0.000000000000000000 ) ) ;
#10734 = AXIS2_PLACEMENT_3D ( 'NONE', #5525, #7216, #4746 ) ;
#10735 = SPHERICAL_SURFACE ( 'NONE', #1932, 0.3750000000000000000 ) ;
#10736 = DIRECTION ( 'NONE',  ( 0.000000000000000000, 0.000000000000000000, 1.000000000000000000 ) ) ;
#10737 =( LENGTH_UNIT ( ) NAMED_UNIT ( * ) SI_UNIT ( .MILLI., .METRE. ) );
#10738 = COLOUR_RGB ( '',0.7921568627450980005, 0.8196078431372548767, 0.9333333333333333481 ) ;
#10739 = ORIENTED_EDGE ( 'NONE', *, *, #8379, .T. ) ;
#10740 = EDGE_LOOP ( 'NONE', ( #1467, #3036, #9697 ) ) ;
#10741 = FACE_OUTER_BOUND ( 'NONE', #9470, .T. ) ;
#10742 = DIRECTION ( 'NONE',  ( 0.000000000000000000, -0.000000000000000000, -1.000000000000000000 ) ) ;
#10743 = CIRCLE ( 'NONE', #3466, 0.1870828693386972497 ) ;
#10744 = VERTEX_POINT ( 'NONE', #10192 ) ;
#10745 = DIRECTION ( 'NONE',  ( -1.000000000000000000, 0.000000000000000000, 0.000000000000000000 ) ) ;
#10746 =( GEOMETRIC_REPRESENTATION_CONTEXT ( 3 ) GLOBAL_UNCERTAINTY_ASSIGNED_CONTEXT ( ( #6302 ) ) GLOBAL_UNIT_ASSIGNED_CONTEXT ( ( #9958, #11032, #2506 ) ) REPRESENTATION_CONTEXT ( 'NONE', 'WORKASPACE' ) );
#10747 = DIRECTION ( 'NONE',  ( 1.000000000000000000, 0.000000000000000000, 0.000000000000000000 ) ) ;
#10748 = CIRCLE ( 'NONE', #6288, 0.1870828693386972497 ) ;
#10749 = DIRECTION ( 'NONE',  ( -0.000000000000000000, 1.000000000000000000, -0.000000000000000000 ) ) ;
#10750 = EDGE_CURVE ( 'NONE', #7755, #5694, #2250, .T. ) ;
#10751 = FILL_AREA_STYLE ('',( #1324 ) ) ;
#10752 = PRESENTATION_LAYER_ASSIGNMENT (  '', '', ( #4526 ) ) ;
#10753 = CARTESIAN_POINT ( 'NONE',  ( 3.174999999999999822, 0.000000000000000000, 0.6350000000000001199 ) ) ;
#10754 = EDGE_LOOP ( 'NONE', ( #8856, #6593 ) ) ;
#10755 = PLANE ( 'NONE',  #1665 ) ;
#10756 = ORIENTED_EDGE ( 'NONE', *, *, #10304, .F. ) ;
#10757 = CARTESIAN_POINT ( 'NONE',  ( -4.445000000000001172, 0.3750000000000000000, -6.985000000000000320 ) ) ;
#10758 = VERTEX_POINT ( 'NONE', #4060 ) ;
#10759 =( NAMED_UNIT ( * ) SI_UNIT ( $, .STERADIAN. ) SOLID_ANGLE_UNIT ( ) );
#10760 = DIRECTION ( 'NONE',  ( 1.224646799147353207E-16, 0.000000000000000000, -1.000000000000000000 ) ) ;
#10761 = ADVANCED_FACE ( 'NONE', ( #4123 ), #8300, .T. ) ;
#10762 = FACE_OUTER_BOUND ( 'NONE', #9834, .T. ) ;
#10763 =( NAMED_UNIT ( * ) PLANE_ANGLE_UNIT ( ) SI_UNIT ( $, .RADIAN. ) );
#10764 = ORIENTED_EDGE ( 'NONE', *, *, #6325, .T. ) ;
#10765 = DIRECTION ( 'NONE',  ( 0.000000000000000000, 0.000000000000000000, 1.000000000000000000 ) ) ;
#10766 = ORIENTED_EDGE ( 'NONE', *, *, #8707, .F. ) ;
#10767 = CARTESIAN_POINT ( 'NONE',  ( -0.6350000000000001199, 0.6999999999999999556, 5.715000000000001634 ) ) ;
#10768 = ORIENTED_EDGE ( 'NONE', *, *, #5331, .T. ) ;
#10769 = FACE_OUTER_BOUND ( 'NONE', #9170, .T. ) ;
#10770 = ORIENTED_EDGE ( 'NONE', *, *, #194, .T. ) ;
#10771 = CIRCLE ( 'NONE', #244, 0.3749999999999998890 ) ;
#10772 = DIRECTION ( 'NONE',  ( 1.000000000000000000, 0.000000000000000000, 0.000000000000000000 ) ) ;
#10773 = DIRECTION ( 'NONE',  ( 1.224646799147353207E-16, 0.000000000000000000, -1.000000000000000000 ) ) ;
#10774 = ADVANCED_FACE ( 'NONE', ( #879 ), #7648, .T. ) ;
#10775 = CARTESIAN_POINT ( 'NONE',  ( -4.445000000000001172, 0.000000000000000000, -0.6349999999999992317 ) ) ;
#10776 = FILL_AREA_STYLE ('',( #8218 ) ) ;
#10777 = MECHANICAL_DESIGN_GEOMETRIC_PRESENTATION_REPRESENTATION (  '', ( #10408 ), #7600 ) ;
#10778 = EDGE_CURVE ( 'NONE', #5840, #7435, #4232, .T. ) ;
#10779 = CARTESIAN_POINT ( 'NONE',  ( -1.905000000000000471, 0.3750000000000000000, 4.445000000000001172 ) ) ;
#10780 = AXIS2_PLACEMENT_3D ( 'NONE', #3087, #7261, #1335 ) ;
#10781 = ORIENTED_EDGE ( 'NONE', *, *, #7906, .T. ) ;
#10782 = VERTEX_POINT ( 'NONE', #2329 ) ;
#10783 = CARTESIAN_POINT ( 'NONE',  ( -0.6350000000000001199, 0.3750000000000000000, -5.714999999999999858 ) ) ;
#10784 = CARTESIAN_POINT ( 'NONE',  ( 5.715000000000000746, 0.6999999999999998446, -4.444999999999999396 ) ) ;
#10785 = DIRECTION ( 'NONE',  ( 1.000000000000000000, 0.000000000000000000, 0.000000000000000000 ) ) ;
#10786 = CARTESIAN_POINT ( 'NONE',  ( 6.985000000000000320, 0.6999999999999999556, 0.6350000000000001199 ) ) ;
#10787 = MECHANICAL_DESIGN_GEOMETRIC_PRESENTATION_REPRESENTATION (  '', ( #1166 ), #8654 ) ;
#10788 = CARTESIAN_POINT ( 'NONE',  ( -4.445000000000001172, 0.000000000000000000, 5.715000000000001634 ) ) ;
#10789 =( GEOMETRIC_REPRESENTATION_CONTEXT ( 3 ) GLOBAL_UNCERTAINTY_ASSIGNED_CONTEXT ( ( #6176 ) ) GLOBAL_UNIT_ASSIGNED_CONTEXT ( ( #10472, #5179, #7925 ) ) REPRESENTATION_CONTEXT ( 'NONE', 'WORKASPACE' ) );
#10790 = ADVANCED_FACE ( 'NONE', ( #695 ), #5012, .F. ) ;
#10791 = EDGE_CURVE ( 'NONE', #10557, #10975, #5442, .T. ) ;
#10792 =( LENGTH_UNIT ( ) NAMED_UNIT ( * ) SI_UNIT ( .MILLI., .METRE. ) );
#10793 = VERTEX_POINT ( 'NONE', #2566 ) ;
#10794 = EDGE_LOOP ( 'NONE', ( #10960, #1020, #10696 ) ) ;
#10795 = CIRCLE ( 'NONE', #5623, 0.3749999999999998890 ) ;
#10796 = DIRECTION ( 'NONE',  ( 1.000000000000000000, 0.000000000000000000, 0.000000000000000000 ) ) ;
#10797 = MECHANICAL_DESIGN_GEOMETRIC_PRESENTATION_REPRESENTATION (  '', ( #9353 ), #9172 ) ;
#10798 = ORIENTED_EDGE ( 'NONE', *, *, #6383, .F. ) ;
#10799 = SURFACE_STYLE_USAGE ( .BOTH. , #1657 ) ;
#10800 = DIRECTION ( 'NONE',  ( 0.000000000000000000, -1.000000000000000000, 0.000000000000000000 ) ) ;
#10801 = DIRECTION ( 'NONE',  ( -0.000000000000000000, 1.000000000000000000, -0.000000000000000000 ) ) ;
#10802 = AXIS2_PLACEMENT_3D ( 'NONE', #4458, #7858, #939 ) ;
#10803 = AXIS2_PLACEMENT_3D ( 'NONE', #1155, #360, #6339 ) ;
#10804 = CARTESIAN_POINT ( 'NONE',  ( -5.715000000000000746, 0.3750000000000000000, -5.714999999999999858 ) ) ;
#10805 =( NAMED_UNIT ( * ) PLANE_ANGLE_UNIT ( ) SI_UNIT ( $, .RADIAN. ) );
#10806 = CARTESIAN_POINT ( 'NONE',  ( -5.715000000000000746, 0.6999999999999999556, -1.904999999999999583 ) ) ;
#10807 = ORIENTED_EDGE ( 'NONE', *, *, #1545, .F. ) ;
#10808 = VERTEX_POINT ( 'NONE', #9285 ) ;
#10809 = EDGE_LOOP ( 'NONE', ( #7940, #10781, #4627 ) ) ;
#10810 = SURFACE_STYLE_USAGE ( .BOTH. , #7543 ) ;
#10811 = DIRECTION ( 'NONE',  ( 0.000000000000000000, 0.000000000000000000, 1.000000000000000000 ) ) ;
#10812 = EDGE_LOOP ( 'NONE', ( #9648, #6797, #1680 ) ) ;
#10813 = AXIS2_PLACEMENT_3D ( 'NONE', #1684, #848, #2354 ) ;
#10814 = DIRECTION ( 'NONE',  ( 1.000000000000000000, 0.000000000000000000, 0.000000000000000000 ) ) ;
#10815 = AXIS2_PLACEMENT_3D ( 'NONE', #7670, #5861, #4144 ) ;
#10816 =( NAMED_UNIT ( * ) PLANE_ANGLE_UNIT ( ) SI_UNIT ( $, .RADIAN. ) );
#10817 = DIRECTION ( 'NONE',  ( 0.000000000000000000, 0.000000000000000000, -1.000000000000000000 ) ) ;
#10818 = AXIS2_PLACEMENT_3D ( 'NONE', #7564, #5038, #4210 ) ;
#10819 = EDGE_LOOP ( 'NONE', ( #4866, #6344 ) ) ;
#10820 = PLANE ( 'NONE',  #1622 ) ;
#10821 = ORIENTED_EDGE ( 'NONE', *, *, #4248, .F. ) ;
#10822 = DIRECTION ( 'NONE',  ( 0.000000000000000000, 0.000000000000000000, -1.000000000000000000 ) ) ;
#10823 = ORIENTED_EDGE ( 'NONE', *, *, #8123, .T. ) ;
#10824 = ORIENTED_EDGE ( 'NONE', *, *, #8491, .F. ) ;
#10825 = ADVANCED_FACE ( 'NONE', ( #7705 ), #8482, .T. ) ;
#10826 = DIRECTION ( 'NONE',  ( 0.000000000000000000, -1.000000000000000000, 0.000000000000000000 ) ) ;
#10827 = EDGE_CURVE ( 'NONE', #10758, #2721, #7066, .T. ) ;
#10828 = SPHERICAL_SURFACE ( 'NONE', #8776, 0.3750000000000000000 ) ;
#10829 = DIRECTION ( 'NONE',  ( -0.000000000000000000, 1.000000000000000000, -0.000000000000000000 ) ) ;
#10830 = DIRECTION ( 'NONE',  ( 0.000000000000000000, 0.000000000000000000, -1.000000000000000000 ) ) ;
#10831 = FACE_OUTER_BOUND ( 'NONE', #6019, .T. ) ;
#10832 = AXIS2_PLACEMENT_3D ( 'NONE', #3534, #3697, #2695 ) ;
#10833 = CARTESIAN_POINT ( 'NONE',  ( 4.445000000000000284, 0.3750000000000000000, 6.985000000000001208 ) ) ;
#10834 =( GEOMETRIC_REPRESENTATION_CONTEXT ( 3 ) GLOBAL_UNCERTAINTY_ASSIGNED_CONTEXT ( ( #6406 ) ) GLOBAL_UNIT_ASSIGNED_CONTEXT ( ( #4883, #1481, #3392 ) ) REPRESENTATION_CONTEXT ( 'NONE', 'WORKASPACE' ) );
#10835 = FACE_OUTER_BOUND ( 'NONE', #9606, .T. ) ;
#10836 = ADVANCED_FACE ( 'NONE', ( #8792 ), #10354, .T. ) ;
#10837 = ORIENTED_EDGE ( 'NONE', *, *, #5320, .T. ) ;
#10838 = EDGE_LOOP ( 'NONE', ( #835, #9970, #10933 ) ) ;
#10839 =( LENGTH_UNIT ( ) NAMED_UNIT ( * ) SI_UNIT ( .MILLI., .METRE. ) );
#10840 = CIRCLE ( 'NONE', #6027, 0.1870828693386972497 ) ;
#10841 = ADVANCED_FACE ( 'NONE', ( #10465 ), #1823, .T. ) ;
#10842 = FILL_AREA_STYLE_COLOUR ( '', #5260 ) ;
#10843 = CARTESIAN_POINT ( 'NONE',  ( -6.985000000000000320, 0.3750000000000000000, 1.905000000000000471 ) ) ;
#10844 =( LENGTH_UNIT ( ) NAMED_UNIT ( * ) SI_UNIT ( .MILLI., .METRE. ) );
#10845 = AXIS2_PLACEMENT_3D ( 'NONE', #4621, #8248, #9010 ) ;
#10846 = FACE_OUTER_BOUND ( 'NONE', #8909, .T. ) ;
#10847 = AXIS2_PLACEMENT_3D ( 'NONE', #7954, #284, #9490 ) ;
#10848 = CARTESIAN_POINT ( 'NONE',  ( -7.500000000000005329, 1.070000000000000284, 7.500000000000001776 ) ) ;
#10849 =( NAMED_UNIT ( * ) PLANE_ANGLE_UNIT ( ) SI_UNIT ( $, .RADIAN. ) );
#10850 = ORIENTED_EDGE ( 'NONE', *, *, #5222, .T. ) ;
#10851 = EDGE_LOOP ( 'NONE', ( #7971, #4310 ) ) ;
#10852 = PRODUCT_CONTEXT ( 'NONE', #6282, 'mechanical' ) ;
#10853 =( NAMED_UNIT ( * ) PLANE_ANGLE_UNIT ( ) SI_UNIT ( $, .RADIAN. ) );
#10854 = ADVANCED_FACE ( 'NONE', ( #9392 ), #6063, .F. ) ;
#10855 = ORIENTED_EDGE ( 'NONE', *, *, #3308, .T. ) ;
#10856 = SURFACE_STYLE_USAGE ( .BOTH. , #7581 ) ;
#10857 = DIRECTION ( 'NONE',  ( -0.000000000000000000, 1.000000000000000000, -0.000000000000000000 ) ) ;
#10858 = CLOSED_SHELL ( 'NONE', ( #2807, #8466, #9768 ) ) ;
#10859 = FACE_OUTER_BOUND ( 'NONE', #10794, .T. ) ;
#10860 = EDGE_LOOP ( 'NONE', ( #4105, #8687 ) ) ;
#10861 = DIRECTION ( 'NONE',  ( 0.000000000000000000, 0.000000000000000000, 1.000000000000000000 ) ) ;
#10862 = EDGE_LOOP ( 'NONE', ( #4262, #9421, #597 ) ) ;
#10863 = CLOSED_SHELL ( 'NONE', ( #10414, #424, #4723 ) ) ;
#10864 = PLANE ( 'NONE',  #5057 ) ;
#10865 = VERTEX_POINT ( 'NONE', #8683 ) ;
#10866 = PRESENTATION_STYLE_ASSIGNMENT (( #5016 ) ) ;
#10867 = AXIS2_PLACEMENT_3D ( 'NONE', #4663, #7289, #3833 ) ;
#10868 = UNCERTAINTY_MEASURE_WITH_UNIT (LENGTH_MEASURE( 1.000000000000000082E-05 ), #10737, 'distance_accuracy_value', 'NONE');
#10869 = EDGE_LOOP ( 'NONE', ( #10067, #10973, #10084 ) ) ;
#10870 = CIRCLE ( 'NONE', #8741, 0.1870828693386972497 ) ;
#10871 = DIRECTION ( 'NONE',  ( 0.000000000000000000, 0.000000000000000000, -1.000000000000000000 ) ) ;
#10872 = CIRCLE ( 'NONE', #3053, 0.3750000000000003331 ) ;
#10873 = CARTESIAN_POINT ( 'NONE',  ( 6.985000000000000320, 0.6999999999999998446, 6.985000000000001208 ) ) ;
#10874 = ORIENTED_EDGE ( 'NONE', *, *, #3543, .F. ) ;
#10875 = VERTEX_POINT ( 'NONE', #238 ) ;
#10876 = FACE_OUTER_BOUND ( 'NONE', #5281, .T. ) ;
#10877 = AXIS2_PLACEMENT_3D ( 'NONE', #9971, #3366, #1460 ) ;
#10878 =( GEOMETRIC_REPRESENTATION_CONTEXT ( 3 ) GLOBAL_UNCERTAINTY_ASSIGNED_CONTEXT ( ( #1069 ) ) GLOBAL_UNIT_ASSIGNED_CONTEXT ( ( #1319, #3170, #3999 ) ) REPRESENTATION_CONTEXT ( 'NONE', 'WORKASPACE' ) );
#10879 = UNCERTAINTY_MEASURE_WITH_UNIT (LENGTH_MEASURE( 1.000000000000000082E-05 ), #5276, 'distance_accuracy_value', 'NONE');
#10880 = ORIENTED_EDGE ( 'NONE', *, *, #4989, .T. ) ;
#10881 = ORIENTED_EDGE ( 'NONE', *, *, #6012, .T. ) ;
#10882 = DIRECTION ( 'NONE',  ( 1.224646799147353207E-16, 0.000000000000000000, -1.000000000000000000 ) ) ;
#10883 = SPHERICAL_SURFACE ( 'NONE', #5741, 0.3750000000000000000 ) ;
#10884 = AXIS2_PLACEMENT_3D ( 'NONE', #51, #210, #1945 ) ;
#10885 = FILL_AREA_STYLE ('',( #5806 ) ) ;
#10886 = DIRECTION ( 'NONE',  ( 0.000000000000000000, 0.000000000000000000, -1.000000000000000000 ) ) ;
#10887 = EDGE_CURVE ( 'NONE', #8456, #3738, #1000, .T. ) ;
#10888 = FILL_AREA_STYLE ('',( #5810 ) ) ;
#10889 =( GEOMETRIC_REPRESENTATION_CONTEXT ( 3 ) GLOBAL_UNCERTAINTY_ASSIGNED_CONTEXT ( ( #4203 ) ) GLOBAL_UNIT_ASSIGNED_CONTEXT ( ( #6203, #1963, #4297 ) ) REPRESENTATION_CONTEXT ( 'NONE', 'WORKASPACE' ) );
#10890 = EDGE_CURVE ( 'NONE', #1954, #6644, #9495, .T. ) ;
#10891 = CIRCLE ( 'NONE', #6083, 0.1870828693386972497 ) ;
#10892 = VERTEX_POINT ( 'NONE', #4407 ) ;
#10893 = MECHANICAL_DESIGN_GEOMETRIC_PRESENTATION_REPRESENTATION (  '', ( #5042 ), #9990 ) ;
#10894 = ORIENTED_EDGE ( 'NONE', *, *, #7385, .T. ) ;
#10895 = FACE_OUTER_BOUND ( 'NONE', #6290, .T. ) ;
#10896 = SPHERICAL_SURFACE ( 'NONE', #6117, 0.3750000000000000000 ) ;
#10897 = STYLED_ITEM ( 'NONE', ( #7340 ), #6365 ) ;
#10898 = FILL_AREA_STYLE ('',( #5707 ) ) ;
#10899 = CARTESIAN_POINT ( 'NONE',  ( 1.904999999999999583, 0.000000000000000000, -0.6349999999999992317 ) ) ;
#10900 = DIRECTION ( 'NONE',  ( 1.224646799147353207E-16, 0.000000000000000000, -1.000000000000000000 ) ) ;
#10901 = CIRCLE ( 'NONE', #4498, 0.1870828693386972497 ) ;
#10902 = EDGE_CURVE ( 'NONE', #1347, #7681, #272, .T. ) ;
#10903 =( LENGTH_UNIT ( ) NAMED_UNIT ( * ) SI_UNIT ( .MILLI., .METRE. ) );
#10904 = ADVANCED_FACE ( 'NONE', ( #7070 ), #5388, .T. ) ;
#10905 = ORIENTED_EDGE ( 'NONE', *, *, #10827, .F. ) ;
#10906 = ORIENTED_EDGE ( 'NONE', *, *, #5666, .T. ) ;
#10907 = AXIS2_PLACEMENT_3D ( 'NONE', #7890, #220, #2816 ) ;
#10908 = DIRECTION ( 'NONE',  ( 0.000000000000000000, 0.000000000000000000, 1.000000000000000000 ) ) ;
#10909 = ORIENTED_EDGE ( 'NONE', *, *, #6976, .T. ) ;
#10910 = COLOUR_RGB ( '',0.7921568627450980005, 0.8196078431372548767, 0.9333333333333333481 ) ;
#10911 = DIRECTION ( 'NONE',  ( -0.000000000000000000, 1.000000000000000000, -0.000000000000000000 ) ) ;
#10912 = DIRECTION ( 'NONE',  ( 0.000000000000000000, 0.000000000000000000, -1.000000000000000000 ) ) ;
#10913 = DIRECTION ( 'NONE',  ( 0.000000000000000000, 0.000000000000000000, 1.000000000000000000 ) ) ;
#10914 = CARTESIAN_POINT ( 'NONE',  ( -0.6350000000000001199, 0.3750000000000000000, 1.905000000000000471 ) ) ;
#10915 = SURFACE_STYLE_FILL_AREA ( #10128 ) ;
#10916 = AXIS2_PLACEMENT_3D ( 'NONE', #3293, #7582, #1703 ) ;
#10917 = EDGE_CURVE ( 'NONE', #8428, #6341, #7434, .T. ) ;
#10918 = FILL_AREA_STYLE ('',( #3179 ) ) ;
#10919 = FILL_AREA_STYLE ('',( #6688 ) ) ;
#10920 = ORIENTED_EDGE ( 'NONE', *, *, #7906, .F. ) ;
#10921 = DIRECTION ( 'NONE',  ( 0.000000000000000000, -1.000000000000000000, 0.000000000000000000 ) ) ;
#10922 = EDGE_LOOP ( 'NONE', ( #10417, #2479, #1399 ) ) ;
#10923 = CARTESIAN_POINT ( 'NONE',  ( 5.715000000000000746, 0.6999999999999999556, 6.985000000000001208 ) ) ;
#10924 = ORIENTED_EDGE ( 'NONE', *, *, #6535, .T. ) ;
#10925 = SPHERICAL_SURFACE ( 'NONE', #3816, 0.3750000000000000000 ) ;
#10926 = CIRCLE ( 'NONE', #5061, 0.3749999999999998890 ) ;
#10927 = VERTEX_POINT ( 'NONE', #6112 ) ;
#10928 = DIRECTION ( 'NONE',  ( 0.000000000000000000, 0.000000000000000000, -1.000000000000000000 ) ) ;
#10929 =( LENGTH_UNIT ( ) NAMED_UNIT ( * ) SI_UNIT ( .MILLI., .METRE. ) );
#10930 = ADVANCED_FACE ( 'NONE', ( #10402 ), #6161, .T. ) ;
#10931 = AXIS2_PLACEMENT_3D ( 'NONE', #5210, #270, #7002 ) ;
#10932 = SURFACE_SIDE_STYLE ('',( #1675 ) ) ;
#10933 = ORIENTED_EDGE ( 'NONE', *, *, #6861, .F. ) ;
#10934 = CARTESIAN_POINT ( 'NONE',  ( -6.985000000000000320, 0.3750000000000000000, -5.714999999999999858 ) ) ;
#10935 = AXIS2_PLACEMENT_3D ( 'NONE', #3542, #1850, #10380 ) ;
#10936 = ORIENTED_EDGE ( 'NONE', *, *, #4506, .T. ) ;
#10937 = PLANE ( 'NONE',  #3855 ) ;
#10938 = VERTEX_POINT ( 'NONE', #1101 ) ;
#10939 = EDGE_LOOP ( 'NONE', ( #8264, #3523, #5345 ) ) ;
#10940 = DIRECTION ( 'NONE',  ( -0.000000000000000000, 1.000000000000000000, -0.000000000000000000 ) ) ;
#10941 = CARTESIAN_POINT ( 'NONE',  ( -5.715000000000000746, 0.6999999999999998446, 3.175000000000000711 ) ) ;
#10942 = DIRECTION ( 'NONE',  ( 0.000000000000000000, 0.000000000000000000, 1.000000000000000000 ) ) ;
#10943 = SPHERICAL_SURFACE ( 'NONE', #1561, 0.3750000000000000000 ) ;
#10944 = DIRECTION ( 'NONE',  ( 1.000000000000000000, 0.000000000000000000, 0.000000000000000000 ) ) ;
#10945 = CARTESIAN_POINT ( 'NONE',  ( 1.904999999999999583, 0.3750000000000000000, 3.175000000000000711 ) ) ;
#10946 = ORIENTED_EDGE ( 'NONE', *, *, #9566, .F. ) ;
#10947 = CARTESIAN_POINT ( 'NONE',  ( 6.985000000000000320, 0.3750000000000000000, -1.904999999999999583 ) ) ;
#10948 = ORIENTED_EDGE ( 'NONE', *, *, #1211, .T. ) ;
#10949 = DIRECTION ( 'NONE',  ( 0.000000000000000000, 0.000000000000000000, 1.000000000000000000 ) ) ;
#10950 = DIRECTION ( 'NONE',  ( -0.000000000000000000, 1.000000000000000000, -0.000000000000000000 ) ) ;
#10951 = SURFACE_STYLE_USAGE ( .BOTH. , #4044 ) ;
#10952 = CARTESIAN_POINT ( 'NONE',  ( -0.6350000000000001199, 0.6999999999999999556, 0.6350000000000001199 ) ) ;
#10953 =( GEOMETRIC_REPRESENTATION_CONTEXT ( 3 ) GLOBAL_UNCERTAINTY_ASSIGNED_CONTEXT ( ( #4535 ) ) GLOBAL_UNIT_ASSIGNED_CONTEXT ( ( #5376, #3721, #4546 ) ) REPRESENTATION_CONTEXT ( 'NONE', 'WORKASPACE' ) );
#10954 = FACE_OUTER_BOUND ( 'NONE', #3202, .T. ) ;
#10955 = CIRCLE ( 'NONE', #7226, 0.1870828693386972497 ) ;
#10956 =( LENGTH_UNIT ( ) NAMED_UNIT ( * ) SI_UNIT ( .MILLI., .METRE. ) );
#10957 = ORIENTED_EDGE ( 'NONE', *, *, #6862, .T. ) ;
#10958 = EDGE_LOOP ( 'NONE', ( #2289, #3012 ) ) ;
#10959 = COLOUR_RGB ( '',0.7921568627450980005, 0.8196078431372548767, 0.9333333333333333481 ) ;
#10960 = ORIENTED_EDGE ( 'NONE', *, *, #10204, .F. ) ;
#10961 = PRESENTATION_STYLE_ASSIGNMENT (( #10856 ) ) ;
#10962 = CARTESIAN_POINT ( 'NONE',  ( 0.6349999999999992317, 0.000000000000000000, -4.444999999999999396 ) ) ;
#10963 = CIRCLE ( 'NONE', #812, 0.3749999999999998890 ) ;
#10964 = DIRECTION ( 'NONE',  ( 0.000000000000000000, 0.000000000000000000, -1.000000000000000000 ) ) ;
#10965 = EDGE_CURVE ( 'NONE', #8495, #7143, #8309, .T. ) ;
#10966 = ADVANCED_FACE ( 'NONE', ( #292 ), #3730, .F. ) ;
#10967 = DIRECTION ( 'NONE',  ( -0.000000000000000000, 1.000000000000000000, -0.000000000000000000 ) ) ;
#10968 = ADVANCED_FACE ( 'NONE', ( #5170 ), #1040, .T. ) ;
#10969 = DIRECTION ( 'NONE',  ( 0.000000000000000000, 0.000000000000000000, 1.000000000000000000 ) ) ;
#10970 =( NAMED_UNIT ( * ) SI_UNIT ( $, .STERADIAN. ) SOLID_ANGLE_UNIT ( ) );
#10971 = FACE_OUTER_BOUND ( 'NONE', #40, .T. ) ;
#10972 = AXIS2_PLACEMENT_3D ( 'NONE', #10757, #10706, #10642 ) ;
#10973 = ORIENTED_EDGE ( 'NONE', *, *, #10698, .T. ) ;
#10974 = DIRECTION ( 'NONE',  ( 1.224646799147353207E-16, 0.000000000000000000, -1.000000000000000000 ) ) ;
#10975 = VERTEX_POINT ( 'NONE', #185 ) ;
#10976 = DIRECTION ( 'NONE',  ( 0.000000000000000000, -1.000000000000000000, 0.000000000000000000 ) ) ;
#10977 = ORIENTED_EDGE ( 'NONE', *, *, #1216, .F. ) ;
#10978 = ORIENTED_EDGE ( 'NONE', *, *, #5786, .F. ) ;
#10979 = EDGE_CURVE ( 'NONE', #2286, #8320, #5989, .T. ) ;
#10980 =( GEOMETRIC_REPRESENTATION_CONTEXT ( 3 ) GLOBAL_UNCERTAINTY_ASSIGNED_CONTEXT ( ( #10879 ) ) GLOBAL_UNIT_ASSIGNED_CONTEXT ( ( #5276, #6965, #1099 ) ) REPRESENTATION_CONTEXT ( 'NONE', 'WORKASPACE' ) );
#10981 = PRESENTATION_STYLE_ASSIGNMENT (( #7601 ) ) ;
#10982 = PLANE ( 'NONE',  #84 ) ;
#10983 = STYLED_ITEM ( 'NONE', ( #553 ), #10080 ) ;
#10984 = ORIENTED_EDGE ( 'NONE', *, *, #6963, .T. ) ;
#10985 = CARTESIAN_POINT ( 'NONE',  ( -0.6350000000000001199, 0.000000000000000000, 5.715000000000001634 ) ) ;
#10986 =( GEOMETRIC_REPRESENTATION_CONTEXT ( 3 ) GLOBAL_UNCERTAINTY_ASSIGNED_CONTEXT ( ( #4523 ) ) GLOBAL_UNIT_ASSIGNED_CONTEXT ( ( #10792, #10849, #1591 ) ) REPRESENTATION_CONTEXT ( 'NONE', 'WORKASPACE' ) );
#10987 = ORIENTED_EDGE ( 'NONE', *, *, #5647, .F. ) ;
#10988 =( NAMED_UNIT ( * ) SI_UNIT ( $, .STERADIAN. ) SOLID_ANGLE_UNIT ( ) );
#10989 = UNCERTAINTY_MEASURE_WITH_UNIT (LENGTH_MEASURE( 1.000000000000000082E-05 ), #7197, 'distance_accuracy_value', 'NONE');
#10990 = ORIENTED_EDGE ( 'NONE', *, *, #5035, .F. ) ;
#10991 = DIRECTION ( 'NONE',  ( 1.000000000000000000, 0.000000000000000000, 0.000000000000000000 ) ) ;
#10992 = EDGE_CURVE ( 'NONE', #6930, #7190, #6718, .T. ) ;
#10993 = DIRECTION ( 'NONE',  ( -1.000000000000000000, 0.000000000000000000, 0.000000000000000000 ) ) ;
#10994 = CIRCLE ( 'NONE', #7807, 0.3750000000000003331 ) ;
#10995 = CARTESIAN_POINT ( 'NONE',  ( 3.174999999999999822, 0.3750000000000000000, 6.985000000000001208 ) ) ;
#10996 = CARTESIAN_POINT ( 'NONE',  ( 3.174999999999999822, 0.3750000000000000000, -3.174999999999999822 ) ) ;
#10997 = DIRECTION ( 'NONE',  ( 0.000000000000000000, -0.000000000000000000, -1.000000000000000000 ) ) ;
#10998 = AXIS2_PLACEMENT_3D ( 'NONE', #6431, #9246, #9092 ) ;
#10999 = DIRECTION ( 'NONE',  ( 1.224646799147353207E-16, 0.000000000000000000, -1.000000000000000000 ) ) ;
#11000 = DIRECTION ( 'NONE',  ( 1.000000000000000000, 0.000000000000000000, 0.000000000000000000 ) ) ;
#11001 = VERTEX_POINT ( 'NONE', #6450 ) ;
#11002 = CARTESIAN_POINT ( 'NONE',  ( 3.174999999999999822, 0.000000000000000000, -6.985000000000000320 ) ) ;
#11003 = ORIENTED_EDGE ( 'NONE', *, *, #3645, .T. ) ;
#11004 = SPHERICAL_SURFACE ( 'NONE', #3610, 0.3750000000000000000 ) ;
#11005 = DIRECTION ( 'NONE',  ( 0.000000000000000000, 0.000000000000000000, 1.000000000000000000 ) ) ;
#11006 = SURFACE_STYLE_FILL_AREA ( #110 ) ;
#11007 = DIRECTION ( 'NONE',  ( -0.000000000000000000, 1.000000000000000000, -0.000000000000000000 ) ) ;
#11008 = PLANE ( 'NONE',  #9599 ) ;
#11009 =( GEOMETRIC_REPRESENTATION_CONTEXT ( 3 ) GLOBAL_UNCERTAINTY_ASSIGNED_CONTEXT ( ( #2167 ) ) GLOBAL_UNIT_ASSIGNED_CONTEXT ( ( #2601, #62, #1751 ) ) REPRESENTATION_CONTEXT ( 'NONE', 'WORKASPACE' ) );
#11010 = SURFACE_STYLE_FILL_AREA ( #4228 ) ;
#11011 = CIRCLE ( 'NONE', #3188, 0.1870828693386972497 ) ;
#11012 = ORIENTED_EDGE ( 'NONE', *, *, #2438, .T. ) ;
#11013 = SPHERICAL_SURFACE ( 'NONE', #5025, 0.3750000000000000000 ) ;
#11014 = AXIS2_PLACEMENT_3D ( 'NONE', #199, #9607, #7818 ) ;
#11015 = VERTEX_POINT ( 'NONE', #2144 ) ;
#11016 = SURFACE_SIDE_STYLE ('',( #2663 ) ) ;
#11017 = DIRECTION ( 'NONE',  ( 0.000000000000000000, 0.000000000000000000, 1.000000000000000000 ) ) ;
#11018 = DIRECTION ( 'NONE',  ( 1.000000000000000000, 0.000000000000000000, 0.000000000000000000 ) ) ;
#11019 = CARTESIAN_POINT ( 'NONE',  ( -0.6350000000000001199, 0.3750000000000000000, 1.905000000000000471 ) ) ;
#11020 = AXIS2_PLACEMENT_3D ( 'NONE', #1868, #2935, #3669 ) ;
#11021 = DIRECTION ( 'NONE',  ( 1.000000000000000000, 0.000000000000000000, 0.000000000000000000 ) ) ;
#11022 = ADVANCED_FACE ( 'NONE', ( #1427 ), #4826, .F. ) ;
#11023 = CLOSED_SHELL ( 'NONE', ( #10233, #3554, #646 ) ) ;
#11024 = DIRECTION ( 'NONE',  ( 1.000000000000000000, 0.000000000000000000, 0.000000000000000000 ) ) ;
#11025 = SURFACE_STYLE_USAGE ( .BOTH. , #4300 ) ;
#11026 = ORIENTED_EDGE ( 'NONE', *, *, #8944, .T. ) ;
#11027 = CARTESIAN_POINT ( 'NONE',  ( -5.715000000000000746, 0.3750000000000000000, 0.6350000000000001199 ) ) ;
#11028 = EDGE_CURVE ( 'NONE', #10865, #5548, #1185, .T. ) ;
#11029 = VERTEX_POINT ( 'NONE', #5549 ) ;
#11030 = PLANE ( 'NONE',  #10569 ) ;
#11031 = AXIS2_PLACEMENT_3D ( 'NONE', #6790, #8407, #4283 ) ;
#11032 =( NAMED_UNIT ( * ) PLANE_ANGLE_UNIT ( ) SI_UNIT ( $, .RADIAN. ) );
#11033 = FACE_OUTER_BOUND ( 'NONE', #8201, .T. ) ;
#11034 = ORIENTED_EDGE ( 'NONE', *, *, #2682, .T. ) ;
#11035 = SPHERICAL_SURFACE ( 'NONE', #5010, 0.3750000000000000000 ) ;
#11036 = EDGE_CURVE ( 'NONE', #7990, #1100, #10627, .T. ) ;
#11037 = SURFACE_SIDE_STYLE ('',( #10027 ) ) ;
#11038 = CLOSED_SHELL ( 'NONE', ( #7235, #8979, #6417 ) ) ;
#11039 = EDGE_LOOP ( 'NONE', ( #5434, #10081 ) ) ;
#11040 = EDGE_CURVE ( 'NONE', #2794, #5492, #2428, .T. ) ;
#11041 = VERTEX_POINT ( 'NONE', #9818 ) ;
#11042 = ADVANCED_FACE ( 'NONE', ( #10741 ), #8949, .F. ) ;
#11043 =( GEOMETRIC_REPRESENTATION_CONTEXT ( 3 ) GLOBAL_UNCERTAINTY_ASSIGNED_CONTEXT ( ( #2850 ) ) GLOBAL_UNIT_ASSIGNED_CONTEXT ( ( #8227, #5654, #2308 ) ) REPRESENTATION_CONTEXT ( 'NONE', 'WORKASPACE' ) );
#11044 = DIRECTION ( 'NONE',  ( -1.000000000000000000, 0.000000000000000000, 0.000000000000000000 ) ) ;
#11045 = EDGE_LOOP ( 'NONE', ( #10539, #10924 ) ) ;
#11046 = CARTESIAN_POINT ( 'NONE',  ( -3.175000000000000711, 0.3750000000000000000, -6.985000000000000320 ) ) ;
#11047 = ORIENTED_EDGE ( 'NONE', *, *, #4150, .F. ) ;
#11048 = DIRECTION ( 'NONE',  ( 1.000000000000000000, 0.000000000000000000, 0.000000000000000000 ) ) ;
#11049 = CARTESIAN_POINT ( 'NONE',  ( -1.905000000000000471, 0.3750000000000000000, 5.715000000000001634 ) ) ;
#11050 = CLOSED_SHELL ( 'NONE', ( #8365, #3002, #4674 ) ) ;
#11051 = DIRECTION ( 'NONE',  ( 1.000000000000000000, 0.000000000000000000, 0.000000000000000000 ) ) ;
#11052 = DIRECTION ( 'NONE',  ( 1.000000000000000000, 0.000000000000000000, 0.000000000000000000 ) ) ;
#11053 = LINE ( 'NONE', #5808, #650 ) ;
#11054 = CIRCLE ( 'NONE', #1791, 0.3750000000000003331 ) ;
#11055 = CIRCLE ( 'NONE', #9422, 0.3749999999999998890 ) ;
#11056 = FACE_OUTER_BOUND ( 'NONE', #7597, .T. ) ;
#11057 =( LENGTH_UNIT ( ) NAMED_UNIT ( * ) SI_UNIT ( .MILLI., .METRE. ) );
ENDSEC;
END-ISO-10303-21;
