ISO-10303-21;
HEADER;
FILE_DESCRIPTION (( 'STEP AP214' ),
    '1' );
FILE_NAME ('SK68XXMINI-HS.STEP',
    '2024-07-14T02:26:52',
    ( '' ),
    ( '' ),
    'SwSTEP 2.0',
    'SolidWorks 2021',
    '' );
FILE_SCHEMA (( 'AUTOMOTIVE_DESIGN' ));
ENDSEC;

DATA;
#1 = CARTESIAN_POINT ( 'NONE',  ( 0.3000000000000000999, -3.799999999999999822, -0.3399999999999999689 ) ) ;
#2 = DIRECTION ( 'NONE',  ( 0.000000000000000000, 0.000000000000000000, -1.000000000000000000 ) ) ;
#3 = CARTESIAN_POINT ( 'NONE',  ( 1.749999999999999556, -3.799999999999999822, 1.340000000000000080 ) ) ;
#4 = CARTESIAN_POINT ( 'NONE',  ( -0.2999999999999991007, -3.799999999999999822, -1.239999999999999991 ) ) ;
#5 = VERTEX_POINT ( 'NONE', #722 ) ;
#6 = DIRECTION ( 'NONE',  ( -1.204669080539449344E-16, -0.000000000000000000, 1.000000000000000000 ) ) ;
#7 = FACE_OUTER_BOUND ( 'NONE', #1421, .T. ) ;
#8 = ADVANCED_FACE ( 'NONE', ( #1480 ), #732, .F. ) ;
#9 = ORIENTED_EDGE ( 'NONE', *, *, #937, .F. ) ;
#10 = DIRECTION ( 'NONE',  ( 0.000000000000000000, 0.000000000000000000, -1.000000000000000000 ) ) ;
#11 = ORIENTED_EDGE ( 'NONE', *, *, #1734, .T. ) ;
#12 = ORIENTED_EDGE ( 'NONE', *, *, #306, .F. ) ;
#13 = CARTESIAN_POINT ( 'NONE',  ( -0.9500000000000011768, -3.799999999999999378, 0.4899999999999999911 ) ) ;
#14 = ORIENTED_EDGE ( 'NONE', *, *, #1786, .T. ) ;
#15 = CARTESIAN_POINT ( 'NONE',  ( 1.750000000000001554, -3.799999999999999822, 1.289999999999999813 ) ) ;
#16 = DIRECTION ( 'NONE',  ( 0.000000000000000000, -1.000000000000000000, 0.000000000000000000 ) ) ;
#17 = DIRECTION ( 'NONE',  ( 1.000000000000000000, 0.000000000000000000, 0.000000000000000000 ) ) ;
#18 = VECTOR ( 'NONE', #1806, 1000.000000000000000 ) ;
#19 = CARTESIAN_POINT ( 'NONE',  ( -0.2999999999999991007, -3.899999999999999911, -1.239999999999999991 ) ) ;
#20 = CIRCLE ( 'NONE', #936, 0.2500000000000000000 ) ;
#21 = LINE ( 'NONE', #777, #696 ) ;
#22 = EDGE_CURVE ( 'NONE', #1913, #60, #1684, .T. ) ;
#23 = AXIS2_PLACEMENT_3D ( 'NONE', #796, #1957, #1559 ) ;
#24 = LINE ( 'NONE', #2139, #1337 ) ;
#25 = ORIENTED_EDGE ( 'NONE', *, *, #1775, .F. ) ;
#26 = EDGE_LOOP ( 'NONE', ( #1043, #448, #1804, #1955 ) ) ;
#27 = AXIS2_PLACEMENT_3D ( 'NONE', #2399, #1447, #2213 ) ;
#28 = ADVANCED_FACE ( 'NONE', ( #2259 ), #2077, .T. ) ;
#29 = VECTOR ( 'NONE', #57, 1000.000000000000000 ) ;
#30 = FACE_OUTER_BOUND ( 'NONE', #474, .T. ) ;
#31 = ORIENTED_EDGE ( 'NONE', *, *, #73, .T. ) ;
#32 = VECTOR ( 'NONE', #2121, 1000.000000000000000 ) ;
#33 = CARTESIAN_POINT ( 'NONE',  ( -1.750000000000000222, -3.349999999999998757, -1.289999999999999813 ) ) ;
#34 = CARTESIAN_POINT ( 'NONE',  ( 0.000000000000000000, -3.849999999999999645, 0.000000000000000000 ) ) ;
#35 = LINE ( 'NONE', #1231, #468 ) ;
#36 = EDGE_CURVE ( 'NONE', #2244, #2089, #850, .T. ) ;
#37 = CARTESIAN_POINT ( 'NONE',  ( -1.749999999999998890, -3.899999999999999911, -0.4400000000000000577 ) ) ;
#38 = VERTEX_POINT ( 'NONE', #958 ) ;
#39 = ORIENTED_EDGE ( 'NONE', *, *, #645, .F. ) ;
#40 = EDGE_CURVE ( 'NONE', #98, #689, #2084, .T. ) ;
#41 = PLANE ( 'NONE',  #23 ) ;
#42 = EDGE_CURVE ( 'NONE', #38, #1519, #372, .T. ) ;
#43 = CARTESIAN_POINT ( 'NONE',  ( 1.750000000000001554, -3.799999999999999822, -0.4400000000000000577 ) ) ;
#44 = FACE_OUTER_BOUND ( 'NONE', #695, .T. ) ;
#45 = ORIENTED_EDGE ( 'NONE', *, *, #2327, .T. ) ;
#46 = PLANE ( 'NONE',  #1905 ) ;
#47 = FACE_OUTER_BOUND ( 'NONE', #2012, .T. ) ;
#48 = DIRECTION ( 'NONE',  ( 0.000000000000000000, 0.000000000000000000, -1.000000000000000000 ) ) ;
#49 = ORIENTED_EDGE ( 'NONE', *, *, #389, .T. ) ;
#50 = DIRECTION ( 'NONE',  ( -0.000000000000000000, -0.000000000000000000, 1.000000000000000000 ) ) ;
#51 = CARTESIAN_POINT ( 'NONE',  ( -1.750000000000001110, -3.799999999999998934, -0.4899999999999999911 ) ) ;
#52 = ORIENTED_EDGE ( 'NONE', *, *, #1678, .F. ) ;
#53 = EDGE_CURVE ( 'NONE', #215, #2045, #1754, .T. ) ;
#54 = PLANE ( 'NONE',  #1911 ) ;
#55 = CARTESIAN_POINT ( 'NONE',  ( 0.000000000000000000, -1.949999999999999956, 0.000000000000000000 ) ) ;
#56 = EDGE_CURVE ( 'NONE', #5, #2322, #1157, .T. ) ;
#57 = DIRECTION ( 'NONE',  ( 0.000000000000000000, 0.000000000000000000, -1.000000000000000000 ) ) ;
#58 = ORIENTED_EDGE ( 'NONE', *, *, #1890, .F. ) ;
#59 = DIRECTION ( 'NONE',  ( -0.000000000000000000, 0.000000000000000000, 1.000000000000000000 ) ) ;
#60 = VERTEX_POINT ( 'NONE', #384 ) ;
#61 = ORIENTED_EDGE ( 'NONE', *, *, #1758, .F. ) ;
#62 = VECTOR ( 'NONE', #848, 1000.000000000000000 ) ;
#63 = DIRECTION ( 'NONE',  ( 1.204669080539449344E-16, 0.000000000000000000, -1.000000000000000000 ) ) ;
#64 = AXIS2_PLACEMENT_3D ( 'NONE', #285, #1030, #1634 ) ;
#65 = DIRECTION ( 'NONE',  ( -1.000000000000000000, 1.927470528863117767E-15, 0.000000000000000000 ) ) ;
#66 = ORIENTED_EDGE ( 'NONE', *, *, #2367, .F. ) ;
#67 = PRESENTATION_LAYER_ASSIGNMENT (  '', '', ( #1300 ) ) ;
#68 = CARTESIAN_POINT ( 'NONE',  ( 1.750000000000001554, -3.799999999999999822, -1.289999999999999813 ) ) ;
#69 = PRODUCT_DEFINITION ( 'UNKNOWN', '', #1543, #1078 ) ;
#70 = CYLINDRICAL_SURFACE ( 'NONE', #1423, 0.1250000000000000000 ) ;
#71 = VECTOR ( 'NONE', #1738, 1000.000000000000000 ) ;
#72 = ORIENTED_EDGE ( 'NONE', *, *, #2004, .F. ) ;
#73 = EDGE_CURVE ( 'NONE', #1419, #1770, #1145, .T. ) ;
#74 = DIRECTION ( 'NONE',  ( 0.000000000000000000, -1.000000000000000000, 0.000000000000000000 ) ) ;
#75 = ORIENTED_EDGE ( 'NONE', *, *, #1610, .F. ) ;
#76 = CARTESIAN_POINT ( 'NONE',  ( 1.749999999999999556, -3.799999999999999822, 1.340000000000000080 ) ) ;
#77 = DIRECTION ( 'NONE',  ( -1.927470528863117767E-15, -1.000000000000000000, 0.000000000000000000 ) ) ;
#78 = ORIENTED_EDGE ( 'NONE', *, *, #1551, .T. ) ;
#79 = ORIENTED_EDGE ( 'NONE', *, *, #711, .F. ) ;
#80 = LINE ( 'NONE', #2156, #933 ) ;
#81 = ORIENTED_EDGE ( 'NONE', *, *, #1678, .T. ) ;
#82 = SURFACE_SIDE_STYLE ('',( #1778 ) ) ;
#83 = DIRECTION ( 'NONE',  ( -1.000000000000000000, 0.000000000000000000, -0.000000000000000000 ) ) ;
#84 = CARTESIAN_POINT ( 'NONE',  ( -0.9500000000000011768, -3.899999999999999467, 1.289999999999999813 ) ) ;
#85 = LINE ( 'NONE', #841, #619 ) ;
#86 = CARTESIAN_POINT ( 'NONE',  ( -0.2999999999999991007, -3.899999999999999911, -1.239999999999999991 ) ) ;
#87 = EDGE_CURVE ( 'NONE', #2195, #603, #2094, .T. ) ;
#88 = ORIENTED_EDGE ( 'NONE', *, *, #682, .F. ) ;
#89 = DIRECTION ( 'NONE',  ( 0.000000000000000000, 0.000000000000000000, -1.000000000000000000 ) ) ;
#90 = ORIENTED_EDGE ( 'NONE', *, *, #36, .F. ) ;
#91 = EDGE_LOOP ( 'NONE', ( #535, #1103, #31, #295 ) ) ;
#92 = EDGE_CURVE ( 'NONE', #2257, #1409, #1894, .T. ) ;
#93 = CARTESIAN_POINT ( 'NONE',  ( -1.100000000000000533, -1.949999999999999956, -1.750000000000000000 ) ) ;
#94 = FILL_AREA_STYLE_COLOUR ( '', #549 ) ;
#95 = LINE ( 'NONE', #315, #660 ) ;
#96 = VERTEX_POINT ( 'NONE', #971 ) ;
#97 = PLANE ( 'NONE',  #1862 ) ;
#98 = VERTEX_POINT ( 'NONE', #1357 ) ;
#99 = CARTESIAN_POINT ( 'NONE',  ( -0.9500000000000011768, -3.799999999999999378, -1.289999999999999813 ) ) ;
#100 = ORIENTED_EDGE ( 'NONE', *, *, #1832, .T. ) ;
#101 = ORIENTED_EDGE ( 'NONE', *, *, #325, .T. ) ;
#102 = VECTOR ( 'NONE', #765, 1000.000000000000000 ) ;
#103 = DIRECTION ( 'NONE',  ( 0.000000000000000000, 0.000000000000000000, -1.000000000000000000 ) ) ;
#104 = EDGE_CURVE ( 'NONE', #1013, #438, #21, .T. ) ;
#105 = ORIENTED_EDGE ( 'NONE', *, *, #1818, .T. ) ;
#106 = VECTOR ( 'NONE', #1465, 1000.000000000000000 ) ;
#107 = CARTESIAN_POINT ( 'NONE',  ( 1.749999999999999556, -2.750000000000019540, -1.750000000000000000 ) ) ;
#108 = VECTOR ( 'NONE', #2222, 1000.000000000000000 ) ;
#109 = VECTOR ( 'NONE', #2199, 1000.000000000000000 ) ;
#110 = ORIENTED_EDGE ( 'NONE', *, *, #2391, .F. ) ;
#111 = DIRECTION ( 'NONE',  ( -3.614007241618347785E-16, 0.000000000000000000, 1.000000000000000000 ) ) ;
#112 = LINE ( 'NONE', #1440, #219 ) ;
#113 = VECTOR ( 'NONE', #2251, 1000.000000000000000 ) ;
#114 = EDGE_LOOP ( 'NONE', ( #454, #14 ) ) ;
#115 = DIRECTION ( 'NONE',  ( 0.000000000000000000, -1.000000000000000000, 0.000000000000000000 ) ) ;
#116 = ORIENTED_EDGE ( 'NONE', *, *, #1629, .T. ) ;
#117 = DIRECTION ( 'NONE',  ( -0.000000000000000000, -0.000000000000000000, 1.000000000000000000 ) ) ;
#118 = ORIENTED_EDGE ( 'NONE', *, *, #2393, .F. ) ;
#119 = CARTESIAN_POINT ( 'NONE',  ( -1.750000000000000444, -1.949999999999999956, -1.637567332238086815 ) ) ;
#120 = DIRECTION ( 'NONE',  ( 0.000000000000000000, 0.000000000000000000, -1.000000000000000000 ) ) ;
#121 = VERTEX_POINT ( 'NONE', #589 ) ;
#122 = CARTESIAN_POINT ( 'NONE',  ( -1.750000000000000222, -3.899999999999999023, -1.289999999999999813 ) ) ;
#123 = EDGE_LOOP ( 'NONE', ( #683, #1045, #2106, #785 ) ) ;
#124 = DIRECTION ( 'NONE',  ( 0.000000000000000000, 0.000000000000000000, 1.000000000000000000 ) ) ;
#125 = PLANE ( 'NONE',  #1384 ) ;
#126 = VERTEX_POINT ( 'NONE', #2124 ) ;
#127 = DIRECTION ( 'NONE',  ( -1.000000000000000000, -0.000000000000000000, -0.000000000000000000 ) ) ;
#128 = EDGE_CURVE ( 'NONE', #2323, #1583, #1169, .T. ) ;
#129 = ORIENTED_EDGE ( 'NONE', *, *, #569, .T. ) ;
#130 = CARTESIAN_POINT ( 'NONE',  ( -0.2999999999999999889, -3.899999999999999911, 1.239999999999999991 ) ) ;
#131 = ADVANCED_FACE ( 'NONE', ( #982 ), #790, .F. ) ;
#132 = VERTEX_POINT ( 'NONE', #747 ) ;
#133 = LINE ( 'NONE', #708, #106 ) ;
#134 = CARTESIAN_POINT ( 'NONE',  ( -0.2999999999999999889, -3.799999999999999822, 1.239999999999999991 ) ) ;
#135 = ORIENTED_EDGE ( 'NONE', *, *, #1348, .T. ) ;
#136 = FACE_OUTER_BOUND ( 'NONE', #852, .T. ) ;
#137 = FACE_OUTER_BOUND ( 'NONE', #2206, .T. ) ;
#138 = CARTESIAN_POINT ( 'NONE',  ( -1.606451724554977201, -1.728600947198008830, 1.606451724554976535 ) ) ;
#139 = ORIENTED_EDGE ( 'NONE', *, *, #1115, .F. ) ;
#140 = AXIS2_PLACEMENT_3D ( 'NONE', #614, #1381, #1654 ) ;
#141 = AXIS2_PLACEMENT_3D ( 'NONE', #2364, #330, #124 ) ;
#142 = CARTESIAN_POINT ( 'NONE',  ( -1.850000000000000977, -3.799999999999998046, -1.289999999999999813 ) ) ;
#143 = PRESENTATION_LAYER_ASSIGNMENT (  '', '', ( #1616 ) ) ;
#144 = CARTESIAN_POINT ( 'NONE',  ( 0.000000000000000000, -3.799999999999999822, 0.000000000000000000 ) ) ;
#145 = LINE ( 'NONE', #1097, #2147 ) ;
#146 = VECTOR ( 'NONE', #2348, 1000.000000000000000 ) ;
#147 = ORIENTED_EDGE ( 'NONE', *, *, #607, .F. ) ;
#148 = VECTOR ( 'NONE', #171, 1000.000000000000000 ) ;
#149 = EDGE_CURVE ( 'NONE', #1395, #60, #1505, .T. ) ;
#150 = LINE ( 'NONE', #976, #2217 ) ;
#151 = CARTESIAN_POINT ( 'NONE',  ( -1.750000000000000222, -3.349999999999998757, 1.289999999999999813 ) ) ;
#152 = ORIENTED_EDGE ( 'NONE', *, *, #485, .F. ) ;
#153 = VECTOR ( 'NONE', #608, 1000.000000000000000 ) ;
#154 = VECTOR ( 'NONE', #1249, 1000.000000000000000 ) ;
#155 = CARTESIAN_POINT ( 'NONE',  ( -0.2999999999999998779, -3.899999999999999911, 0.3400000000000000244 ) ) ;
#156 = CARTESIAN_POINT ( 'NONE',  ( -1.750000000000001110, -3.799999999999998934, 1.289999999999999813 ) ) ;
#157 = DIRECTION ( 'NONE',  ( 1.000000000000000000, 0.000000000000000000, 0.000000000000000000 ) ) ;
#158 = DIRECTION ( 'NONE',  ( 0.000000000000000000, -0.000000000000000000, -1.000000000000000000 ) ) ;
#159 = PLANE ( 'NONE',  #1830 ) ;
#160 = CARTESIAN_POINT ( 'NONE',  ( 0.8500000000000005329, -3.899999999999999911, -0.4400000000000000022 ) ) ;
#161 = CARTESIAN_POINT ( 'NONE',  ( -0.9500000000000011768, -3.799999999999999378, -1.289999999999999813 ) ) ;
#162 = VERTEX_POINT ( 'NONE', #1318 ) ;
#163 = EDGE_CURVE ( 'NONE', #582, #2201, #641, .T. ) ;
#164 = PLANE ( 'NONE',  #1939 ) ;
#165 = CARTESIAN_POINT ( 'NONE',  ( 0.000000000000000000, -3.899999999999999911, -0.2500000000000000000 ) ) ;
#166 = EDGE_CURVE ( 'NONE', #1592, #1519, #1404, .T. ) ;
#167 = CARTESIAN_POINT ( 'NONE',  ( 1.750000000000000222, -3.799999999999999822, 1.289999999999999813 ) ) ;
#168 = CARTESIAN_POINT ( 'NONE',  ( 1.749999999999999778, -3.349999999999999645, -0.4899999999999999911 ) ) ;
#169 = PLANE ( 'NONE',  #2223 ) ;
#170 = ORIENTED_EDGE ( 'NONE', *, *, #1128, .F. ) ;
#171 = DIRECTION ( 'NONE',  ( 0.000000000000000000, 0.000000000000000000, -1.000000000000000000 ) ) ;
#172 = DIRECTION ( 'NONE',  ( 0.000000000000000000, 0.1391731009600622182, -0.9902680687415708061 ) ) ;
#173 = EDGE_CURVE ( 'NONE', #689, #2272, #842, .T. ) ;
#174 = CARTESIAN_POINT ( 'NONE',  ( -0.2999999999999998779, -3.899999999999999911, 0.3400000000000000244 ) ) ;
#175 = CARTESIAN_POINT ( 'NONE',  ( 0.8499999999999994227, -3.799999999999999822, 0.4400000000000000577 ) ) ;
#176 = EDGE_LOOP ( 'NONE', ( #568, #2331, #2442, #249 ) ) ;
#177 = EDGE_CURVE ( 'NONE', #1688, #2049, #1651, .T. ) ;
#178 = CARTESIAN_POINT ( 'NONE',  ( -1.850000000000000533, -3.349999999999998757, -1.289999999999999813 ) ) ;
#179 = VERTEX_POINT ( 'NONE', #1204 ) ;
#180 = VECTOR ( 'NONE', #1861, 1000.000000000000000 ) ;
#181 = LINE ( 'NONE', #753, #986 ) ;
#182 = CARTESIAN_POINT ( 'NONE',  ( -1.637567332238087703, -1.949999999999999956, -1.212432667761912164 ) ) ;
#183 = AXIS2_PLACEMENT_3D ( 'NONE', #770, #1349, #1172 ) ;
#184 = VECTOR ( 'NONE', #2365, 1000.000000000000000 ) ;
#185 = PLANE ( 'NONE',  #272 ) ;
#186 = STYLED_ITEM ( 'NONE', ( #2319 ), #1540 ) ;
#187 = AXIS2_PLACEMENT_3D ( 'NONE', #2413, #366, #1864 ) ;
#188 = DIRECTION ( 'NONE',  ( -1.000000000000000000, 0.000000000000000000, -0.000000000000000000 ) ) ;
#189 = ORIENTED_EDGE ( 'NONE', *, *, #1871, .F. ) ;
#190 = EDGE_LOOP ( 'NONE', ( #685, #380, #1108, #218, #2452, #1635, #1934, #1536, #867, #1589, #189, #746, #768, #1194, #1938, #1448, #397, #829, #451, #678 ) ) ;
#191 = LINE ( 'NONE', #1150, #938 ) ;
#192 = ORIENTED_EDGE ( 'NONE', *, *, #816, .T. ) ;
#193 = ADVANCED_FACE ( 'NONE', ( #1601 ), #1787, .F. ) ;
#194 = FILL_AREA_STYLE_COLOUR ( '', #2426 ) ;
#195 = DIRECTION ( 'NONE',  ( 0.000000000000000000, 0.000000000000000000, 1.000000000000000000 ) ) ;
#196 = EDGE_CURVE ( 'NONE', #121, #2235, #653, .T. ) ;
#197 =( NAMED_UNIT ( * ) PLANE_ANGLE_UNIT ( ) SI_UNIT ( $, .RADIAN. ) );
#198 = CARTESIAN_POINT ( 'NONE',  ( 0.9500000000000002887, -3.899999999999999911, 1.289999999999999813 ) ) ;
#199 = DIRECTION ( 'NONE',  ( -0.000000000000000000, -1.000000000000000000, -0.000000000000000000 ) ) ;
#200 = ORIENTED_EDGE ( 'NONE', *, *, #1260, .T. ) ;
#201 = EDGE_LOOP ( 'NONE', ( #1746, #11, #872, #1928 ) ) ;
#202 = CARTESIAN_POINT ( 'NONE',  ( -1.750000000000000444, -3.899999999999999911, 1.749999999999999778 ) ) ;
#203 = VERTEX_POINT ( 'NONE', #2006 ) ;
#204 = DIRECTION ( 'NONE',  ( 1.000000000000000000, 0.000000000000000000, -0.000000000000000000 ) ) ;
#205 = ADVANCED_FACE ( 'NONE', ( #47 ), #1565, .F. ) ;
#206 = CARTESIAN_POINT ( 'NONE',  ( -1.658648457443445912, -2.100000000000000089, -1.191351542556553955 ) ) ;
#207 = CARTESIAN_POINT ( 'NONE',  ( -1.750000000000000444, -3.799999999999999822, 0.4400000000000000577 ) ) ;
#208 = EDGE_CURVE ( 'NONE', #2361, #885, #492, .T. ) ;
#209 =( NAMED_UNIT ( * ) SI_UNIT ( $, .STERADIAN. ) SOLID_ANGLE_UNIT ( ) );
#210 = DIRECTION ( 'NONE',  ( -0.000000000000000000, -0.000000000000000000, -1.000000000000000000 ) ) ;
#211 = DIRECTION ( 'NONE',  ( 0.000000000000000000, -1.000000000000000000, 0.000000000000000000 ) ) ;
#212 = CARTESIAN_POINT ( 'NONE',  ( 1.749999999999999556, -3.899999999999999911, 1.749999999999999778 ) ) ;
#213 = VERTEX_POINT ( 'NONE', #1824 ) ;
#214 = LINE ( 'NONE', #1725, #310 ) ;
#215 = VERTEX_POINT ( 'NONE', #2074 ) ;
#216 = CARTESIAN_POINT ( 'NONE',  ( 0.9500000000000002887, -3.899999999999999911, -1.289999999999999813 ) ) ;
#217 = CARTESIAN_POINT ( 'NONE',  ( -1.850000000000000977, -3.799999999999998046, 1.289999999999999813 ) ) ;
#218 = ORIENTED_EDGE ( 'NONE', *, *, #861, .F. ) ;
#219 = VECTOR ( 'NONE', #120, 1000.000000000000000 ) ;
#220 = ORIENTED_EDGE ( 'NONE', *, *, #2269, .F. ) ;
#221 = DIRECTION ( 'NONE',  ( 0.000000000000000000, -1.000000000000000000, 0.000000000000000000 ) ) ;
#222 = VECTOR ( 'NONE', #1344, 1000.000000000000000 ) ;
#223 = DIRECTION ( 'NONE',  ( -0.000000000000000000, -1.000000000000000000, 0.000000000000000000 ) ) ;
#224 = EDGE_CURVE ( 'NONE', #2272, #2228, #112, .T. ) ;
#225 = COLOUR_RGB ( '',0.7921568627450980005, 0.8196078431372548767, 0.9333333333333333481 ) ;
#226 = FACE_OUTER_BOUND ( 'NONE', #642, .T. ) ;
#227 = DIRECTION ( 'NONE',  ( 0.000000000000000000, 0.000000000000000000, -1.000000000000000000 ) ) ;
#228 = ORIENTED_EDGE ( 'NONE', *, *, #1451, .T. ) ;
#229 = AXIS2_PLACEMENT_3D ( 'NONE', #2202, #1053, #844 ) ;
#230 = EDGE_CURVE ( 'NONE', #1571, #919, #878, .T. ) ;
#231 = VECTOR ( 'NONE', #2309, 1000.000000000000000 ) ;
#232 = LINE ( 'NONE', #2290, #2332 ) ;
#233 = ORIENTED_EDGE ( 'NONE', *, *, #2200, .T. ) ;
#234 = VECTOR ( 'NONE', #1664, 1000.000000000000000 ) ;
#235 = DIRECTION ( 'NONE',  ( -1.000000000000000000, 0.000000000000000000, 0.000000000000000000 ) ) ;
#236 = CARTESIAN_POINT ( 'NONE',  ( -0.2999999999999998779, -3.799999999999999822, 0.3400000000000000244 ) ) ;
#237 = ORIENTED_EDGE ( 'NONE', *, *, #53, .T. ) ;
#238 = LINE ( 'NONE', #2005, #1111 ) ;
#239 = FACE_OUTER_BOUND ( 'NONE', #794, .T. ) ;
#240 = CARTESIAN_POINT ( 'NONE',  ( -0.9500000000000011768, -3.899999999999999467, -1.289999999999999813 ) ) ;
#241 = EDGE_CURVE ( 'NONE', #2448, #463, #1155, .T. ) ;
#242 = CARTESIAN_POINT ( 'NONE',  ( -1.750000000000001110, -3.799999999999998934, 0.4899999999999999911 ) ) ;
#243 = LINE ( 'NONE', #427, #1107 ) ;
#244 = ADVANCED_FACE ( 'NONE', ( #1354 ), #2122, .F. ) ;
#245 = VERTEX_POINT ( 'NONE', #1273 ) ;
#246 = FACE_OUTER_BOUND ( 'NONE', #1484, .T. ) ;
#247 = DIRECTION ( 'NONE',  ( 6.023345402697240556E-17, -0.000000000000000000, 1.000000000000000000 ) ) ;
#248 = CARTESIAN_POINT ( 'NONE',  ( 1.749999999999999556, -3.899999999999999911, 1.340000000000000080 ) ) ;
#249 = ORIENTED_EDGE ( 'NONE', *, *, #1255, .T. ) ;
#250 = CARTESIAN_POINT ( 'NONE',  ( -1.750000000000000444, -2.750000000000019540, 1.749999999999999778 ) ) ;
#251 = ORIENTED_EDGE ( 'NONE', *, *, #1056, .F. ) ;
#252 = LINE ( 'NONE', #1369, #1655 ) ;
#253 = PLANE ( 'NONE',  #979 ) ;
#254 = ORIENTED_EDGE ( 'NONE', *, *, #42, .T. ) ;
#255 = ORIENTED_EDGE ( 'NONE', *, *, #149, .F. ) ;
#256 = EDGE_CURVE ( 'NONE', #2101, #132, #1636, .T. ) ;
#257 = FACE_OUTER_BOUND ( 'NONE', #2375, .T. ) ;
#258 = EDGE_LOOP ( 'NONE', ( #1023, #152, #2009, #647 ) ) ;
#259 = EDGE_CURVE ( 'NONE', #1435, #1036, #2289, .T. ) ;
#260 = DIRECTION ( 'NONE',  ( 0.000000000000000000, -1.000000000000000000, 0.000000000000000000 ) ) ;
#261 = DIRECTION ( 'NONE',  ( 0.000000000000000000, -0.000000000000000000, 1.000000000000000000 ) ) ;
#262 = ORIENTED_EDGE ( 'NONE', *, *, #1799, .T. ) ;
#263 = AXIS2_PLACEMENT_3D ( 'NONE', #2246, #532, #2065 ) ;
#264 = ORIENTED_EDGE ( 'NONE', *, *, #1119, .T. ) ;
#265 = CARTESIAN_POINT ( 'NONE',  ( -1.750000000000000222, -3.349999999999998757, -1.289999999999999813 ) ) ;
#266 = EDGE_LOOP ( 'NONE', ( #843, #61, #1665, #1581, #1555, #2449 ) ) ;
#267 = ORIENTED_EDGE ( 'NONE', *, *, #812, .F. ) ;
#268 = VECTOR ( 'NONE', #1285, 1000.000000000000000 ) ;
#269 = LINE ( 'NONE', #2388, #1413 ) ;
#270 = AXIS2_PLACEMENT_3D ( 'NONE', #1044, #65, #1807 ) ;
#271 = ORIENTED_EDGE ( 'NONE', *, *, #744, .T. ) ;
#272 = AXIS2_PLACEMENT_3D ( 'NONE', #1341, #2466, #948 ) ;
#273 = LINE ( 'NONE', #2024, #1790 ) ;
#274 = CARTESIAN_POINT ( 'NONE',  ( -1.750000000000000222, -3.349999999999998757, -0.4899999999999999911 ) ) ;
#275 = LINE ( 'NONE', #1363, #2149 ) ;
#276 = CIRCLE ( 'NONE', #1994, 0.09999999999999982514 ) ;
#277 = EDGE_CURVE ( 'NONE', #1907, #203, #269, .T. ) ;
#278 = ORIENTED_EDGE ( 'NONE', *, *, #351, .T. ) ;
#279 = FACE_OUTER_BOUND ( 'NONE', #1546, .T. ) ;
#280 = ORIENTED_EDGE ( 'NONE', *, *, #104, .F. ) ;
#281 = FACE_OUTER_BOUND ( 'NONE', #1042, .T. ) ;
#282 = LINE ( 'NONE', #1041, #542 ) ;
#283 = ORIENTED_EDGE ( 'NONE', *, *, #2119, .T. ) ;
#284 = DIRECTION ( 'NONE',  ( 3.614007241618347785E-16, 0.000000000000000000, -1.000000000000000000 ) ) ;
#285 = CARTESIAN_POINT ( 'NONE',  ( -0.2999999999999991007, -3.799999999999999822, -1.239999999999999991 ) ) ;
#286 = EDGE_LOOP ( 'NONE', ( #105, #1595, #1808, #1452, #1895, #513, #1058 ) ) ;
#287 = LINE ( 'NONE', #274, #1175 ) ;
#288 = CARTESIAN_POINT ( 'NONE',  ( 0.000000000000000000, -2.100000000000000089, -1.658648457443445023 ) ) ;
#289 = ADVANCED_FACE ( 'NONE', ( #441 ), #847, .F. ) ;
#290 = LINE ( 'NONE', #1380, #1947 ) ;
#291 = ADVANCED_FACE ( 'NONE', ( #1623 ), #1983, .F. ) ;
#292 = VERTEX_POINT ( 'NONE', #2351 ) ;
#293 = DIRECTION ( 'NONE',  ( 0.000000000000000000, -1.000000000000000000, -0.000000000000000000 ) ) ;
#294 = LINE ( 'NONE', #2330, #1737 ) ;
#295 = ORIENTED_EDGE ( 'NONE', *, *, #1591, .T. ) ;
#296 = ORIENTED_EDGE ( 'NONE', *, *, #1642, .F. ) ;
#297 = EDGE_LOOP ( 'NONE', ( #892, #951 ) ) ;
#298 = CARTESIAN_POINT ( 'NONE',  ( 0.000000000000000000, 0.000000000000000000, 0.000000000000000000 ) ) ;
#299 = SURFACE_STYLE_USAGE ( .BOTH. , #1262 ) ;
#300 = EDGE_LOOP ( 'NONE', ( #1596, #1148, #2014, #1068 ) ) ;
#301 = CARTESIAN_POINT ( 'NONE',  ( -1.750000000000001110, -3.799999999999998934, -1.289999999999999813 ) ) ;
#302 = ORIENTED_EDGE ( 'NONE', *, *, #726, .T. ) ;
#303 = CARTESIAN_POINT ( 'NONE',  ( -1.749999999999998890, -3.899999999999999911, -0.4400000000000000577 ) ) ;
#304 = VECTOR ( 'NONE', #1308, 1000.000000000000114 ) ;
#305 = VERTEX_POINT ( 'NONE', #661 ) ;
#306 = EDGE_CURVE ( 'NONE', #2372, #305, #80, .T. ) ;
#307 = AXIS2_PLACEMENT_3D ( 'NONE', #802, #1979, #1052 ) ;
#308 = CARTESIAN_POINT ( 'NONE',  ( 0.3000000000000000999, -3.799999999999999822, 0.3400000000000000799 ) ) ;
#309 = PLANE ( 'NONE',  #64 ) ;
#310 = VECTOR ( 'NONE', #6, 1000.000000000000000 ) ;
#311 = ORIENTED_EDGE ( 'NONE', *, *, #1854, .T. ) ;
#312 = ADVANCED_FACE ( 'NONE', ( #1196 ), #857, .F. ) ;
#313 = AXIS2_PLACEMENT_3D ( 'NONE', #2029, #1118, #1268 ) ;
#314 = CARTESIAN_POINT ( 'NONE',  ( -1.750000000000000444, -3.899999999999999911, -1.750000000000000000 ) ) ;
#315 = CARTESIAN_POINT ( 'NONE',  ( 0.2999999999999999889, -3.799999999999999822, 1.239999999999999991 ) ) ;
#316 = VECTOR ( 'NONE', #2412, 1000.000000000000000 ) ;
#317 = CIRCLE ( 'NONE', #1705, 0.09999999999999982514 ) ;
#318 = AXIS2_PLACEMENT_3D ( 'NONE', #55, #2146, #2340 ) ;
#319 = ORIENTED_EDGE ( 'NONE', *, *, #1429, .T. ) ;
#320 =( GEOMETRIC_REPRESENTATION_CONTEXT ( 3 ) GLOBAL_UNCERTAINTY_ASSIGNED_CONTEXT ( ( #1640 ) ) GLOBAL_UNIT_ASSIGNED_CONTEXT ( ( #1163, #1931, #411 ) ) REPRESENTATION_CONTEXT ( 'NONE', 'WORKASPACE' ) );
#321 = LINE ( 'NONE', #151, #108 ) ;
#322 = EDGE_CURVE ( 'NONE', #2414, #126, #635, .T. ) ;
#323 = CARTESIAN_POINT ( 'NONE',  ( -1.750000000000000444, -3.899999999999999911, 0.4400000000000000577 ) ) ;
#324 = ORIENTED_EDGE ( 'NONE', *, *, #374, .F. ) ;
#325 = EDGE_CURVE ( 'NONE', #2089, #2244, #1774, .T. ) ;
#326 = CARTESIAN_POINT ( 'NONE',  ( 1.749999999999999778, -3.349999999999999645, -0.4899999999999999911 ) ) ;
#327 = EDGE_LOOP ( 'NONE', ( #1080, #1792, #1236, #605, #271, #1965, #1776 ) ) ;
#328 = LINE ( 'NONE', #1280, #1176 ) ;
#329 = EDGE_LOOP ( 'NONE', ( #915, #498, #760, #1968, #1805 ) ) ;
#330 = DIRECTION ( 'NONE',  ( -1.000000000000000000, 0.000000000000000000, 0.000000000000000000 ) ) ;
#331 = LINE ( 'NONE', #883, #316 ) ;
#332 = CARTESIAN_POINT ( 'NONE',  ( -0.2999999999999991007, -3.799999999999999822, -1.239999999999999991 ) ) ;
#333 = ORIENTED_EDGE ( 'NONE', *, *, #485, .T. ) ;
#334 = EDGE_CURVE ( 'NONE', #797, #2361, #1029, .T. ) ;
#335 = CARTESIAN_POINT ( 'NONE',  ( 0.000000000000000000, -3.899999999999999911, -0.1250000000000000000 ) ) ;
#336 = CARTESIAN_POINT ( 'NONE',  ( -1.750000000000000444, -3.899999999999999911, -1.750000000000000000 ) ) ;
#337 = EDGE_LOOP ( 'NONE', ( #1388, #1065, #1099, #488, #2051, #72, #1160 ) ) ;
#338 = EDGE_CURVE ( 'NONE', #2127, #1011, #676, .T. ) ;
#339 = ORIENTED_EDGE ( 'NONE', *, *, #224, .T. ) ;
#340 = FILL_AREA_STYLE_COLOUR ( '', #899 ) ;
#341 = ORIENTED_EDGE ( 'NONE', *, *, #128, .T. ) ;
#342 = DIRECTION ( 'NONE',  ( 0.000000000000000000, -0.000000000000000000, -1.000000000000000000 ) ) ;
#343 = LINE ( 'NONE', #1887, #234 ) ;
#344 = VERTEX_POINT ( 'NONE', #1002 ) ;
#345 = LINE ( 'NONE', #142, #268 ) ;
#346 = AXIS2_PLACEMENT_3D ( 'NONE', #2000, #1984, #2011 ) ;
#347 = LINE ( 'NONE', #1668, #2070 ) ;
#348 = CIRCLE ( 'NONE', #1071, 0.09999999999999982514 ) ;
#349 = PRESENTATION_LAYER_ASSIGNMENT (  '', '', ( #186 ) ) ;
#350 = ORIENTED_EDGE ( 'NONE', *, *, #2123, .F. ) ;
#351 = EDGE_CURVE ( 'NONE', #1923, #664, #1759, .T. ) ;
#352 = LINE ( 'NONE', #906, #615 ) ;
#353 = ORIENTED_EDGE ( 'NONE', *, *, #1014, .T. ) ;
#354 = VECTOR ( 'NONE', #559, 1000.000000000000000 ) ;
#355 = DIRECTION ( 'NONE',  ( 0.000000000000000000, -1.000000000000000000, 0.000000000000000000 ) ) ;
#356 = DIRECTION ( 'NONE',  ( 1.000000000000000000, 0.000000000000000000, 0.000000000000000000 ) ) ;
#357 = LINE ( 'NONE', #1121, #669 ) ;
#358 = CARTESIAN_POINT ( 'NONE',  ( 1.750000000000000222, -3.799999999999999822, 1.289999999999999813 ) ) ;
#359 = DIRECTION ( 'NONE',  ( 1.000000000000000000, 0.000000000000000000, 0.000000000000000000 ) ) ;
#360 = FACE_OUTER_BOUND ( 'NONE', #804, .T. ) ;
#361 = ORIENTED_EDGE ( 'NONE', *, *, #177, .F. ) ;
#362 = VERTEX_POINT ( 'NONE', #1209 ) ;
#363 = DIRECTION ( 'NONE',  ( 0.000000000000000000, 0.000000000000000000, 1.000000000000000000 ) ) ;
#364 = CARTESIAN_POINT ( 'NONE',  ( 0.000000000000000000, -1.949999999999999956, -1.637567332238086815 ) ) ;
#365 = ADVANCED_FACE ( 'NONE', ( #621 ), #1794, .F. ) ;
#366 = DIRECTION ( 'NONE',  ( 0.000000000000000000, -1.000000000000000000, -0.000000000000000000 ) ) ;
#367 = CARTESIAN_POINT ( 'NONE',  ( 0.8499999999999994227, -3.799999999999999822, 0.4400000000000000577 ) ) ;
#368 = CARTESIAN_POINT ( 'NONE',  ( -1.750000000000001110, -3.799999999999998934, 1.289999999999999813 ) ) ;
#369 = CARTESIAN_POINT ( 'NONE',  ( -1.749999999999998890, -3.899999999999999911, -1.340000000000000080 ) ) ;
#370 = ORIENTED_EDGE ( 'NONE', *, *, #1689, .F. ) ;
#371 = SURFACE_STYLE_FILL_AREA ( #2095 ) ;
#372 = LINE ( 'NONE', #1179, #2179 ) ;
#373 = LINE ( 'NONE', #2311, #1140 ) ;
#374 = EDGE_CURVE ( 'NONE', #1198, #292, #1456, .T. ) ;
#375 = CARTESIAN_POINT ( 'NONE',  ( 1.749999999999999778, -3.349999999999999645, -1.289999999999999813 ) ) ;
#376 = EDGE_CURVE ( 'NONE', #689, #2437, #893, .T. ) ;
#377 = VECTOR ( 'NONE', #817, 1000.000000000000000 ) ;
#378 = DIRECTION ( 'NONE',  ( 0.000000000000000000, 0.000000000000000000, 1.000000000000000000 ) ) ;
#379 = DIRECTION ( 'NONE',  ( 1.000000000000000000, -5.421010862427523156E-16, 0.000000000000000000 ) ) ;
#380 = ORIENTED_EDGE ( 'NONE', *, *, #1242, .F. ) ;
#381 = AXIS2_PLACEMENT_3D ( 'NONE', #167, #925, #1650 ) ;
#382 = AXIS2_PLACEMENT_3D ( 'NONE', #1743, #1900, #1916 ) ;
#383 = LINE ( 'NONE', #1914, #2028 ) ;
#384 = CARTESIAN_POINT ( 'NONE',  ( -1.191351542556554843, -2.100000000000000089, -1.658648457443445245 ) ) ;
#385 = VECTOR ( 'NONE', #734, 1000.000000000000000 ) ;
#386 = DIRECTION ( 'NONE',  ( -1.000000000000000000, -0.000000000000000000, -0.000000000000000000 ) ) ;
#387 = ORIENTED_EDGE ( 'NONE', *, *, #149, .T. ) ;
#388 = AXIS2_PLACEMENT_3D ( 'NONE', #1974, #260, #502 ) ;
#389 = EDGE_CURVE ( 'NONE', #2049, #793, #686, .T. ) ;
#390 = DIRECTION ( 'NONE',  ( -3.854941057726235533E-15, 1.000000000000000000, 0.000000000000000000 ) ) ;
#391 = EDGE_CURVE ( 'NONE', #2323, #443, #2067, .T. ) ;
#392 = CARTESIAN_POINT ( 'NONE',  ( -1.750000000000000444, -3.899999999999999911, 1.749999999999999778 ) ) ;
#393 = DIRECTION ( 'NONE',  ( 1.000000000000000000, -9.637352644315606583E-16, 0.000000000000000000 ) ) ;
#394 = ORIENTED_EDGE ( 'NONE', *, *, #1274, .F. ) ;
#395 = CARTESIAN_POINT ( 'NONE',  ( -0.2999999999999991007, -3.799999999999999822, -1.239999999999999991 ) ) ;
#396 = CARTESIAN_POINT ( 'NONE',  ( 0.000000000000000000, -3.849999999999999645, 0.000000000000000000 ) ) ;
#397 = ORIENTED_EDGE ( 'NONE', *, *, #208, .F. ) ;
#398 = CARTESIAN_POINT ( 'NONE',  ( -1.850000000000000977, -3.799999999999998934, -1.289999999999999813 ) ) ;
#399 = LINE ( 'NONE', #33, #431 ) ;
#400 = DIRECTION ( 'NONE',  ( 9.637352644315606583E-16, 1.000000000000000000, 0.000000000000000000 ) ) ;
#401 = ADVANCED_FACE ( 'NONE', ( #882 ), #164, .F. ) ;
#402 = CARTESIAN_POINT ( 'NONE',  ( 1.850000000000000089, -3.799999999999999822, 1.289999999999999813 ) ) ;
#403 = ADVANCED_FACE ( 'NONE', ( #909 ), #1105, .T. ) ;
#404 = CARTESIAN_POINT ( 'NONE',  ( 1.749999999999999556, -3.899999999999999911, 1.749999999999999778 ) ) ;
#405 = DIRECTION ( 'NONE',  ( 0.000000000000000000, 0.000000000000000000, -1.000000000000000000 ) ) ;
#406 = CARTESIAN_POINT ( 'NONE',  ( -1.749999999999998890, -3.799999999999999822, -0.4400000000000000577 ) ) ;
#407 = ORIENTED_EDGE ( 'NONE', *, *, #2456, .T. ) ;
#408 = ORIENTED_EDGE ( 'NONE', *, *, #2314, .T. ) ;
#409 = DIRECTION ( 'NONE',  ( -0.000000000000000000, -1.000000000000000000, -0.000000000000000000 ) ) ;
#410 = VERTEX_POINT ( 'NONE', #155 ) ;
#411 =( NAMED_UNIT ( * ) SI_UNIT ( $, .STERADIAN. ) SOLID_ANGLE_UNIT ( ) );
#412 = CARTESIAN_POINT ( 'NONE',  ( 0.9500000000000002887, -3.899999999999999911, 0.4899999999999999911 ) ) ;
#413 = CLOSED_SHELL ( 'NONE', ( #1626, #8, #2130, #2357, #2346, #2425, #1270, #926, #2440, #28, #1638, #1548, #2408, #1315, #1925, #1303, #527, #1152, #131, #846, #403, #1383, #1050, #312, #291, #1522, #2363, #1706, #205, #1815, #2304, #670, #1165, #2229, #1686, #1971, #694, #467, #1933, #1095, #289, #1956, #972, #1909, #1922, #2030, #1327 ) ) ;
#414 = EDGE_CURVE ( 'NONE', #582, #832, #2438, .T. ) ;
#415 = ORIENTED_EDGE ( 'NONE', *, *, #2155, .T. ) ;
#416 = DIRECTION ( 'NONE',  ( 0.000000000000000000, 0.000000000000000000, -1.000000000000000000 ) ) ;
#417 = AXIS2_PLACEMENT_3D ( 'NONE', #2225, #355, #1662 ) ;
#418 = CARTESIAN_POINT ( 'NONE',  ( -1.189395093373625256, -2.113920859279605935, -1.660604906626375277 ) ) ;
#419 =( GEOMETRIC_REPRESENTATION_CONTEXT ( 3 ) GLOBAL_UNCERTAINTY_ASSIGNED_CONTEXT ( ( #1949 ) ) GLOBAL_UNIT_ASSIGNED_CONTEXT ( ( #1059, #2208, #1250 ) ) REPRESENTATION_CONTEXT ( 'NONE', 'WORKASPACE' ) );
#420 = ADVANCED_FACE ( 'NONE', ( #510 ), #1849, .F. ) ;
#421 = DIRECTION ( 'NONE',  ( -2.409338161078898687E-16, -0.000000000000000000, 1.000000000000000000 ) ) ;
#422 = FACE_OUTER_BOUND ( 'NONE', #2116, .T. ) ;
#423 = ORIENTED_EDGE ( 'NONE', *, *, #1197, .T. ) ;
#424 = ORIENTED_EDGE ( 'NONE', *, *, #511, .F. ) ;
#425 = VECTOR ( 'NONE', #1838, 1000.000000000000000 ) ;
#426 = AXIS2_PLACEMENT_3D ( 'NONE', #1695, #1896, #363 ) ;
#427 = CARTESIAN_POINT ( 'NONE',  ( -1.749999999999998890, -3.799999999999999822, -1.340000000000000080 ) ) ;
#428 = ORIENTED_EDGE ( 'NONE', *, *, #795, .T. ) ;
#429 = VECTOR ( 'NONE', #1652, 1000.000000000000000 ) ;
#430 = CARTESIAN_POINT ( 'NONE',  ( -1.750000000000000222, -3.899999999999999023, -1.289999999999999813 ) ) ;
#431 = VECTOR ( 'NONE', #786, 1000.000000000000000 ) ;
#432 = CARTESIAN_POINT ( 'NONE',  ( 1.749999999999999778, -3.349999999999999645, -1.289999999999999813 ) ) ;
#433 = DIRECTION ( 'NONE',  ( -1.000000000000000000, 0.000000000000000000, -9.035018104045870694E-17 ) ) ;
#434 = DIRECTION ( 'NONE',  ( 0.000000000000000000, 0.000000000000000000, -1.000000000000000000 ) ) ;
#435 = EDGE_CURVE ( 'NONE', #2063, #1724, #1269, .T. ) ;
#436 = PLANE ( 'NONE',  #1333 ) ;
#437 = CARTESIAN_POINT ( 'NONE',  ( -1.850000000000000533, -3.349999999999998757, 1.289999999999999813 ) ) ;
#438 = VERTEX_POINT ( 'NONE', #2042 ) ;
#439 = ORIENTED_EDGE ( 'NONE', *, *, #435, .T. ) ;
#440 = ADVANCED_FACE ( 'NONE', ( #712 ), #723, .F. ) ;
#441 = FACE_OUTER_BOUND ( 'NONE', #176, .T. ) ;
#442 = CARTESIAN_POINT ( 'NONE',  ( 1.749999999999999778, -3.349999999999999645, 0.4899999999999999911 ) ) ;
#443 = VERTEX_POINT ( 'NONE', #2247 ) ;
#444 = CARTESIAN_POINT ( 'NONE',  ( 1.750000000000001554, -3.899999999999999911, -0.4400000000000000577 ) ) ;
#445 = CARTESIAN_POINT ( 'NONE',  ( 1.749999999999999778, -3.349999999999999645, 0.4899999999999999911 ) ) ;
#446 = DIRECTION ( 'NONE',  ( -1.000000000000000000, 0.000000000000000000, 0.000000000000000000 ) ) ;
#447 = CARTESIAN_POINT ( 'NONE',  ( 0.000000000000000000, -2.750000000000000000, 0.000000000000000000 ) ) ;
#448 = ORIENTED_EDGE ( 'NONE', *, *, #53, .F. ) ;
#449 = CARTESIAN_POINT ( 'NONE',  ( -0.8500000000000005329, -3.899999999999999911, 1.340000000000000080 ) ) ;
#450 = VERTEX_POINT ( 'NONE', #1120 ) ;
#451 = ORIENTED_EDGE ( 'NONE', *, *, #2198, .F. ) ;
#452 = DIRECTION ( 'NONE',  ( 1.000000000000000000, -5.421010862427523156E-16, 0.000000000000000000 ) ) ;
#453 = DIRECTION ( 'NONE',  ( 0.000000000000000000, 0.9537169507482267106, 0.3007057995042737852 ) ) ;
#454 = ORIENTED_EDGE ( 'NONE', *, *, #769, .T. ) ;
#455 = CARTESIAN_POINT ( 'NONE',  ( 1.850000000000000089, -3.349999999999999645, -0.4899999999999999911 ) ) ;
#456 = LINE ( 'NONE', #84, #1076 ) ;
#457 = ORIENTED_EDGE ( 'NONE', *, *, #2119, .F. ) ;
#458 = LINE ( 'NONE', #830, #1422 ) ;
#459 = VECTOR ( 'NONE', #17, 1000.000000000000000 ) ;
#460 = VECTOR ( 'NONE', #1593, 1000.000000000000000 ) ;
#461 = CARTESIAN_POINT ( 'NONE',  ( 0.9500000000000002887, -3.799999999999999822, -1.289999999999999813 ) ) ;
#462 = DIRECTION ( 'NONE',  ( 0.000000000000000000, 0.000000000000000000, -1.000000000000000000 ) ) ;
#463 = VERTEX_POINT ( 'NONE', #1091 ) ;
#464 = CIRCLE ( 'NONE', #501, 0.09999999999999982514 ) ;
#465 = PLANE ( 'NONE',  #270 ) ;
#466 = VERTEX_POINT ( 'NONE', #1876 ) ;
#467 = ADVANCED_FACE ( 'NONE', ( #136 ), #1468, .T. ) ;
#468 = VECTOR ( 'NONE', #2356, 1000.000000000000000 ) ;
#469 = PLANE ( 'NONE',  #1297 ) ;
#470 = CARTESIAN_POINT ( 'NONE',  ( -1.850000000000000533, -3.349999999999998757, -1.289999999999999813 ) ) ;
#471 = CONICAL_SURFACE ( 'NONE', #779, 1.425000000000000044, 0.3054326190990083734 ) ;
#472 = EDGE_CURVE ( 'NONE', #793, #1833, #1104, .T. ) ;
#473 = CARTESIAN_POINT ( 'NONE',  ( -0.9500000000000011768, -3.899999999999999467, 0.4899999999999999911 ) ) ;
#474 = EDGE_LOOP ( 'NONE', ( #2036, #350, #628, #2196 ) ) ;
#475 = LINE ( 'NONE', #631, #1109 ) ;
#476 = VERTEX_POINT ( 'NONE', #308 ) ;
#477 = ORIENTED_EDGE ( 'NONE', *, *, #1744, .T. ) ;
#478 = CARTESIAN_POINT ( 'NONE',  ( 0.000000000000000000, -3.899999999999999911, 0.000000000000000000 ) ) ;
#479 = PLANE ( 'NONE',  #346 ) ;
#480 = EDGE_LOOP ( 'NONE', ( #1089, #457, #12, #1517 ) ) ;
#481 = CARTESIAN_POINT ( 'NONE',  ( 1.749999999999999334, -3.899999999999999911, -1.289999999999999813 ) ) ;
#482 = EDGE_CURVE ( 'NONE', #1972, #476, #1070, .T. ) ;
#483 = VERTEX_POINT ( 'NONE', #1506 ) ;
#484 = PLANE ( 'NONE',  #499 ) ;
#485 = EDGE_CURVE ( 'NONE', #1411, #507, #550, .T. ) ;
#486 = LINE ( 'NONE', #1420, #662 ) ;
#487 = VERTEX_POINT ( 'NONE', #1899 ) ;
#488 = ORIENTED_EDGE ( 'NONE', *, *, #2403, .F. ) ;
#489 = APPLICATION_PROTOCOL_DEFINITION ( 'draft international standard', 'automotive_design', 1998, #1010 ) ;
#490 = UNCERTAINTY_MEASURE_WITH_UNIT (LENGTH_MEASURE( 1.000000000000000082E-05 ), #1032, 'distance_accuracy_value', 'NONE');
#491 = DIRECTION ( 'NONE',  ( 1.204669080539449344E-16, 0.000000000000000000, -1.000000000000000000 ) ) ;
#492 = LINE ( 'NONE', #160, #1523 ) ;
#493 = EDGE_CURVE ( 'NONE', #500, #1963, #959, .T. ) ;
#494 = ORIENTED_EDGE ( 'NONE', *, *, #1834, .T. ) ;
#495 = CLOSED_SHELL ( 'NONE', ( #1761, #828, #1935, #1527, #193, #440, #716, #754, #543 ) ) ;
#496 = DIRECTION ( 'NONE',  ( -1.000000000000000000, 5.421010862427529073E-16, 0.000000000000000000 ) ) ;
#497 = DIRECTION ( 'NONE',  ( -0.000000000000000000, -1.000000000000000000, -0.000000000000000000 ) ) ;
#498 = ORIENTED_EDGE ( 'NONE', *, *, #1037, .F. ) ;
#499 = AXIS2_PLACEMENT_3D ( 'NONE', #721, #1826, #1442 ) ;
#500 = VERTEX_POINT ( 'NONE', #3 ) ;
#501 = AXIS2_PLACEMENT_3D ( 'NONE', #1358, #1135, #1954 ) ;
#502 = DIRECTION ( 'NONE',  ( 0.000000000000000000, -0.000000000000000000, -1.000000000000000000 ) ) ;
#503 = CARTESIAN_POINT ( 'NONE',  ( 1.749999999999999334, -3.899999999999999911, -0.4899999999999999911 ) ) ;
#504 = VECTOR ( 'NONE', #2110, 1000.000000000000000 ) ;
#505 = VECTOR ( 'NONE', #1015, 1000.000000000000000 ) ;
#506 = FACE_OUTER_BOUND ( 'NONE', #1981, .T. ) ;
#507 = VERTEX_POINT ( 'NONE', #566 ) ;
#508 = CARTESIAN_POINT ( 'NONE',  ( -0.8499999999999994227, -3.799999999999999822, -1.340000000000000080 ) ) ;
#509 = ORIENTED_EDGE ( 'NONE', *, *, #1758, .T. ) ;
#510 = FACE_OUTER_BOUND ( 'NONE', #1359, .T. ) ;
#511 = EDGE_CURVE ( 'NONE', #1159, #1340, #20, .T. ) ;
#512 = DIRECTION ( 'NONE',  ( 1.000000000000000000, 0.000000000000000000, 0.000000000000000000 ) ) ;
#513 = ORIENTED_EDGE ( 'NONE', *, *, #1072, .T. ) ;
#514 = ORIENTED_EDGE ( 'NONE', *, *, #2458, .F. ) ;
#515 = PLANE ( 'NONE',  #1987 ) ;
#516 = PLANE ( 'NONE',  #949 ) ;
#517 = DIRECTION ( 'NONE',  ( -0.000000000000000000, -0.000000000000000000, 1.000000000000000000 ) ) ;
#518 = EDGE_LOOP ( 'NONE', ( #2299, #424, #835, #101 ) ) ;
#519 = ORIENTED_EDGE ( 'NONE', *, *, #511, .T. ) ;
#520 = PLANE ( 'NONE',  #2025 ) ;
#521 = PLANE ( 'NONE',  #1028 ) ;
#522 = EDGE_LOOP ( 'NONE', ( #135, #593, #1237, #278 ) ) ;
#523 = CARTESIAN_POINT ( 'NONE',  ( 0.000000000000000000, -3.799999999999999822, 0.000000000000000000 ) ) ;
#524 = DIRECTION ( 'NONE',  ( 0.000000000000000000, 0.000000000000000000, -1.000000000000000000 ) ) ;
#525 = ORIENTED_EDGE ( 'NONE', *, *, #1181, .T. ) ;
#526 = EDGE_CURVE ( 'NONE', #2322, #2127, #1544, .T. ) ;
#527 = ADVANCED_FACE ( 'NONE', ( #226 ), #985, .F. ) ;
#528 = LINE ( 'NONE', #2460, #113 ) ;
#529 = DIRECTION ( 'NONE',  ( -1.927470528863117767E-15, -1.000000000000000000, 0.000000000000000000 ) ) ;
#530 = VERTEX_POINT ( 'NONE', #2320 ) ;
#531 = CARTESIAN_POINT ( 'NONE',  ( 0.9500000000000002887, -3.799999999999999822, -0.4899999999999999911 ) ) ;
#532 = DIRECTION ( 'NONE',  ( -0.000000000000000000, -1.000000000000000000, -0.000000000000000000 ) ) ;
#533 = CARTESIAN_POINT ( 'NONE',  ( -1.850000000000000533, -3.349999999999998757, -0.4899999999999999911 ) ) ;
#534 = CARTESIAN_POINT ( 'NONE',  ( 1.850000000000000089, -3.799999999999999822, -1.289999999999999813 ) ) ;
#535 = ORIENTED_EDGE ( 'NONE', *, *, #1072, .F. ) ;
#536 = AXIS2_PLACEMENT_3D ( 'NONE', #364, #172, #1445 ) ;
#537 = CARTESIAN_POINT ( 'NONE',  ( -0.2999999999999999889, -3.799999999999999822, 1.239999999999999991 ) ) ;
#538 = EDGE_CURVE ( 'NONE', #179, #466, #1821, .T. ) ;
#539 = VECTOR ( 'NONE', #1164, 1000.000000000000000 ) ;
#540 = CARTESIAN_POINT ( 'NONE',  ( -0.8499999999999994227, -3.899999999999999911, -0.4400000000000000577 ) ) ;
#541 = FACE_OUTER_BOUND ( 'NONE', #1281, .T. ) ;
#542 = VECTOR ( 'NONE', #89, 1000.000000000000000 ) ;
#543 = ADVANCED_FACE ( 'NONE', ( #600 ), #436, .T. ) ;
#544 = VECTOR ( 'NONE', #1785, 1000.000000000000000 ) ;
#545 = ORIENTED_EDGE ( 'NONE', *, *, #22, .T. ) ;
#546 = DIRECTION ( 'NONE',  ( -1.000000000000000000, -0.000000000000000000, -0.000000000000000000 ) ) ;
#547 = ORIENTED_EDGE ( 'NONE', *, *, #2269, .T. ) ;
#548 = CIRCLE ( 'NONE', #318, 1.425000000000000044 ) ;
#549 = COLOUR_RGB ( '',0.7921568627450980005, 0.8196078431372548767, 0.9333333333333333481 ) ;
#550 = LINE ( 'NONE', #2285, #2254 ) ;
#551 = CARTESIAN_POINT ( 'NONE',  ( 1.850000000000000089, -3.349999999999999645, 1.289999999999999813 ) ) ;
#552 = DIRECTION ( 'NONE',  ( 0.000000000000000000, 0.000000000000000000, 1.000000000000000000 ) ) ;
#553 = FACE_OUTER_BOUND ( 'NONE', #961, .T. ) ;
#554 = CARTESIAN_POINT ( 'NONE',  ( 3.061616997868383018E-17, -3.899999999999999911, 0.2500000000000000000 ) ) ;
#555 = CARTESIAN_POINT ( 'NONE',  ( -0.2999999999999991007, -3.899999999999999911, -1.239999999999999991 ) ) ;
#556 = EDGE_CURVE ( 'NONE', #1211, #98, #252, .T. ) ;
#557 = DIRECTION ( 'NONE',  ( 0.1378445374916255073, -0.9808148484639900300, -0.1378445374916255073 ) ) ;
#558 = FACE_OUTER_BOUND ( 'NONE', #2387, .T. ) ;
#559 = DIRECTION ( 'NONE',  ( -0.000000000000000000, -1.000000000000000000, -0.000000000000000000 ) ) ;
#560 = DIRECTION ( 'NONE',  ( 9.637352644315606583E-16, 1.000000000000000000, 0.000000000000000000 ) ) ;
#561 = CARTESIAN_POINT ( 'NONE',  ( -1.750000000000000444, -3.899999999999999911, 1.749999999999999778 ) ) ;
#562 = DIRECTION ( 'NONE',  ( 0.000000000000000000, 0.000000000000000000, -1.000000000000000000 ) ) ;
#563 = ORIENTED_EDGE ( 'NONE', *, *, #1287, .F. ) ;
#564 = CARTESIAN_POINT ( 'NONE',  ( 0.9500000000000002887, -3.799999999999999822, 1.289999999999999813 ) ) ;
#565 = EDGE_CURVE ( 'NONE', #2080, #450, #2138, .T. ) ;
#566 = CARTESIAN_POINT ( 'NONE',  ( 0.8500000000000007550, -3.899999999999999911, -1.340000000000000080 ) ) ;
#567 = DIRECTION ( 'NONE',  ( -0.000000000000000000, -1.000000000000000000, -0.000000000000000000 ) ) ;
#568 = ORIENTED_EDGE ( 'NONE', *, *, #2458, .T. ) ;
#569 = EDGE_CURVE ( 'NONE', #487, #500, #1182, .T. ) ;
#570 = DIRECTION ( 'NONE',  ( 1.000000000000000000, 0.000000000000000000, 0.000000000000000000 ) ) ;
#571 = AXIS2_PLACEMENT_3D ( 'NONE', #447, #2344, #1021 ) ;
#572 = EDGE_LOOP ( 'NONE', ( #192, #1884, #1812, #2336 ) ) ;
#573 = LINE ( 'NONE', #43, #1077 ) ;
#574 = CARTESIAN_POINT ( 'NONE',  ( 0.9500000000000002887, -3.899999999999999911, -0.4899999999999999911 ) ) ;
#575 = AXIS2_PLACEMENT_3D ( 'NONE', #1510, #2057, #560 ) ;
#576 = CONICAL_SURFACE ( 'NONE', #897, 1.425000000000000044, 0.3054326190990083734 ) ;
#577 = DIRECTION ( 'NONE',  ( -1.000000000000000000, 0.000000000000000000, 0.000000000000000000 ) ) ;
#578 = VECTOR ( 'NONE', #546, 1000.000000000000000 ) ;
#579 = VECTOR ( 'NONE', #1048, 1000.000000000000000 ) ;
#580 = CARTESIAN_POINT ( 'NONE',  ( -0.8500000000000005329, -3.799999999999999822, 1.340000000000000080 ) ) ;
#581 = ORIENTED_EDGE ( 'NONE', *, *, #1605, .F. ) ;
#582 = VERTEX_POINT ( 'NONE', #2329 ) ;
#583 = EDGE_CURVE ( 'NONE', #1723, #2476, #1603, .T. ) ;
#584 = FACE_OUTER_BOUND ( 'NONE', #190, .T. ) ;
#585 = EDGE_CURVE ( 'NONE', #132, #1923, #2359, .T. ) ;
#586 = LINE ( 'NONE', #1921, #1537 ) ;
#587 = EDGE_LOOP ( 'NONE', ( #1930, #90 ) ) ;
#588 = LINE ( 'NONE', #1356, #1535 ) ;
#589 = CARTESIAN_POINT ( 'NONE',  ( -0.9500000000000011768, -3.899999999999999467, 0.4899999999999999911 ) ) ;
#590 = CARTESIAN_POINT ( 'NONE',  ( -1.750000000000001110, -3.799999999999998934, 1.289999999999999813 ) ) ;
#591 = CARTESIAN_POINT ( 'NONE',  ( -1.850000000000000977, -3.799999999999998934, -1.289999999999999813 ) ) ;
#592 = CARTESIAN_POINT ( 'NONE',  ( -1.850000000000000533, -3.349999999999998757, 1.289999999999999813 ) ) ;
#593 = ORIENTED_EDGE ( 'NONE', *, *, #565, .F. ) ;
#594 = ADVANCED_FACE ( 'NONE', ( #281 ), #643, .T. ) ;
#595 = FACE_OUTER_BOUND ( 'NONE', #2194, .T. ) ;
#596 = CARTESIAN_POINT ( 'NONE',  ( -1.750000000000000444, -3.899999999999999911, -1.339999999999999192 ) ) ;
#597 = ADVANCED_FACE ( 'NONE', ( #239 ), #484, .F. ) ;
#598 = ORIENTED_EDGE ( 'NONE', *, *, #1056, .T. ) ;
#599 = CARTESIAN_POINT ( 'NONE',  ( -0.8500000000000005329, -3.799999999999999822, 1.340000000000000080 ) ) ;
#600 = FACE_OUTER_BOUND ( 'NONE', #286, .T. ) ;
#601 = DIRECTION ( 'NONE',  ( -0.000000000000000000, -0.000000000000000000, 1.000000000000000000 ) ) ;
#602 = EDGE_LOOP ( 'NONE', ( #1394, #118, #2083, #2349 ) ) ;
#603 = VERTEX_POINT ( 'NONE', #1837 ) ;
#604 = DIRECTION ( 'NONE',  ( 0.000000000000000000, 0.000000000000000000, -1.000000000000000000 ) ) ;
#605 = ORIENTED_EDGE ( 'NONE', *, *, #585, .T. ) ;
#606 = VECTOR ( 'NONE', #2405, 1000.000000000000000 ) ;
#607 = EDGE_CURVE ( 'NONE', #2080, #650, #1267, .T. ) ;
#608 = DIRECTION ( 'NONE',  ( -0.000000000000000000, -0.000000000000000000, 1.000000000000000000 ) ) ;
#609 = ORIENTED_EDGE ( 'NONE', *, *, #241, .T. ) ;
#610 = VECTOR ( 'NONE', #421, 1000.000000000000000 ) ;
#611 = EDGE_CURVE ( 'NONE', #1749, #1189, #1645, .T. ) ;
#612 = LINE ( 'NONE', #1993, #544 ) ;
#613 = VECTOR ( 'NONE', #1518, 1000.000000000000000 ) ;
#614 = CARTESIAN_POINT ( 'NONE',  ( -1.749999999999998890, -3.799999999999999822, -1.340000000000000080 ) ) ;
#615 = VECTOR ( 'NONE', #1873, 1000.000000000000000 ) ;
#616 = CARTESIAN_POINT ( 'NONE',  ( -1.750000000000001110, -3.799999999999998934, -0.4899999999999999911 ) ) ;
#617 = ORIENTED_EDGE ( 'NONE', *, *, #2200, .F. ) ;
#618 = ORIENTED_EDGE ( 'NONE', *, *, #87, .T. ) ;
#619 = VECTOR ( 'NONE', #2370, 1000.000000000000000 ) ;
#620 = AXIS2_PLACEMENT_3D ( 'NONE', #814, #446, #1049 ) ;
#621 = FACE_OUTER_BOUND ( 'NONE', #480, .T. ) ;
#622 = LINE ( 'NONE', #2180, #184 ) ;
#623 = VERTEX_POINT ( 'NONE', #508 ) ;
#624 = VECTOR ( 'NONE', #1288, 1000.000000000000000 ) ;
#625 = FACE_BOUND ( 'NONE', #297, .T. ) ;
#626 = LINE ( 'NONE', #1390, #1948 ) ;
#627 = EDGE_CURVE ( 'NONE', #1697, #2127, #133, .T. ) ;
#628 = ORIENTED_EDGE ( 'NONE', *, *, #1240, .T. ) ;
#629 = CARTESIAN_POINT ( 'NONE',  ( -0.9500000000000011768, -3.899999999999999467, 1.289999999999999813 ) ) ;
#630 = ORIENTED_EDGE ( 'NONE', *, *, #2250, .F. ) ;
#631 = CARTESIAN_POINT ( 'NONE',  ( 0.9500000000000002887, -3.799999999999999822, 1.289999999999999813 ) ) ;
#632 = EDGE_LOOP ( 'NONE', ( #2480, #139, #782, #2366 ) ) ;
#633 = VERTEX_POINT ( 'NONE', #2233 ) ;
#634 = ADVANCED_FACE ( 'NONE', ( #673 ), #520, .F. ) ;
#635 = LINE ( 'NONE', #1397, #1613 ) ;
#636 = CARTESIAN_POINT ( 'NONE',  ( -0.8499999999999994227, -3.799999999999999822, -0.4400000000000000577 ) ) ;
#637 = EDGE_LOOP ( 'NONE', ( #1405, #2350, #39, #1371 ) ) ;
#638 =( LENGTH_UNIT ( ) NAMED_UNIT ( * ) SI_UNIT ( .MILLI., .METRE. ) );
#639 = FACE_OUTER_BOUND ( 'NONE', #632, .T. ) ;
#640 = CARTESIAN_POINT ( 'NONE',  ( 1.590669827754704157E-16, -2.750000000000000000, -1.172760968896812583 ) ) ;
#641 = LINE ( 'NONE', #301, #1329 ) ;
#642 = EDGE_LOOP ( 'NONE', ( #1477, #509, #545 ) ) ;
#643 = CYLINDRICAL_SURFACE ( 'NONE', #2379, 0.09999999999999982514 ) ;
#644 = DIRECTION ( 'NONE',  ( 0.7071067811865475727, 0.000000000000000000, 0.7071067811865475727 ) ) ;
#645 = EDGE_CURVE ( 'NONE', #1211, #2272, #150, .T. ) ;
#646 = ORIENTED_EDGE ( 'NONE', *, *, #1845, .T. ) ;
#647 = ORIENTED_EDGE ( 'NONE', *, *, #2367, .T. ) ;
#648 = DIRECTION ( 'NONE',  ( 1.000000000000000000, -0.000000000000000000, 1.204669080539449344E-16 ) ) ;
#649 = EDGE_CURVE ( 'NONE', #500, #2271, #2076, .T. ) ;
#650 = VERTEX_POINT ( 'NONE', #432 ) ;
#651 = FACE_OUTER_BOUND ( 'NONE', #1611, .T. ) ;
#652 = DIRECTION ( 'NONE',  ( -0.000000000000000000, -1.000000000000000000, -0.000000000000000000 ) ) ;
#653 = LINE ( 'NONE', #473, #1693 ) ;
#654 = VECTOR ( 'NONE', #50, 1000.000000000000000 ) ;
#655 = ORIENTED_EDGE ( 'NONE', *, *, #1986, .T. ) ;
#656 = DIRECTION ( 'NONE',  ( 0.000000000000000000, 0.000000000000000000, -1.000000000000000000 ) ) ;
#657 = DIRECTION ( 'NONE',  ( -1.000000000000000000, -0.000000000000000000, 6.023345402697240556E-17 ) ) ;
#658 = ORIENTED_EDGE ( 'NONE', *, *, #376, .F. ) ;
#659 = ORIENTED_EDGE ( 'NONE', *, *, #1717, .T. ) ;
#660 = VECTOR ( 'NONE', #2382, 1000.000000000000000 ) ;
#661 = CARTESIAN_POINT ( 'NONE',  ( 1.850000000000000089, -3.799999999999999822, -1.289999999999999813 ) ) ;
#662 = VECTOR ( 'NONE', #2360, 1000.000000000000000 ) ;
#663 = DIRECTION ( 'NONE',  ( 0.000000000000000000, 1.000000000000000000, 0.000000000000000000 ) ) ;
#664 = VERTEX_POINT ( 'NONE', #2339 ) ;
#665 = VECTOR ( 'NONE', #529, 1000.000000000000000 ) ;
#666 = EDGE_CURVE ( 'NONE', #179, #2318, #1200, .T. ) ;
#667 = FILL_AREA_STYLE ('',( #94 ) ) ;
#668 = CARTESIAN_POINT ( 'NONE',  ( 1.750000000000001554, -3.799999999999999822, 0.4899999999999999911 ) ) ;
#669 = VECTOR ( 'NONE', #1877, 1000.000000000000000 ) ;
#670 = ADVANCED_FACE ( 'NONE', ( #1553 ), #2316, .F. ) ;
#671 = LINE ( 'NONE', #1823, #665 ) ;
#672 = EDGE_LOOP ( 'NONE', ( #2167, #771, #1272, #1539 ) ) ;
#673 = FACE_OUTER_BOUND ( 'NONE', #1225, .T. ) ;
#674 = CARTESIAN_POINT ( 'NONE',  ( 0.8500000000000005329, -3.799999999999999822, -0.4400000000000000022 ) ) ;
#675 = ORIENTED_EDGE ( 'NONE', *, *, #1952, .T. ) ;
#676 = LINE ( 'NONE', #242, #2137 ) ;
#677 = CARTESIAN_POINT ( 'NONE',  ( 0.000000000000000000, -1.949999999999999956, 1.425000000000000044 ) ) ;
#678 = ORIENTED_EDGE ( 'NONE', *, *, #1126, .F. ) ;
#679 = DIRECTION ( 'NONE',  ( 1.000000000000000000, 0.000000000000000000, 0.000000000000000000 ) ) ;
#680 = LINE ( 'NONE', #481, #62 ) ;
#681 = EDGE_CURVE ( 'NONE', #2228, #2414, #1215, .T. ) ;
#682 = EDGE_CURVE ( 'NONE', #344, #688, #1628, .T. ) ;
#683 = ORIENTED_EDGE ( 'NONE', *, *, #2250, .T. ) ;
#684 = FILL_AREA_STYLE ('',( #340 ) ) ;
#685 = ORIENTED_EDGE ( 'NONE', *, *, #2284, .F. ) ;
#686 = LINE ( 'NONE', #1840, #813 ) ;
#687 = DIRECTION ( 'NONE',  ( 1.000000000000000000, 0.000000000000000000, 0.000000000000000000 ) ) ;
#688 = VERTEX_POINT ( 'NONE', #1075 ) ;
#689 = VERTEX_POINT ( 'NONE', #2186 ) ;
#690 = CARTESIAN_POINT ( 'NONE',  ( 1.750000000000001554, -3.799999999999999822, -0.4400000000000000577 ) ) ;
#691 = ORIENTED_EDGE ( 'NONE', *, *, #1230, .F. ) ;
#692 = EDGE_CURVE ( 'NONE', #96, #832, #287, .T. ) ;
#693 = CARTESIAN_POINT ( 'NONE',  ( -1.658648457443445468, -2.100000000000000089, 0.000000000000000000 ) ) ;
#694 = ADVANCED_FACE ( 'NONE', ( #639 ), #469, .F. ) ;
#695 = EDGE_LOOP ( 'NONE', ( #730, #1286, #1789, #1054 ) ) ;
#696 = VECTOR ( 'NONE', #2310, 1000.000000000000000 ) ;
#697 = VERTEX_POINT ( 'NONE', #1989 ) ;
#698 = VECTOR ( 'NONE', #2453, 1000.000000000000000 ) ;
#699 = DIRECTION ( 'NONE',  ( -0.000000000000000000, -1.000000000000000000, -0.000000000000000000 ) ) ;
#700 = DIRECTION ( 'NONE',  ( 8.432683563776147132E-16, -0.000000000000000000, -1.000000000000000000 ) ) ;
#701 = MECHANICAL_DESIGN_GEOMETRIC_PRESENTATION_REPRESENTATION (  '', ( #1777 ), #2296 ) ;
#702 = VECTOR ( 'NONE', #663, 1000.000000000000000 ) ;
#703 = PLANE ( 'NONE',  #2472 ) ;
#704 = AXIS2_PLACEMENT_3D ( 'NONE', #966, #16, #1488 ) ;
#705 = DIRECTION ( 'NONE',  ( 0.000000000000000000, 0.000000000000000000, -1.000000000000000000 ) ) ;
#706 = MECHANICAL_DESIGN_GEOMETRIC_PRESENTATION_REPRESENTATION (  '', ( #749 ), #991 ) ;
#707 = ORIENTED_EDGE ( 'NONE', *, *, #565, .T. ) ;
#708 = CARTESIAN_POINT ( 'NONE',  ( -1.750000000000000222, -3.349999999999998757, 0.4899999999999999911 ) ) ;
#709 = CARTESIAN_POINT ( 'NONE',  ( 0.3000000000000004330, -3.899999999999999911, -1.239999999999999991 ) ) ;
#710 = VERTEX_POINT ( 'NONE', #503 ) ;
#711 = EDGE_CURVE ( 'NONE', #2101, #710, #680, .T. ) ;
#712 = FACE_OUTER_BOUND ( 'NONE', #91, .T. ) ;
#713 = PLANE ( 'NONE',  #1454 ) ;
#714 = DIRECTION ( 'NONE',  ( 1.000000000000000000, 0.000000000000000000, 0.000000000000000000 ) ) ;
#715 = ORIENTED_EDGE ( 'NONE', *, *, #2380, .F. ) ;
#716 = ADVANCED_FACE ( 'NONE', ( #1835 ), #1228, .F. ) ;
#717 = FACE_OUTER_BOUND ( 'NONE', #1139, .T. ) ;
#718 = LINE ( 'NONE', #1112, #429 ) ;
#719 = DIRECTION ( 'NONE',  ( -0.1378445374916255073, -0.9808148484639900300, -0.1378445374916255073 ) ) ;
#720 = ORIENTED_EDGE ( 'NONE', *, *, #1574, .F. ) ;
#721 = CARTESIAN_POINT ( 'NONE',  ( 1.850000000000000089, -3.349999999999999645, -1.289999999999999813 ) ) ;
#722 = CARTESIAN_POINT ( 'NONE',  ( -1.750000000000000222, -3.349999999999998757, 1.289999999999999813 ) ) ;
#723 = PLANE ( 'NONE',  #1018 ) ;
#724 = CARTESIAN_POINT ( 'NONE',  ( -0.8499999999999994227, -3.799999999999999822, -0.4400000000000000577 ) ) ;
#725 = VERTEX_POINT ( 'NONE', #1809 ) ;
#726 = EDGE_CURVE ( 'NONE', #1472, #1907, #95, .T. ) ;
#727 = LINE ( 'NONE', #367, #1698 ) ;
#728 = LINE ( 'NONE', #2048, #1708 ) ;
#729 = FACE_BOUND ( 'NONE', #1098, .T. ) ;
#730 = ORIENTED_EDGE ( 'NONE', *, *, #2284, .T. ) ;
#731 = SURFACE_STYLE_FILL_AREA ( #684 ) ;
#732 = CYLINDRICAL_SURFACE ( 'NONE', #263, 0.2500000000000000000 ) ;
#733 = DIRECTION ( 'NONE',  ( 0.000000000000000000, 1.000000000000000000, 0.000000000000000000 ) ) ;
#734 = DIRECTION ( 'NONE',  ( -0.000000000000000000, -0.000000000000000000, 1.000000000000000000 ) ) ;
#735 = ORIENTED_EDGE ( 'NONE', *, *, #2273, .T. ) ;
#736 =( NAMED_UNIT ( * ) PLANE_ANGLE_UNIT ( ) SI_UNIT ( $, .RADIAN. ) );
#737 = EDGE_LOOP ( 'NONE', ( #387, #1802, #1365, #1408 ) ) ;
#738 = VECTOR ( 'NONE', #1335, 1000.000000000000000 ) ;
#739 = CARTESIAN_POINT ( 'NONE',  ( 1.530808498934191509E-17, -3.899999999999999911, 0.1250000000000000000 ) ) ;
#740 = CARTESIAN_POINT ( 'NONE',  ( 1.850000000000000089, -3.799999999999998934, 0.4899999999999999911 ) ) ;
#741 = VECTOR ( 'NONE', #601, 1000.000000000000000 ) ;
#742 = VERTEX_POINT ( 'NONE', #668 ) ;
#743 = MANIFOLD_SOLID_BREP ( 'Mirror1[2]', #2023 ) ;
#744 = EDGE_CURVE ( 'NONE', #1923, #2080, #1779, .T. ) ;
#745 = AXIS2_PLACEMENT_3D ( 'NONE', #2038, #1653, #705 ) ;
#746 = ORIENTED_EDGE ( 'NONE', *, *, #1451, .F. ) ;
#747 = CARTESIAN_POINT ( 'NONE',  ( 0.9500000000000002887, -3.899999999999999911, -1.289999999999999813 ) ) ;
#748 = VECTOR ( 'NONE', #1707, 1000.000000000000000 ) ;
#749 = STYLED_ITEM ( 'NONE', ( #1627 ), #1474 ) ;
#750 = LINE ( 'NONE', #960, #1617 ) ;
#751 = LINE ( 'NONE', #1458, #1788 ) ;
#752 = LINE ( 'NONE', #1867, #1218 ) ;
#753 = CARTESIAN_POINT ( 'NONE',  ( -1.750000000000000444, -3.899999999999999911, 1.749999999999999778 ) ) ;
#754 = ADVANCED_FACE ( 'NONE', ( #2173 ), #2416, .F. ) ;
#755 = DIRECTION ( 'NONE',  ( 0.000000000000000000, -1.000000000000000000, 0.000000000000000000 ) ) ;
#756 = ORIENTED_EDGE ( 'NONE', *, *, #968, .F. ) ;
#757 = MANIFOLD_SOLID_BREP ( 'Mirror1[1]', #495 ) ;
#758 = EDGE_CURVE ( 'NONE', #927, #1061, #345, .T. ) ;
#759 = DIRECTION ( 'NONE',  ( 1.000000000000000000, 0.000000000000000000, 0.000000000000000000 ) ) ;
#760 = ORIENTED_EDGE ( 'NONE', *, *, #957, .T. ) ;
#761 = PLANE ( 'NONE',  #183 ) ;
#762 = ORIENTED_EDGE ( 'NONE', *, *, #2058, .F. ) ;
#763 = PLANE ( 'NONE',  #1257 ) ;
#764 = SURFACE_STYLE_USAGE ( .BOTH. , #1168 ) ;
#765 = DIRECTION ( 'NONE',  ( 0.000000000000000000, 1.000000000000000000, 0.000000000000000000 ) ) ;
#766 = EDGE_CURVE ( 'NONE', #2178, #487, #727, .T. ) ;
#767 = FACE_OUTER_BOUND ( 'NONE', #1208, .T. ) ;
#768 = ORIENTED_EDGE ( 'NONE', *, *, #2445, .F. ) ;
#769 = EDGE_CURVE ( 'NONE', #2318, #2308, #1494, .T. ) ;
#770 = CARTESIAN_POINT ( 'NONE',  ( 0.000000000000000000, -3.899999999999999911, 0.000000000000000000 ) ) ;
#771 = ORIENTED_EDGE ( 'NONE', *, *, #351, .F. ) ;
#772 = DIRECTION ( 'NONE',  ( 0.000000000000000000, 0.000000000000000000, -1.000000000000000000 ) ) ;
#773 = CARTESIAN_POINT ( 'NONE',  ( 0.000000000000000000, -3.799999999999999822, 0.000000000000000000 ) ) ;
#774 = AXIS2_PLACEMENT_3D ( 'NONE', #358, #1122, #570 ) ;
#775 = AXIS2_PLACEMENT_3D ( 'NONE', #156, #910, #1675 ) ;
#776 = LINE ( 'NONE', #1541, #231 ) ;
#777 = CARTESIAN_POINT ( 'NONE',  ( -1.749999999999998890, -3.799999999999999822, -0.4400000000000000577 ) ) ;
#778 = COLOUR_RGB ( '',0.7921568627450980005, 0.8196078431372548767, 0.9333333333333333481 ) ;
#779 = AXIS2_PLACEMENT_3D ( 'NONE', #1508, #1271, #552 ) ;
#780 = LINE ( 'NONE', #406, #1022 ) ;
#781 = ADVANCED_FACE ( 'NONE', ( #717 ), #515, .T. ) ;
#782 = ORIENTED_EDGE ( 'NONE', *, *, #766, .F. ) ;
#783 = ORIENTED_EDGE ( 'NONE', *, *, #163, .T. ) ;
#784 = ADVANCED_FACE ( 'NONE', ( #553 ), #2241, .F. ) ;
#785 = ORIENTED_EDGE ( 'NONE', *, *, #374, .T. ) ;
#786 = DIRECTION ( 'NONE',  ( -0.000000000000000000, -0.000000000000000000, 1.000000000000000000 ) ) ;
#787 = CARTESIAN_POINT ( 'NONE',  ( 0.9500000000000002887, -3.899999999999999911, 0.4899999999999999911 ) ) ;
#788 = ORIENTED_EDGE ( 'NONE', *, *, #2015, .F. ) ;
#789 = ORIENTED_EDGE ( 'NONE', *, *, #1348, .F. ) ;
#790 = PLANE ( 'NONE',  #1133 ) ;
#791 = CARTESIAN_POINT ( 'NONE',  ( 0.000000000000000000, -2.100000000000000089, 0.000000000000000000 ) ) ;
#792 = CARTESIAN_POINT ( 'NONE',  ( 0.8500000000000007550, -3.799999999999999822, -1.340000000000000080 ) ) ;
#793 = VERTEX_POINT ( 'NONE', #1110 ) ;
#794 = EDGE_LOOP ( 'NONE', ( #1039, #756, #896, #1719 ) ) ;
#795 = EDGE_CURVE ( 'NONE', #1632, #1724, #1844, .T. ) ;
#796 = CARTESIAN_POINT ( 'NONE',  ( 0.000000000000000000, -3.799999999999999822, 0.000000000000000000 ) ) ;
#797 = VERTEX_POINT ( 'NONE', #2230 ) ;
#798 = ADVANCED_FACE ( 'NONE', ( #2431 ), #1679, .F. ) ;
#799 = CARTESIAN_POINT ( 'NONE',  ( 0.8500000000000005329, -3.799999999999999822, -0.4400000000000000022 ) ) ;
#800 = CARTESIAN_POINT ( 'NONE',  ( 0.000000000000000000, -2.750000000000000000, 0.000000000000000000 ) ) ;
#801 = DIRECTION ( 'NONE',  ( 1.000000000000000000, -0.000000000000000000, 0.000000000000000000 ) ) ;
#802 = CARTESIAN_POINT ( 'NONE',  ( 0.000000000000000000, -3.849999999999999645, 0.000000000000000000 ) ) ;
#803 = PLANE ( 'NONE',  #1782 ) ;
#804 = EDGE_LOOP ( 'NONE', ( #2192, #945 ) ) ;
#805 = EDGE_LOOP ( 'NONE', ( #428, #2462, #838, #1151 ) ) ;
#806 = DIRECTION ( 'NONE',  ( 0.000000000000000000, 0.000000000000000000, -1.000000000000000000 ) ) ;
#807 = CARTESIAN_POINT ( 'NONE',  ( 0.8500000000000005329, -3.899999999999999911, -0.4400000000000000022 ) ) ;
#808 = ORIENTED_EDGE ( 'NONE', *, *, #92, .F. ) ;
#809 = DIRECTION ( 'NONE',  ( 0.000000000000000000, 0.000000000000000000, 1.000000000000000000 ) ) ;
#810 = CARTESIAN_POINT ( 'NONE',  ( 0.8499999999999994227, -3.799999999999999822, 1.340000000000000080 ) ) ;
#811 = DIRECTION ( 'NONE',  ( 1.000000000000000000, 0.000000000000000000, -0.000000000000000000 ) ) ;
#812 = EDGE_CURVE ( 'NONE', #650, #1723, #752, .T. ) ;
#813 = VECTOR ( 'NONE', #2034, 1000.000000000000000 ) ;
#814 = CARTESIAN_POINT ( 'NONE',  ( 0.8499999999999994227, -3.799999999999999822, 1.340000000000000080 ) ) ;
#815 = VECTOR ( 'NONE', #1619, 1000.000000000000000 ) ;
#816 = EDGE_CURVE ( 'NONE', #530, #1972, #2249, .T. ) ;
#817 = DIRECTION ( 'NONE',  ( 1.000000000000000000, 0.000000000000000000, 0.000000000000000000 ) ) ;
#818 = VECTOR ( 'NONE', #1247, 1000.000000000000114 ) ;
#819 = ORIENTED_EDGE ( 'NONE', *, *, #1875, .F. ) ;
#820 = PLANE ( 'NONE',  #1991 ) ;
#821 = VERTEX_POINT ( 'NONE', #2071 ) ;
#822 = VERTEX_POINT ( 'NONE', #2279 ) ;
#823 = VECTOR ( 'NONE', #379, 1000.000000000000000 ) ;
#824 = VECTOR ( 'NONE', #2079, 1000.000000000000000 ) ;
#825 = ORIENTED_EDGE ( 'NONE', *, *, #1674, .F. ) ;
#826 = DIRECTION ( 'NONE',  ( -1.000000000000000000, -0.000000000000000000, -0.000000000000000000 ) ) ;
#827 = DIRECTION ( 'NONE',  ( -0.000000000000000000, -1.000000000000000000, -0.000000000000000000 ) ) ;
#828 = ADVANCED_FACE ( 'NONE', ( #2037 ), #1087, .T. ) ;
#829 = ORIENTED_EDGE ( 'NONE', *, *, #334, .F. ) ;
#830 = CARTESIAN_POINT ( 'NONE',  ( -1.850000000000000977, -3.799999999999998046, -0.4899999999999999911 ) ) ;
#831 = ADVANCED_FACE ( 'NONE', ( #30 ), #1747, .F. ) ;
#832 = VERTEX_POINT ( 'NONE', #51 ) ;
#833 = FACE_OUTER_BOUND ( 'NONE', #123, .T. ) ;
#834 = ORIENTED_EDGE ( 'NONE', *, *, #758, .F. ) ;
#835 = ORIENTED_EDGE ( 'NONE', *, *, #1642, .T. ) ;
#836 = CARTESIAN_POINT ( 'NONE',  ( 0.9500000000000002887, -3.799999999999999822, -1.289999999999999813 ) ) ;
#837 = DIRECTION ( 'NONE',  ( 2.409338161078898687E-16, 0.000000000000000000, -1.000000000000000000 ) ) ;
#838 = ORIENTED_EDGE ( 'NONE', *, *, #2479, .F. ) ;
#839 = DIRECTION ( 'NONE',  ( 0.000000000000000000, 0.000000000000000000, -1.000000000000000000 ) ) ;
#840 = DIRECTION ( 'NONE',  ( -1.000000000000000000, 0.000000000000000000, -1.204669080539449344E-16 ) ) ;
#841 = CARTESIAN_POINT ( 'NONE',  ( 0.8500000000000005329, -3.799999999999999822, -0.4400000000000000022 ) ) ;
#842 = LINE ( 'NONE', #250, #1450 ) ;
#843 = ORIENTED_EDGE ( 'NONE', *, *, #1563, .F. ) ;
#844 = DIRECTION ( 'NONE',  ( -1.000000000000000000, 5.421010862427529073E-16, 0.000000000000000000 ) ) ;
#845 = ORIENTED_EDGE ( 'NONE', *, *, #682, .T. ) ;
#846 = ADVANCED_FACE ( 'NONE', ( #1323 ), #2128, .F. ) ;
#847 = PLANE ( 'NONE',  #1732 ) ;
#848 = DIRECTION ( 'NONE',  ( -0.000000000000000000, -0.000000000000000000, 1.000000000000000000 ) ) ;
#849 = FACE_OUTER_BOUND ( 'NONE', #266, .T. ) ;
#850 = CIRCLE ( 'NONE', #1772, 0.2500000000000000000 ) ;
#851 = VECTOR ( 'NONE', #806, 1000.000000000000000 ) ;
#852 = EDGE_LOOP ( 'NONE', ( #1478, #1839, #129, #1464 ) ) ;
#853 = DIRECTION ( 'NONE',  ( 0.000000000000000000, 0.000000000000000000, -1.000000000000000000 ) ) ;
#854 = DIRECTION ( 'NONE',  ( -1.000000000000000000, 1.927470528863117767E-15, 0.000000000000000000 ) ) ;
#855 = EDGE_LOOP ( 'NONE', ( #2278, #1978, #1714, #2300 ) ) ;
#856 = VECTOR ( 'NONE', #127, 1000.000000000000000 ) ;
#857 = PLANE ( 'NONE',  #1612 ) ;
#858 = CIRCLE ( 'NONE', #313, 0.09999999999999982514 ) ;
#859 = LINE ( 'NONE', #677, #1572 ) ;
#860 = EDGE_LOOP ( 'NONE', ( #2402, #1051, #2016, #1681 ) ) ;
#861 = EDGE_CURVE ( 'NONE', #1724, #1211, #1529, .T. ) ;
#862 = APPLICATION_PROTOCOL_DEFINITION ( 'draft international standard', 'automotive_design', 1998, #1467 ) ;
#863 = AXIS2_PLACEMENT_3D ( 'NONE', #1131, #1325, #195 ) ;
#864 = AXIS2_PLACEMENT_3D ( 'NONE', #994, #1153, #204 ) ;
#865 = ORIENTED_EDGE ( 'NONE', *, *, #230, .F. ) ;
#866 = LINE ( 'NONE', #130, #2262 ) ;
#867 = ORIENTED_EDGE ( 'NONE', *, *, #1429, .F. ) ;
#868 = FACE_OUTER_BOUND ( 'NONE', #26, .T. ) ;
#869 = ORIENTED_EDGE ( 'NONE', *, *, #1396, .T. ) ;
#870 = CARTESIAN_POINT ( 'NONE',  ( 1.850000000000000089, -3.349999999999999645, 1.289999999999999813 ) ) ;
#871 = CARTESIAN_POINT ( 'NONE',  ( -0.9500000000000011768, -3.799999999999999378, 1.289999999999999813 ) ) ;
#872 = ORIENTED_EDGE ( 'NONE', *, *, #230, .T. ) ;
#873 = ADVANCED_FACE ( 'NONE', ( #1929 ), #2090, .F. ) ;
#874 = PLANE ( 'NONE',  #388 ) ;
#875 = PRESENTATION_STYLE_ASSIGNMENT (( #299 ) ) ;
#876 = EDGE_CURVE ( 'NONE', #832, #1745, #191, .T. ) ;
#877 = CARTESIAN_POINT ( 'NONE',  ( 1.750000000000000222, -3.799999999999999822, -1.289999999999999813 ) ) ;
#878 = LINE ( 'NONE', #1643, #606 ) ;
#879 = ORIENTED_EDGE ( 'NONE', *, *, #2019, .F. ) ;
#880 = CARTESIAN_POINT ( 'NONE',  ( 1.749999999999999778, -3.349999999999999645, -1.289999999999999813 ) ) ;
#881 = DIRECTION ( 'NONE',  ( 0.000000000000000000, -0.000000000000000000, -1.000000000000000000 ) ) ;
#882 = FACE_OUTER_BOUND ( 'NONE', #300, .T. ) ;
#883 = CARTESIAN_POINT ( 'NONE',  ( 0.8499999999999994227, -3.899999999999999911, 1.340000000000000080 ) ) ;
#884 = DIRECTION ( 'NONE',  ( -0.000000000000000000, -0.000000000000000000, -1.000000000000000000 ) ) ;
#885 = VERTEX_POINT ( 'NONE', #807 ) ;
#886 = ORIENTED_EDGE ( 'NONE', *, *, #2343, .T. ) ;
#887 = DIRECTION ( 'NONE',  ( 1.000000000000000000, 0.000000000000000000, -0.000000000000000000 ) ) ;
#888 = DIRECTION ( 'NONE',  ( -5.421010862427523156E-16, -1.000000000000000000, 0.000000000000000000 ) ) ;
#889 = CARTESIAN_POINT ( 'NONE',  ( 1.750000000000001554, -3.899999999999999911, -1.340000000000000080 ) ) ;
#890 = ORIENTED_EDGE ( 'NONE', *, *, #166, .F. ) ;
#891 = DIRECTION ( 'NONE',  ( 0.000000000000000000, -1.000000000000000000, 0.000000000000000000 ) ) ;
#892 = ORIENTED_EDGE ( 'NONE', *, *, #1986, .F. ) ;
#893 = LINE ( 'NONE', #2261, #698 ) ;
#894 = FACE_OUTER_BOUND ( 'NONE', #1326, .T. ) ;
#895 = AXIS2_PLACEMENT_3D ( 'NONE', #178, #2473, #158 ) ;
#896 = ORIENTED_EDGE ( 'NONE', *, *, #2240, .F. ) ;
#897 = AXIS2_PLACEMENT_3D ( 'NONE', #1769, #2165, #1244 ) ;
#898 = DIRECTION ( 'NONE',  ( 0.000000000000000000, -1.000000000000000000, 0.000000000000000000 ) ) ;
#899 = COLOUR_RGB ( '',1.000000000000000000, 1.000000000000000000, 1.000000000000000000 ) ;
#900 = CARTESIAN_POINT ( 'NONE',  ( -1.750000000000000444, -2.750000000000019540, -1.750000000000000000 ) ) ;
#901 = AXIS2_PLACEMENT_3D ( 'NONE', #2478, #1880, #562 ) ;
#902 = DIRECTION ( 'NONE',  ( -0.000000000000000000, -0.000000000000000000, 1.000000000000000000 ) ) ;
#903 = MECHANICAL_DESIGN_GEOMETRIC_PRESENTATION_REPRESENTATION (  '', ( #2224 ), #320 ) ;
#904 = EDGE_CURVE ( 'NONE', #1972, #410, #2118, .T. ) ;
#905 = ORIENTED_EDGE ( 'NONE', *, *, #1017, .F. ) ;
#906 = CARTESIAN_POINT ( 'NONE',  ( -1.750000000000000444, -3.799999999999999822, 0.4400000000000000577 ) ) ;
#907 = ORIENTED_EDGE ( 'NONE', *, *, #1801, .F. ) ;
#908 = EDGE_CURVE ( 'NONE', #1011, #121, #1918, .T. ) ;
#909 = FACE_OUTER_BOUND ( 'NONE', #2031, .T. ) ;
#910 = DIRECTION ( 'NONE',  ( 0.000000000000000000, 0.000000000000000000, -1.000000000000000000 ) ) ;
#911 = DIRECTION ( 'NONE',  ( -1.000000000000000000, 0.000000000000000000, -0.000000000000000000 ) ) ;
#912 = ORIENTED_EDGE ( 'NONE', *, *, #1351, .T. ) ;
#913 = SHAPE_DEFINITION_REPRESENTATION ( #1000, #1474 ) ;
#914 = DIRECTION ( 'NONE',  ( 1.000000000000000000, -0.000000000000000000, -0.000000000000000000 ) ) ;
#915 = ORIENTED_EDGE ( 'NONE', *, *, #1748, .T. ) ;
#916 = CARTESIAN_POINT ( 'NONE',  ( 0.8500000000000005329, -3.799999999999999822, -0.4400000000000000022 ) ) ;
#917 = ORIENTED_EDGE ( 'NONE', *, *, #904, .F. ) ;
#918 = FACE_OUTER_BOUND ( 'NONE', #201, .T. ) ;
#919 = VERTEX_POINT ( 'NONE', #953 ) ;
#920 = DIRECTION ( 'NONE',  ( -3.854941057726235533E-15, 1.000000000000000000, 0.000000000000000000 ) ) ;
#921 = PLANE ( 'NONE',  #1531 ) ;
#922 = EDGE_CURVE ( 'NONE', #476, #1472, #214, .T. ) ;
#923 = CARTESIAN_POINT ( 'NONE',  ( -0.9500000000000011768, -3.799999999999999378, -1.289999999999999813 ) ) ;
#924 = DIRECTION ( 'NONE',  ( -5.421010862427523156E-16, -1.000000000000000000, 0.000000000000000000 ) ) ;
#925 = DIRECTION ( 'NONE',  ( 0.000000000000000000, 0.000000000000000000, -1.000000000000000000 ) ) ;
#926 = ADVANCED_FACE ( 'NONE', ( #2142, #2105, #584, #2303 ), #761, .T. ) ;
#927 = VERTEX_POINT ( 'NONE', #398 ) ;
#928 = FACE_OUTER_BOUND ( 'NONE', #637, .T. ) ;
#929 = DIRECTION ( 'NONE',  ( -1.000000000000000000, 0.000000000000000000, 0.000000000000000000 ) ) ;
#930 = ORIENTED_EDGE ( 'NONE', *, *, #1115, .T. ) ;
#931 =( NAMED_UNIT ( * ) SI_UNIT ( $, .STERADIAN. ) SOLID_ANGLE_UNIT ( ) );
#932 = ORIENTED_EDGE ( 'NONE', *, *, #1834, .F. ) ;
#933 = VECTOR ( 'NONE', #1608, 1000.000000000000000 ) ;
#934 = LINE ( 'NONE', #174, #2103 ) ;
#935 = CARTESIAN_POINT ( 'NONE',  ( 1.750000000000000222, -3.799999999999999822, 1.289999999999999813 ) ) ;
#936 = AXIS2_PLACEMENT_3D ( 'NONE', #2099, #211, #2275 ) ;
#937 = EDGE_CURVE ( 'NONE', #697, #623, #243, .T. ) ;
#938 = VECTOR ( 'NONE', #1906, 1000.000000000000000 ) ;
#939 = PRESENTATION_STYLE_ASSIGNMENT (( #1878 ) ) ;
#940 = VERTEX_POINT ( 'NONE', #1736 ) ;
#941 = VECTOR ( 'NONE', #2321, 1000.000000000000000 ) ;
#942 = DIRECTION ( 'NONE',  ( -1.000000000000000000, 0.000000000000000000, -2.409338161078898687E-16 ) ) ;
#943 = LINE ( 'NONE', #369, #946 ) ;
#944 = CIRCLE ( 'NONE', #1829, 0.2500000000000000000 ) ;
#945 = ORIENTED_EDGE ( 'NONE', *, *, #1890, .T. ) ;
#946 = VECTOR ( 'NONE', #1304, 1000.000000000000000 ) ;
#947 = ORIENTED_EDGE ( 'NONE', *, *, #482, .F. ) ;
#948 = DIRECTION ( 'NONE',  ( 1.000000000000000000, 0.000000000000000000, -0.000000000000000000 ) ) ;
#949 = AXIS2_PLACEMENT_3D ( 'NONE', #368, #888, #1313 ) ;
#950 = DIRECTION ( 'NONE',  ( -1.000000000000000000, 0.000000000000000000, -0.000000000000000000 ) ) ;
#951 = ORIENTED_EDGE ( 'NONE', *, *, #472, .F. ) ;
#952 = ORIENTED_EDGE ( 'NONE', *, *, #1629, .F. ) ;
#953 = CARTESIAN_POINT ( 'NONE',  ( -0.2999999999999998779, -3.799999999999999822, -0.3400000000000001354 ) ) ;
#954 = ORIENTED_EDGE ( 'NONE', *, *, #1426, .T. ) ;
#955 = SURFACE_SIDE_STYLE ('',( #2306 ) ) ;
#956 = CARTESIAN_POINT ( 'NONE',  ( -1.750000000000001110, -3.799999999999998934, 0.4899999999999999911 ) ) ;
#957 = EDGE_CURVE ( 'NONE', #1847, #725, #1941, .T. ) ;
#958 = CARTESIAN_POINT ( 'NONE',  ( 0.3000000000000004330, -3.799999999999999822, -1.239999999999999991 ) ) ;
#959 = LINE ( 'NONE', #1885, #2294 ) ;
#960 = CARTESIAN_POINT ( 'NONE',  ( -1.850000000000000533, -3.349999999999998757, 1.289999999999999813 ) ) ;
#961 = EDGE_LOOP ( 'NONE', ( #1332, #1607, #834, #1752 ) ) ;
#962 = ORIENTED_EDGE ( 'NONE', *, *, #2393, .T. ) ;
#963 = DIRECTION ( 'NONE',  ( 1.000000000000000000, 3.854941057726235533E-15, 0.000000000000000000 ) ) ;
#964 = EDGE_LOOP ( 'NONE', ( #1205, #1502, #494, #1431 ) ) ;
#965 = DIRECTION ( 'NONE',  ( 1.000000000000000000, -0.000000000000000000, 0.000000000000000000 ) ) ;
#966 = CARTESIAN_POINT ( 'NONE',  ( 0.000000000000000000, -3.849999999999999645, 0.000000000000000000 ) ) ;
#967 = UNCERTAINTY_MEASURE_WITH_UNIT (LENGTH_MEASURE( 1.000000000000000082E-05 ), #2444, 'distance_accuracy_value', 'NONE');
#968 = EDGE_CURVE ( 'NONE', #2372, #2476, #232, .T. ) ;
#969 = ORIENTED_EDGE ( 'NONE', *, *, #1875, .T. ) ;
#970 = LINE ( 'NONE', #564, #2302 ) ;
#971 = CARTESIAN_POINT ( 'NONE',  ( -1.750000000000000222, -3.349999999999998757, -0.4899999999999999911 ) ) ;
#972 = ADVANCED_FACE ( 'NONE', ( #992 ), #41, .T. ) ;
#973 = DIRECTION ( 'NONE',  ( 0.000000000000000000, 0.000000000000000000, -1.000000000000000000 ) ) ;
#974 = ORIENTED_EDGE ( 'NONE', *, *, #876, .F. ) ;
#975 = CARTESIAN_POINT ( 'NONE',  ( -1.637567332238087259, -1.949999999999999956, 1.749999999999999778 ) ) ;
#976 = CARTESIAN_POINT ( 'NONE',  ( -1.750000000000000444, -3.899999999999999911, 1.749999999999999778 ) ) ;
#977 = CARTESIAN_POINT ( 'NONE',  ( -1.750000000000000444, -3.899999999999999911, -1.750000000000000000 ) ) ;
#978 = AXIS2_PLACEMENT_3D ( 'NONE', #1945, #247, #995 ) ;
#979 = AXIS2_PLACEMENT_3D ( 'NONE', #2386, #644, #2374 ) ;
#980 = ORIENTED_EDGE ( 'NONE', *, *, #2445, .T. ) ;
#981 = PLANE ( 'NONE',  #426 ) ;
#982 = FACE_OUTER_BOUND ( 'NONE', #1558, .T. ) ;
#983 = EDGE_CURVE ( 'NONE', #623, #1694, #2324, .T. ) ;
#984 = AXIS2_PLACEMENT_3D ( 'NONE', #877, #517, #1062 ) ;
#985 = PLANE ( 'NONE',  #2459 ) ;
#986 = VECTOR ( 'NONE', #1680, 1000.000000000000000 ) ;
#987 = CARTESIAN_POINT ( 'NONE',  ( -0.8499999999999994227, -3.799999999999999822, -0.4400000000000000577 ) ) ;
#988 = ORIENTED_EDGE ( 'NONE', *, *, #1801, .T. ) ;
#989 = EDGE_LOOP ( 'NONE', ( #1919, #79, #2117, #283 ) ) ;
#990 = ADVANCED_FACE ( 'NONE', ( #257 ), #479, .F. ) ;
#991 =( GEOMETRIC_REPRESENTATION_CONTEXT ( 3 ) GLOBAL_UNCERTAINTY_ASSIGNED_CONTEXT ( ( #2026 ) ) GLOBAL_UNIT_ASSIGNED_CONTEXT ( ( #638, #2353, #1427 ) ) REPRESENTATION_CONTEXT ( 'NONE', 'WORKASPACE' ) );
#992 = FACE_OUTER_BOUND ( 'NONE', #572, .T. ) ;
#993 = ORIENTED_EDGE ( 'NONE', *, *, #2456, .F. ) ;
#994 = CARTESIAN_POINT ( 'NONE',  ( -1.749999999999998890, -3.799999999999999822, -0.4400000000000000577 ) ) ;
#995 = DIRECTION ( 'NONE',  ( 1.000000000000000000, 0.000000000000000000, -6.023345402697240556E-17 ) ) ;
#996 = LINE ( 'NONE', #470, #1866 ) ;
#997 = ORIENTED_EDGE ( 'NONE', *, *, #1514, .F. ) ;
#998 = CARTESIAN_POINT ( 'NONE',  ( -0.8499999999999994227, -3.899999999999999911, -1.340000000000000080 ) ) ;
#999 = CARTESIAN_POINT ( 'NONE',  ( 0.000000000000000000, -3.899999999999999911, 0.000000000000000000 ) ) ;
#1000 = PRODUCT_DEFINITION_SHAPE ( 'NONE', 'NONE',  #69 ) ;
#1001 = DIRECTION ( 'NONE',  ( 0.000000000000000000, -0.000000000000000000, -1.000000000000000000 ) ) ;
#1002 = CARTESIAN_POINT ( 'NONE',  ( 1.750000000000001554, -3.799999999999999822, -1.340000000000000080 ) ) ;
#1003 = EDGE_CURVE ( 'NONE', #245, #1011, #1410, .T. ) ;
#1004 = DIRECTION ( 'NONE',  ( -0.000000000000000000, -1.000000000000000000, -0.000000000000000000 ) ) ;
#1005 = PRESENTATION_STYLE_ASSIGNMENT (( #1716 ) ) ;
#1006 = PLANE ( 'NONE',  #2342 ) ;
#1007 = DIRECTION ( 'NONE',  ( 0.000000000000000000, -1.000000000000000000, 0.000000000000000000 ) ) ;
#1008 = DIRECTION ( 'NONE',  ( 1.000000000000000000, 0.000000000000000000, 0.000000000000000000 ) ) ;
#1009 = FACE_OUTER_BOUND ( 'NONE', #2398, .T. ) ;
#1010 = APPLICATION_CONTEXT ( 'automotive_design' ) ;
#1011 = VERTEX_POINT ( 'NONE', #1816 ) ;
#1012 = LINE ( 'NONE', #2205, #702 ) ;
#1013 = VERTEX_POINT ( 'NONE', #636 ) ;
#1014 = EDGE_CURVE ( 'NONE', #1688, #1833, #859, .T. ) ;
#1015 = DIRECTION ( 'NONE',  ( -0.000000000000000000, -1.000000000000000000, -0.000000000000000000 ) ) ;
#1016 = ORIENTED_EDGE ( 'NONE', *, *, #2298, .T. ) ;
#1017 = EDGE_CURVE ( 'NONE', #1189, #2414, #1012, .T. ) ;
#1018 = AXIS2_PLACEMENT_3D ( 'NONE', #1246, #1481, #920 ) ;
#1019 = ORIENTED_EDGE ( 'NONE', *, *, #1845, .F. ) ;
#1020 = DIRECTION ( 'NONE',  ( -0.000000000000000000, -1.000000000000000000, -0.000000000000000000 ) ) ;
#1021 = DIRECTION ( 'NONE',  ( 0.000000000000000000, 0.000000000000000000, 1.000000000000000000 ) ) ;
#1022 = VECTOR ( 'NONE', #2297, 1000.000000000000000 ) ;
#1023 = ORIENTED_EDGE ( 'NONE', *, *, #1067, .T. ) ;
#1024 = DIRECTION ( 'NONE',  ( -0.000000000000000000, -0.000000000000000000, 1.000000000000000000 ) ) ;
#1025 = CARTESIAN_POINT ( 'NONE',  ( -1.750000000000000444, -3.899999999999999911, 0.4400000000000005018 ) ) ;
#1026 = EDGE_LOOP ( 'NONE', ( #2141, #1757, #75, #1441 ) ) ;
#1027 = VERTEX_POINT ( 'NONE', #1795 ) ;
#1028 = AXIS2_PLACEMENT_3D ( 'NONE', #2451, #2397, #1672 ) ;
#1029 = LINE ( 'NONE', #2169, #851 ) ;
#1030 = DIRECTION ( 'NONE',  ( -1.000000000000000000, 0.000000000000000000, -8.432683563776147132E-16 ) ) ;
#1031 = ORIENTED_EDGE ( 'NONE', *, *, #256, .F. ) ;
#1032 =( LENGTH_UNIT ( ) NAMED_UNIT ( * ) SI_UNIT ( .MILLI., .METRE. ) );
#1033 = DIRECTION ( 'NONE',  ( -0.000000000000000000, -0.000000000000000000, 1.000000000000000000 ) ) ;
#1034 = PRODUCT_RELATED_PRODUCT_CATEGORY ( 'part', '', ( #1416 ) ) ;
#1035 = DIRECTION ( 'NONE',  ( 0.000000000000000000, 0.000000000000000000, -1.000000000000000000 ) ) ;
#1036 = VERTEX_POINT ( 'NONE', #1398 ) ;
#1037 = EDGE_CURVE ( 'NONE', #1847, #1395, #1624, .T. ) ;
#1038 = DIRECTION ( 'NONE',  ( 1.000000000000000000, -5.421010862427523156E-16, 0.000000000000000000 ) ) ;
#1039 = ORIENTED_EDGE ( 'NONE', *, *, #583, .T. ) ;
#1040 = DIRECTION ( 'NONE',  ( -0.000000000000000000, -0.000000000000000000, 1.000000000000000000 ) ) ;
#1041 = CARTESIAN_POINT ( 'NONE',  ( 1.850000000000000089, -3.799999999999999822, 1.289999999999999813 ) ) ;
#1042 = EDGE_LOOP ( 'NONE', ( #2221, #1602, #1248, #2007 ) ) ;
#1043 = ORIENTED_EDGE ( 'NONE', *, *, #2210, .F. ) ;
#1044 = CARTESIAN_POINT ( 'NONE',  ( -1.750000000000000222, -3.349999999999998757, 1.289999999999999813 ) ) ;
#1045 = ORIENTED_EDGE ( 'NONE', *, *, #1486, .F. ) ;
#1046 = DIRECTION ( 'NONE',  ( 9.637352644315606583E-16, 1.000000000000000000, 0.000000000000000000 ) ) ;
#1047 = DIRECTION ( 'NONE',  ( 0.000000000000000000, 0.000000000000000000, 1.000000000000000000 ) ) ;
#1048 = DIRECTION ( 'NONE',  ( -0.1378445374916255073, -0.9808148484639900300, 0.1378445374916255073 ) ) ;
#1049 = DIRECTION ( 'NONE',  ( 0.000000000000000000, 0.000000000000000000, 1.000000000000000000 ) ) ;
#1050 = ADVANCED_FACE ( 'NONE', ( #2021 ), #309, .F. ) ;
#1051 = ORIENTED_EDGE ( 'NONE', *, *, #1455, .F. ) ;
#1052 = DIRECTION ( 'NONE',  ( 0.000000000000000000, 0.000000000000000000, -1.000000000000000000 ) ) ;
#1053 = DIRECTION ( 'NONE',  ( 5.421010862427529073E-16, 1.000000000000000000, 0.000000000000000000 ) ) ;
#1054 = ORIENTED_EDGE ( 'NONE', *, *, #493, .T. ) ;
#1055 = ORIENTED_EDGE ( 'NONE', *, *, #1496, .T. ) ;
#1056 = EDGE_CURVE ( 'NONE', #919, #1796, #622, .T. ) ;
#1057 = CARTESIAN_POINT ( 'NONE',  ( 0.3000000000000004330, -3.799999999999999822, -1.239999999999999991 ) ) ;
#1058 = ORIENTED_EDGE ( 'NONE', *, *, #1470, .T. ) ;
#1059 =( LENGTH_UNIT ( ) NAMED_UNIT ( * ) SI_UNIT ( .MILLI., .METRE. ) );
#1060 = VECTOR ( 'NONE', #557, 1000.000000000000114 ) ;
#1061 = VERTEX_POINT ( 'NONE', #1387 ) ;
#1062 = DIRECTION ( 'NONE',  ( 1.000000000000000000, 0.000000000000000000, 0.000000000000000000 ) ) ;
#1063 = CARTESIAN_POINT ( 'NONE',  ( 1.750000000000001554, -3.799999999999999822, 1.289999999999999813 ) ) ;
#1064 = VECTOR ( 'NONE', #117, 1000.000000000000000 ) ;
#1065 = ORIENTED_EDGE ( 'NONE', *, *, #1119, .F. ) ;
#1066 = CARTESIAN_POINT ( 'NONE',  ( 1.850000000000000089, -3.349999999999999645, 0.4899999999999999911 ) ) ;
#1067 = EDGE_CURVE ( 'NONE', #885, #507, #2157, .T. ) ;
#1068 = ORIENTED_EDGE ( 'NONE', *, *, #2058, .T. ) ;
#1069 = VECTOR ( 'NONE', #1299, 1000.000000000000000 ) ;
#1070 = LINE ( 'NONE', #1831, #222 ) ;
#1071 = AXIS2_PLACEMENT_3D ( 'NONE', #616, #1967, #1813 ) ;
#1072 = EDGE_CURVE ( 'NONE', #742, #1998, #1425, .T. ) ;
#1073 = VECTOR ( 'NONE', #719, 1000.000000000000000 ) ;
#1074 = CARTESIAN_POINT ( 'NONE',  ( -1.750000000000000444, -3.799999999999999822, 1.340000000000000080 ) ) ;
#1075 = CARTESIAN_POINT ( 'NONE',  ( 1.750000000000001554, -3.799999999999999822, -0.4400000000000000577 ) ) ;
#1076 = VECTOR ( 'NONE', #1174, 1000.000000000000000 ) ;
#1077 = VECTOR ( 'NONE', #1190, 1000.000000000000000 ) ;
#1078 = PRODUCT_DEFINITION_CONTEXT ( 'detailed design', #1010, 'design' ) ;
#1079 = DIRECTION ( 'NONE',  ( 1.000000000000000000, 0.000000000000000000, -0.000000000000000000 ) ) ;
#1080 = ORIENTED_EDGE ( 'NONE', *, *, #306, .T. ) ;
#1081 = LINE ( 'NONE', #161, #1143 ) ;
#1082 = ADVANCED_FACE ( 'NONE', ( #1773 ), #465, .F. ) ;
#1083 = CARTESIAN_POINT ( 'NONE',  ( -0.9500000000000011768, -3.899999999999999467, -1.289999999999999813 ) ) ;
#1084 = FACE_OUTER_BOUND ( 'NONE', #1085, .T. ) ;
#1085 = EDGE_LOOP ( 'NONE', ( #1881, #1116, #2171, #302 ) ) ;
#1086 = EDGE_CURVE ( 'NONE', #1291, #1220, #1309, .T. ) ;
#1087 = CYLINDRICAL_SURFACE ( 'NONE', #774, 0.09999999999999982514 ) ;
#1088 = EDGE_CURVE ( 'NONE', #410, #1525, #934, .T. ) ;
#1089 = ORIENTED_EDGE ( 'NONE', *, *, #1230, .T. ) ;
#1090 = LINE ( 'NONE', #1066, #425 ) ;
#1091 = CARTESIAN_POINT ( 'NONE',  ( -0.8500000000000005329, -3.799999999999999822, 0.4400000000000000577 ) ) ;
#1092 = LINE ( 'NONE', #533, #1576 ) ;
#1093 = CARTESIAN_POINT ( 'NONE',  ( -1.750000000000001110, -3.799999999999998934, 0.4899999999999999911 ) ) ;
#1094 = ORIENTED_EDGE ( 'NONE', *, *, #1748, .F. ) ;
#1095 = ADVANCED_FACE ( 'NONE', ( #1084 ), #2226, .F. ) ;
#1096 = CARTESIAN_POINT ( 'NONE',  ( -1.750000000000001110, -3.799999999999998934, 1.289999999999999813 ) ) ;
#1097 = CARTESIAN_POINT ( 'NONE',  ( -0.8500000000000005329, -3.799999999999999822, 1.340000000000000080 ) ) ;
#1098 = EDGE_LOOP ( 'NONE', ( #1207, #1392 ) ) ;
#1099 = ORIENTED_EDGE ( 'NONE', *, *, #73, .F. ) ;
#1100 = DIRECTION ( 'NONE',  ( 0.000000000000000000, 0.000000000000000000, -1.000000000000000000 ) ) ;
#1101 = SURFACE_SIDE_STYLE ('',( #731 ) ) ;
#1102 = AXIS2_PLACEMENT_3D ( 'NONE', #2430, #924, #1888 ) ;
#1103 = ORIENTED_EDGE ( 'NONE', *, *, #2273, .F. ) ;
#1104 = CIRCLE ( 'NONE', #1294, 1.425000000000000044 ) ;
#1105 = PLANE ( 'NONE',  #417 ) ;
#1106 = LINE ( 'NONE', #332, #354 ) ;
#1107 = VECTOR ( 'NONE', #1161, 1000.000000000000000 ) ;
#1108 = ORIENTED_EDGE ( 'NONE', *, *, #556, .F. ) ;
#1109 = VECTOR ( 'NONE', #48, 1000.000000000000000 ) ;
#1110 = CARTESIAN_POINT ( 'NONE',  ( 1.745121688784978277E-16, -1.949999999999999956, -1.425000000000000044 ) ) ;
#1111 = VECTOR ( 'NONE', #1403, 1000.000000000000000 ) ;
#1112 = CARTESIAN_POINT ( 'NONE',  ( 1.750000000000001554, -3.799999999999999822, 1.289999999999999813 ) ) ;
#1113 = VECTOR ( 'NONE', #700, 1000.000000000000000 ) ;
#1114 = DIRECTION ( 'NONE',  ( 0.000000000000000000, 0.000000000000000000, -1.000000000000000000 ) ) ;
#1115 = EDGE_CURVE ( 'NONE', #487, #797, #1258, .T. ) ;
#1116 = ORIENTED_EDGE ( 'NONE', *, *, #1832, .F. ) ;
#1117 = DIRECTION ( 'NONE',  ( -3.854941057726235533E-15, 1.000000000000000000, -0.000000000000000000 ) ) ;
#1118 = DIRECTION ( 'NONE',  ( -0.000000000000000000, 0.000000000000000000, -1.000000000000000000 ) ) ;
#1119 = EDGE_CURVE ( 'NONE', #1770, #2323, #2053, .T. ) ;
#1120 = CARTESIAN_POINT ( 'NONE',  ( 1.750000000000001554, -3.799999999999999822, -0.4899999999999999911 ) ) ;
#1121 = CARTESIAN_POINT ( 'NONE',  ( 0.9500000000000002887, -3.799999999999999822, 0.4899999999999999911 ) ) ;
#1122 = DIRECTION ( 'NONE',  ( 0.000000000000000000, 0.000000000000000000, -1.000000000000000000 ) ) ;
#1123 = LINE ( 'NONE', #168, #1261 ) ;
#1124 = DIRECTION ( 'NONE',  ( -0.000000000000000000, -0.000000000000000000, -1.000000000000000000 ) ) ;
#1125 = DIRECTION ( 'NONE',  ( -0.000000000000000000, -1.000000000000000000, -0.000000000000000000 ) ) ;
#1126 = EDGE_CURVE ( 'NONE', #633, #213, #331, .T. ) ;
#1127 = FACE_OUTER_BOUND ( 'NONE', #1171, .T. ) ;
#1128 = EDGE_CURVE ( 'NONE', #1917, #96, #1092, .T. ) ;
#1129 = DIRECTION ( 'NONE',  ( 1.000000000000000000, 0.000000000000000000, 0.000000000000000000 ) ) ;
#1130 = DIRECTION ( 'NONE',  ( 0.000000000000000000, 0.000000000000000000, -1.000000000000000000 ) ) ;
#1131 = CARTESIAN_POINT ( 'NONE',  ( 0.000000000000000000, -2.750000000000000000, 0.000000000000000000 ) ) ;
#1132 = EDGE_LOOP ( 'NONE', ( #988, #1784, #1149, #598 ) ) ;
#1133 = AXIS2_PLACEMENT_3D ( 'NONE', #599, #1368, #2135 ) ;
#1134 = ADVANCED_FACE ( 'NONE', ( #1863 ), #713, .F. ) ;
#1135 = DIRECTION ( 'NONE',  ( -0.000000000000000000, 0.000000000000000000, -1.000000000000000000 ) ) ;
#1136 = ADVANCED_FACE ( 'NONE', ( #137 ), #1469, .T. ) ;
#1137 = VECTOR ( 'NONE', #1414, 1000.000000000000000 ) ;
#1138 = DIRECTION ( 'NONE',  ( -1.000000000000000000, 0.000000000000000000, -0.000000000000000000 ) ) ;
#1139 = EDGE_LOOP ( 'NONE', ( #691, #1316, #2129, #789, #1828, #2046, #2376 ) ) ;
#1140 = VECTOR ( 'NONE', #386, 1000.000000000000000 ) ;
#1141 = DIRECTION ( 'NONE',  ( 1.000000000000000000, 0.000000000000000000, -0.000000000000000000 ) ) ;
#1142 = LINE ( 'NONE', #977, #2424 ) ;
#1143 = VECTOR ( 'NONE', #891, 1000.000000000000000 ) ;
#1144 = VECTOR ( 'NONE', #2455, 1000.000000000000000 ) ;
#1145 = LINE ( 'NONE', #2295, #1293 ) ;
#1146 = VECTOR ( 'NONE', #1352, 1000.000000000000000 ) ;
#1147 = DIRECTION ( 'NONE',  ( 1.000000000000000000, 0.000000000000000000, 0.000000000000000000 ) ) ;
#1148 = ORIENTED_EDGE ( 'NONE', *, *, #1003, .F. ) ;
#1149 = ORIENTED_EDGE ( 'NONE', *, *, #2078, .F. ) ;
#1150 = CARTESIAN_POINT ( 'NONE',  ( -1.750000000000001110, -3.799999999999998934, -0.4899999999999999911 ) ) ;
#1151 = ORIENTED_EDGE ( 'NONE', *, *, #2061, .T. ) ;
#1152 = ADVANCED_FACE ( 'NONE', ( #2439 ), #921, .F. ) ;
#1153 = DIRECTION ( 'NONE',  ( 0.000000000000000000, 0.000000000000000000, 1.000000000000000000 ) ) ;
#1154 = PLANE ( 'NONE',  #2107 ) ;
#1155 = LINE ( 'NONE', #207, #459 ) ;
#1156 = CARTESIAN_POINT ( 'NONE',  ( 0.3000000000000000999, -3.799999999999999822, -0.3399999999999999689 ) ) ;
#1157 = LINE ( 'NONE', #1328, #2215 ) ;
#1158 = LINE ( 'NONE', #987, #941 ) ;
#1159 = VERTEX_POINT ( 'NONE', #1345 ) ;
#1160 = ORIENTED_EDGE ( 'NONE', *, *, #2183, .F. ) ;
#1161 = DIRECTION ( 'NONE',  ( 1.000000000000000000, 0.000000000000000000, 0.000000000000000000 ) ) ;
#1162 = ORIENTED_EDGE ( 'NONE', *, *, #166, .T. ) ;
#1163 =( LENGTH_UNIT ( ) NAMED_UNIT ( * ) SI_UNIT ( .MILLI., .METRE. ) );
#1164 = DIRECTION ( 'NONE',  ( -1.000000000000000000, -0.000000000000000000, -0.000000000000000000 ) ) ;
#1165 = ADVANCED_FACE ( 'NONE', ( #767 ), #1524, .F. ) ;
#1166 = DIRECTION ( 'NONE',  ( 0.000000000000000000, 1.000000000000000000, 0.000000000000000000 ) ) ;
#1167 = EDGE_CURVE ( 'NONE', #927, #2355, #2286, .T. ) ;
#1168 = SURFACE_SIDE_STYLE ('',( #371 ) ) ;
#1169 = LINE ( 'NONE', #1951, #2415 ) ;
#1170 = CARTESIAN_POINT ( 'NONE',  ( -1.750000000000000444, -3.899999999999999911, 1.749999999999999778 ) ) ;
#1171 = EDGE_LOOP ( 'NONE', ( #659, #783, #1346, #1882, #2313, #1259, #675 ) ) ;
#1172 = DIRECTION ( 'NONE',  ( 0.000000000000000000, -0.000000000000000000, -1.000000000000000000 ) ) ;
#1173 = PLANE ( 'NONE',  #2345 ) ;
#1174 = DIRECTION ( 'NONE',  ( 0.000000000000000000, 0.000000000000000000, -1.000000000000000000 ) ) ;
#1175 = VECTOR ( 'NONE', #1587, 1000.000000000000000 ) ;
#1176 = VECTOR ( 'NONE', #1453, 1000.000000000000000 ) ;
#1177 = VERTEX_POINT ( 'NONE', #580 ) ;
#1178 = CARTESIAN_POINT ( 'NONE',  ( -1.750000000000000444, -3.799999999999999822, 1.340000000000000080 ) ) ;
#1179 = CARTESIAN_POINT ( 'NONE',  ( 0.3000000000000004330, -3.799999999999999822, -1.239999999999999991 ) ) ;
#1180 = VECTOR ( 'NONE', #111, 1000.000000000000000 ) ;
#1181 = EDGE_CURVE ( 'NONE', #438, #697, #780, .T. ) ;
#1182 = LINE ( 'NONE', #76, #610 ) ;
#1183 = VECTOR ( 'NONE', #1483, 1000.000000000000000 ) ;
#1184 = CARTESIAN_POINT ( 'NONE',  ( 0.9500000000000002887, -3.899999999999999911, -1.289999999999999813 ) ) ;
#1185 = ORIENTED_EDGE ( 'NONE', *, *, #1731, .F. ) ;
#1186 = ORIENTED_EDGE ( 'NONE', *, *, #611, .T. ) ;
#1187 = EDGE_CURVE ( 'NONE', #305, #2101, #464, .T. ) ;
#1188 =( GEOMETRIC_REPRESENTATION_CONTEXT ( 3 ) GLOBAL_UNCERTAINTY_ASSIGNED_CONTEXT ( ( #490 ) ) GLOBAL_UNIT_ASSIGNED_CONTEXT ( ( #1032, #2172, #2401 ) ) REPRESENTATION_CONTEXT ( 'NONE', 'WORKASPACE' ) );
#1189 = VERTEX_POINT ( 'NONE', #2125 ) ;
#1190 = DIRECTION ( 'NONE',  ( -0.000000000000000000, -1.000000000000000000, -0.000000000000000000 ) ) ;
#1191 = CARTESIAN_POINT ( 'NONE',  ( -1.850000000000000533, -3.349999999999998757, -1.289999999999999813 ) ) ;
#1192 = DIRECTION ( 'NONE',  ( 1.000000000000000000, -0.000000000000000000, -0.000000000000000000 ) ) ;
#1193 = EDGE_CURVE ( 'NONE', #710, #1825, #373, .T. ) ;
#1194 = ORIENTED_EDGE ( 'NONE', *, *, #611, .F. ) ;
#1195 = ORIENTED_EDGE ( 'NONE', *, *, #2035, .F. ) ;
#1196 = FACE_OUTER_BOUND ( 'NONE', #1399, .T. ) ;
#1197 = EDGE_CURVE ( 'NONE', #466, #179, #2188, .T. ) ;
#1198 = VERTEX_POINT ( 'NONE', #240 ) ;
#1199 = PLANE ( 'NONE',  #864 ) ;
#1200 = LINE ( 'NONE', #1960, #1378 ) ;
#1201 = DIRECTION ( 'NONE',  ( -1.000000000000000000, -0.000000000000000000, 0.000000000000000000 ) ) ;
#1202 = ORIENTED_EDGE ( 'NONE', *, *, #1240, .F. ) ;
#1203 = CARTESIAN_POINT ( 'NONE',  ( -1.637567332238087259, -1.949999999999999956, 0.000000000000000000 ) ) ;
#1204 = CARTESIAN_POINT ( 'NONE',  ( 0.000000000000000000, -3.849999999999999645, -0.1250000000000000000 ) ) ;
#1205 = ORIENTED_EDGE ( 'NONE', *, *, #338, .F. ) ;
#1206 = FACE_OUTER_BOUND ( 'NONE', #114, .T. ) ;
#1207 = ORIENTED_EDGE ( 'NONE', *, *, #538, .F. ) ;
#1208 = EDGE_LOOP ( 'NONE', ( #45, #993, #2203, #333 ) ) ;
#1209 = CARTESIAN_POINT ( 'NONE',  ( 1.749999999999999334, -3.899999999999999911, 1.289999999999999813 ) ) ;
#1210 = CARTESIAN_POINT ( 'NONE',  ( 0.8500000000000005329, -3.899999999999999911, -0.4400000000000000022 ) ) ;
#1211 = VERTEX_POINT ( 'NONE', #1170 ) ;
#1212 = EDGE_CURVE ( 'NONE', #1013, #2211, #1158, .T. ) ;
#1213 = LINE ( 'NONE', #1074, #1263 ) ;
#1214 = AXIS2_PLACEMENT_3D ( 'NONE', #1063, #74, #2371 ) ;
#1215 = LINE ( 'NONE', #107, #1137 ) ;
#1216 = DIRECTION ( 'NONE',  ( 0.000000000000000000, 0.000000000000000000, 1.000000000000000000 ) ) ;
#1217 = ADVANCED_FACE ( 'NONE', ( #1699 ), #1515, .F. ) ;
#1218 = VECTOR ( 'NONE', #1485, 1000.000000000000000 ) ;
#1219 = AXIS2_PLACEMENT_3D ( 'NONE', #1320, #10, #950 ) ;
#1220 = VERTEX_POINT ( 'NONE', #2100 ) ;
#1221 = DIRECTION ( 'NONE',  ( -1.000000000000000000, 0.000000000000000000, -0.000000000000000000 ) ) ;
#1222 = ORIENTED_EDGE ( 'NONE', *, *, #196, .T. ) ;
#1223 = MECHANICAL_DESIGN_GEOMETRIC_PRESENTATION_REPRESENTATION (  '', ( #186 ), #2337 ) ;
#1224 = CIRCLE ( 'NONE', #2191, 0.09999999999999982514 ) ;
#1225 = EDGE_LOOP ( 'NONE', ( #1402, #170, #370, #563, #630, #1019, #974 ) ) ;
#1226 = VECTOR ( 'NONE', #2216, 1000.000000000000000 ) ;
#1227 = LINE ( 'NONE', #1412, #1226 ) ;
#1228 = PLANE ( 'NONE',  #2464 ) ;
#1229 = DIRECTION ( 'NONE',  ( 0.000000000000000000, 0.000000000000000000, -1.000000000000000000 ) ) ;
#1230 = EDGE_CURVE ( 'NONE', #2476, #1027, #2469, .T. ) ;
#1231 = CARTESIAN_POINT ( 'NONE',  ( 0.8499999999999994227, -3.799999999999999822, 1.340000000000000080 ) ) ;
#1232 = ADVANCED_FACE ( 'NONE', ( #422 ), #2276, .T. ) ;
#1233 = DIRECTION ( 'NONE',  ( -1.000000000000000000, 5.421010862427529073E-16, 0.000000000000000000 ) ) ;
#1234 = VERTEX_POINT ( 'NONE', #37 ) ;
#1235 = PLANE ( 'NONE',  #229 ) ;
#1236 = ORIENTED_EDGE ( 'NONE', *, *, #256, .T. ) ;
#1237 = ORIENTED_EDGE ( 'NONE', *, *, #744, .F. ) ;
#1238 = DIRECTION ( 'NONE',  ( 0.000000000000000000, -1.000000000000000000, 0.000000000000000000 ) ) ;
#1239 = ORIENTED_EDGE ( 'NONE', *, *, #569, .F. ) ;
#1240 = EDGE_CURVE ( 'NONE', #1311, #5, #750, .T. ) ;
#1241 = LINE ( 'NONE', #2243, #1180 ) ;
#1242 = EDGE_CURVE ( 'NONE', #98, #1963, #1370, .T. ) ;
#1243 = ORIENTED_EDGE ( 'NONE', *, *, #1952, .F. ) ;
#1244 = DIRECTION ( 'NONE',  ( 0.000000000000000000, 0.000000000000000000, 1.000000000000000000 ) ) ;
#1245 = EDGE_LOOP ( 'NONE', ( #1195, #2435, #1870, #237 ) ) ;
#1246 = CARTESIAN_POINT ( 'NONE',  ( 1.749999999999999778, -3.349999999999999645, 1.289999999999999813 ) ) ;
#1247 = DIRECTION ( 'NONE',  ( 0.7071067811865474617, -0.000000000000000000, -0.7071067811865474617 ) ) ;
#1248 = ORIENTED_EDGE ( 'NONE', *, *, #2209, .F. ) ;
#1249 = DIRECTION ( 'NONE',  ( -0.000000000000000000, -1.000000000000000000, -0.000000000000000000 ) ) ;
#1250 =( NAMED_UNIT ( * ) SI_UNIT ( $, .STERADIAN. ) SOLID_ANGLE_UNIT ( ) );
#1251 = VECTOR ( 'NONE', #1449, 1000.000000000000000 ) ;
#1252 = AXIS2_PLACEMENT_3D ( 'NONE', #592, #1360, #2335 ) ;
#1253 = ORIENTED_EDGE ( 'NONE', *, *, #2420, .F. ) ;
#1254 = DIRECTION ( 'NONE',  ( -0.000000000000000000, -1.000000000000000000, -0.000000000000000000 ) ) ;
#1255 = EDGE_CURVE ( 'NONE', #476, #1525, #1733, .T. ) ;
#1256 = VECTOR ( 'NONE', #497, 1000.000000000000000 ) ;
#1257 = AXIS2_PLACEMENT_3D ( 'NONE', #773, #2307, #2093 ) ;
#1258 = LINE ( 'NONE', #2043, #1256 ) ;
#1259 = ORIENTED_EDGE ( 'NONE', *, *, #758, .T. ) ;
#1260 = EDGE_CURVE ( 'NONE', #2195, #2235, #24, .T. ) ;
#1261 = VECTOR ( 'NONE', #1511, 1000.000000000000000 ) ;
#1262 = SURFACE_SIDE_STYLE ('',( #2197 ) ) ;
#1263 = VECTOR ( 'NONE', #826, 1000.000000000000000 ) ;
#1264 = VECTOR ( 'NONE', #772, 1000.000000000000000 ) ;
#1265 = PLANE ( 'NONE',  #745 ) ;
#1266 = ORIENTED_EDGE ( 'NONE', *, *, #538, .T. ) ;
#1267 = LINE ( 'NONE', #880, #1898 ) ;
#1268 = DIRECTION ( 'NONE',  ( 1.000000000000000000, 0.000000000000000000, 0.000000000000000000 ) ) ;
#1269 = LINE ( 'NONE', #2427, #1570 ) ;
#1270 = ADVANCED_FACE ( 'NONE', ( #558 ), #1545, .T. ) ;
#1271 = DIRECTION ( 'NONE',  ( -0.000000000000000000, 1.000000000000000000, -0.000000000000000000 ) ) ;
#1272 = ORIENTED_EDGE ( 'NONE', *, *, #585, .F. ) ;
#1273 = CARTESIAN_POINT ( 'NONE',  ( -0.9500000000000011768, -3.799999999999999378, 1.289999999999999813 ) ) ;
#1274 = EDGE_CURVE ( 'NONE', #1584, #38, #1713, .T. ) ;
#1275 = FILL_AREA_STYLE_COLOUR ( '', #1334 ) ;
#1276 = DIRECTION ( 'NONE',  ( 1.000000000000000000, 0.000000000000000000, 0.000000000000000000 ) ) ;
#1277 = ORIENTED_EDGE ( 'NONE', *, *, #2391, .T. ) ;
#1278 = ORIENTED_EDGE ( 'NONE', *, *, #1551, .F. ) ;
#1279 = CARTESIAN_POINT ( 'NONE',  ( -1.750000000000001110, -3.799999999999998934, -0.4899999999999999911 ) ) ;
#1280 = CARTESIAN_POINT ( 'NONE',  ( -1.750000000000000444, -3.899999999999999911, 1.749999999999999778 ) ) ;
#1281 = EDGE_LOOP ( 'NONE', ( #525, #1355, #233, #1764 ) ) ;
#1282 = DIRECTION ( 'NONE',  ( 0.000000000000000000, -1.000000000000000000, 0.000000000000000000 ) ) ;
#1283 = LINE ( 'NONE', #2428, #1144 ) ;
#1284 = ORIENTED_EDGE ( 'NONE', *, *, #56, .F. ) ;
#1285 = DIRECTION ( 'NONE',  ( 9.637352644315606583E-16, 1.000000000000000000, 0.000000000000000000 ) ) ;
#1286 = ORIENTED_EDGE ( 'NONE', *, *, #2133, .F. ) ;
#1287 = EDGE_CURVE ( 'NONE', #162, #2355, #348, .T. ) ;
#1288 = DIRECTION ( 'NONE',  ( -1.000000000000000000, -0.000000000000000000, -0.000000000000000000 ) ) ;
#1289 = DIRECTION ( 'NONE',  ( 0.000000000000000000, -1.000000000000000000, 0.000000000000000000 ) ) ;
#1290 = EDGE_CURVE ( 'NONE', #1694, #2211, #486, .T. ) ;
#1291 = VERTEX_POINT ( 'NONE', #1025 ) ;
#1292 = DIRECTION ( 'NONE',  ( -0.000000000000000000, -0.000000000000000000, 1.000000000000000000 ) ) ;
#1293 = VECTOR ( 'NONE', #1915, 1000.000000000000000 ) ;
#1294 = AXIS2_PLACEMENT_3D ( 'NONE', #1685, #733, #2020 ) ;
#1295 = CARTESIAN_POINT ( 'NONE',  ( 0.9500000000000002887, -3.799999999999999822, -1.289999999999999813 ) ) ;
#1296 = DIRECTION ( 'NONE',  ( 0.000000000000000000, 0.000000000000000000, -1.000000000000000000 ) ) ;
#1297 = AXIS2_PLACEMENT_3D ( 'NONE', #1797, #839, #83 ) ;
#1298 = VECTOR ( 'NONE', #973, 1000.000000000000000 ) ;
#1299 = DIRECTION ( 'NONE',  ( 1.204669080539449344E-16, 0.000000000000000000, -1.000000000000000000 ) ) ;
#1300 = STYLED_ITEM ( 'NONE', ( #1646 ), #1532 ) ;
#1301 = CARTESIAN_POINT ( 'NONE',  ( 0.8500000000000007550, -3.899999999999999911, -1.340000000000000080 ) ) ;
#1302 = AXIS2_PLACEMENT_3D ( 'NONE', #1554, #840, #2317 ) ;
#1303 = ADVANCED_FACE ( 'NONE', ( #1620 ), #253, .F. ) ;
#1304 = DIRECTION ( 'NONE',  ( 1.000000000000000000, 0.000000000000000000, 0.000000000000000000 ) ) ;
#1305 = ORIENTED_EDGE ( 'NONE', *, *, #2475, .F. ) ;
#1306 = EDGE_CURVE ( 'NONE', #688, #1810, #1407, .T. ) ;
#1307 = CARTESIAN_POINT ( 'NONE',  ( 1.750000000000001554, -3.799999999999999822, 1.289999999999999813 ) ) ;
#1308 = DIRECTION ( 'NONE',  ( 0.7071067811865474617, -0.000000000000000000, -0.7071067811865474617 ) ) ;
#1309 = LINE ( 'NONE', #323, #2219 ) ;
#1310 = CARTESIAN_POINT ( 'NONE',  ( 0.8499999999999994227, -3.799999999999999822, 1.340000000000000080 ) ) ;
#1311 = VERTEX_POINT ( 'NONE', #437 ) ;
#1312 =( NAMED_UNIT ( * ) SI_UNIT ( $, .STERADIAN. ) SOLID_ANGLE_UNIT ( ) );
#1313 = DIRECTION ( 'NONE',  ( 1.000000000000000000, -5.421010862427523156E-16, 0.000000000000000000 ) ) ;
#1314 = DIRECTION ( 'NONE',  ( -0.000000000000000000, -1.000000000000000000, 0.000000000000000000 ) ) ;
#1315 = ADVANCED_FACE ( 'NONE', ( #1009 ), #576, .F. ) ;
#1316 = ORIENTED_EDGE ( 'NONE', *, *, #583, .F. ) ;
#1317 =( NAMED_UNIT ( * ) PLANE_ANGLE_UNIT ( ) SI_UNIT ( $, .RADIAN. ) );
#1318 = CARTESIAN_POINT ( 'NONE',  ( -1.750000000000000222, -3.899999999999999023, -0.4899999999999999911 ) ) ;
#1319 = ADVANCED_FACE ( 'NONE', ( #2193 ), #803, .F. ) ;
#1320 = CARTESIAN_POINT ( 'NONE',  ( -1.750000000000000444, -3.899999999999999911, -1.750000000000000000 ) ) ;
#1321 = CARTESIAN_POINT ( 'NONE',  ( -1.750000000000000444, -3.799999999999999822, 1.340000000000000080 ) ) ;
#1322 = EDGE_LOOP ( 'NONE', ( #415, #1639, #2465, #1185 ) ) ;
#1323 = FACE_OUTER_BOUND ( 'NONE', #2239, .T. ) ;
#1324 = FACE_OUTER_BOUND ( 'NONE', #258, .T. ) ;
#1325 = DIRECTION ( 'NONE',  ( 0.000000000000000000, 1.000000000000000000, 0.000000000000000000 ) ) ;
#1326 = EDGE_LOOP ( 'NONE', ( #58, #49, #1822, #2018 ) ) ;
#1327 = ADVANCED_FACE ( 'NONE', ( #1206 ), #820, .T. ) ;
#1328 = CARTESIAN_POINT ( 'NONE',  ( -1.750000000000000222, -3.349999999999998757, 1.289999999999999813 ) ) ;
#1329 = VECTOR ( 'NONE', #1038, 1000.000000000000000 ) ;
#1330 = DIRECTION ( 'NONE',  ( -0.000000000000000000, 1.000000000000000000, 0.000000000000000000 ) ) ;
#1331 = EDGE_CURVE ( 'NONE', #1220, #1632, #1755, .T. ) ;
#1332 = ORIENTED_EDGE ( 'NONE', *, *, #1689, .T. ) ;
#1333 = AXIS2_PLACEMENT_3D ( 'NONE', #1566, #656, #1966 ) ;
#1334 = COLOUR_RGB ( '',0.7921568627450980005, 0.8196078431372548767, 0.9333333333333333481 ) ;
#1335 = DIRECTION ( 'NONE',  ( 0.000000000000000000, -1.000000000000000000, 0.000000000000000000 ) ) ;
#1336 = EDGE_CURVE ( 'NONE', #483, #940, #475, .T. ) ;
#1337 = VECTOR ( 'NONE', #1507, 1000.000000000000000 ) ;
#1338 = LINE ( 'NONE', #799, #1146 ) ;
#1339 = LINE ( 'NONE', #1893, #504 ) ;
#1340 = VERTEX_POINT ( 'NONE', #1393 ) ;
#1341 = CARTESIAN_POINT ( 'NONE',  ( 1.750000000000000222, -3.799999999999999822, -1.289999999999999813 ) ) ;
#1342 = CARTESIAN_POINT ( 'NONE',  ( 1.750000000000000222, -3.799999999999999822, 0.4899999999999999911 ) ) ;
#1343 = VECTOR ( 'NONE', #1988, 1000.000000000000000 ) ;
#1344 = DIRECTION ( 'NONE',  ( 1.000000000000000000, 0.000000000000000000, 9.035018104045870694E-17 ) ) ;
#1345 = CARTESIAN_POINT ( 'NONE',  ( 0.000000000000000000, -3.849999999999999645, -0.2500000000000000000 ) ) ;
#1346 = ORIENTED_EDGE ( 'NONE', *, *, #1514, .T. ) ;
#1347 = ORIENTED_EDGE ( 'NONE', *, *, #1734, .F. ) ;
#1348 = EDGE_CURVE ( 'NONE', #664, #450, #294, .T. ) ;
#1349 = DIRECTION ( 'NONE',  ( 0.000000000000000000, -1.000000000000000000, 0.000000000000000000 ) ) ;
#1350 = ORIENTED_EDGE ( 'NONE', *, *, #769, .F. ) ;
#1351 = EDGE_CURVE ( 'NONE', #1519, #2347, #1385, .T. ) ;
#1352 = DIRECTION ( 'NONE',  ( -0.000000000000000000, -1.000000000000000000, -0.000000000000000000 ) ) ;
#1353 = LINE ( 'NONE', #2082, #32 ) ;
#1354 = FACE_OUTER_BOUND ( 'NONE', #855, .T. ) ;
#1355 = ORIENTED_EDGE ( 'NONE', *, *, #937, .T. ) ;
#1356 = CARTESIAN_POINT ( 'NONE',  ( -0.9500000000000011768, -3.799999999999999378, 1.289999999999999813 ) ) ;
#1357 = CARTESIAN_POINT ( 'NONE',  ( 1.749999999999999556, -3.899999999999999911, 1.749999999999999778 ) ) ;
#1358 = CARTESIAN_POINT ( 'NONE',  ( 1.750000000000000222, -3.799999999999999822, -1.289999999999999813 ) ) ;
#1359 = EDGE_LOOP ( 'NONE', ( #1503, #762, #1625, #200 ) ) ;
#1360 = DIRECTION ( 'NONE',  ( 0.000000000000000000, -1.000000000000000000, 0.000000000000000000 ) ) ;
#1361 = ORIENTED_EDGE ( 'NONE', *, *, #983, .F. ) ;
#1362 = DIRECTION ( 'NONE',  ( -0.000000000000000000, -0.000000000000000000, 1.000000000000000000 ) ) ;
#1363 = CARTESIAN_POINT ( 'NONE',  ( 0.9500000000000002887, -3.899999999999999911, 1.289999999999999813 ) ) ;
#1364 = ADVANCED_FACE ( 'NONE', ( #1432 ), #1980, .F. ) ;
#1365 = ORIENTED_EDGE ( 'NONE', *, *, #1563, .T. ) ;
#1366 = CARTESIAN_POINT ( 'NONE',  ( 0.000000000000000000, -3.849999999999999645, 0.000000000000000000 ) ) ;
#1367 = ADVANCED_FACE ( 'NONE', ( #833 ), #1235, .F. ) ;
#1368 = DIRECTION ( 'NONE',  ( 1.000000000000000000, -0.000000000000000000, 0.000000000000000000 ) ) ;
#1369 = CARTESIAN_POINT ( 'NONE',  ( -1.750000000000000444, -3.899999999999999911, 1.749999999999999778 ) ) ;
#1370 = LINE ( 'NONE', #212, #1298 ) ;
#1371 = ORIENTED_EDGE ( 'NONE', *, *, #556, .T. ) ;
#1372 = EDGE_LOOP ( 'NONE', ( #808, #1564, #1901, #408 ) ) ;
#1373 = CARTESIAN_POINT ( 'NONE',  ( -0.8499999999999994227, -3.799999999999999822, -1.340000000000000080 ) ) ;
#1374 = ORIENTED_EDGE ( 'NONE', *, *, #241, .F. ) ;
#1375 = VECTOR ( 'NONE', #1033, 1000.000000000000000 ) ;
#1376 = CARTESIAN_POINT ( 'NONE',  ( -1.850000000000000977, -3.799999999999998934, 1.289999999999999813 ) ) ;
#1377 = PLANE ( 'NONE',  #1302 ) ;
#1378 = VECTOR ( 'NONE', #2450, 1000.000000000000000 ) ;
#1379 = AXIS2_PLACEMENT_3D ( 'NONE', #1594, #462, #1221 ) ;
#1380 = CARTESIAN_POINT ( 'NONE',  ( 3.061616997868383018E-17, -3.849999999999999645, 0.2500000000000000000 ) ) ;
#1381 = DIRECTION ( 'NONE',  ( 0.000000000000000000, 0.000000000000000000, -1.000000000000000000 ) ) ;
#1382 = AXIS2_PLACEMENT_3D ( 'NONE', #1476, #1289, #1114 ) ;
#1383 = ADVANCED_FACE ( 'NONE', ( #2153 ), #1604, .F. ) ;
#1384 = AXIS2_PLACEMENT_3D ( 'NONE', #2227, #524, #911 ) ;
#1385 = LINE ( 'NONE', #1791, #1495 ) ;
#1386 = PRESENTATION_LAYER_ASSIGNMENT (  '', '', ( #2224 ) ) ;
#1387 = CARTESIAN_POINT ( 'NONE',  ( -1.850000000000000533, -3.349999999999998757, -1.289999999999999813 ) ) ;
#1388 = ORIENTED_EDGE ( 'NONE', *, *, #128, .F. ) ;
#1389 = DIRECTION ( 'NONE',  ( 0.000000000000000000, 0.000000000000000000, -1.000000000000000000 ) ) ;
#1390 = CARTESIAN_POINT ( 'NONE',  ( 0.8499999999999994227, -3.799999999999999822, 0.4400000000000000577 ) ) ;
#1391 = ORIENTED_EDGE ( 'NONE', *, *, #666, .T. ) ;
#1392 = ORIENTED_EDGE ( 'NONE', *, *, #1197, .F. ) ;
#1393 = CARTESIAN_POINT ( 'NONE',  ( 3.061616997868383018E-17, -3.849999999999999645, 0.2500000000000000000 ) ) ;
#1394 = ORIENTED_EDGE ( 'NONE', *, *, #259, .F. ) ;
#1395 = VERTEX_POINT ( 'NONE', #1997 ) ;
#1396 = EDGE_CURVE ( 'NONE', #1583, #2257, #282, .T. ) ;
#1397 = CARTESIAN_POINT ( 'NONE',  ( 1.606451724554976312, -1.728600947198008830, -1.606451724554976757 ) ) ;
#1398 = CARTESIAN_POINT ( 'NONE',  ( -1.850000000000000533, -3.349999999999998757, 0.4899999999999999911 ) ) ;
#1399 = EDGE_LOOP ( 'NONE', ( #547, #251, #865, #78 ) ) ;
#1400 = CARTESIAN_POINT ( 'NONE',  ( 1.850000000000000089, -3.349999999999999645, 1.289999999999999813 ) ) ;
#1401 = LINE ( 'NONE', #787, #2266 ) ;
#1402 = ORIENTED_EDGE ( 'NONE', *, *, #692, .F. ) ;
#1403 = DIRECTION ( 'NONE',  ( 0.000000000000000000, 0.000000000000000000, 1.000000000000000000 ) ) ;
#1404 = LINE ( 'NONE', #86, #377 ) ;
#1405 = ORIENTED_EDGE ( 'NONE', *, *, #40, .T. ) ;
#1406 = CARTESIAN_POINT ( 'NONE',  ( -1.750000000000001110, -3.799999999999998934, -1.289999999999999813 ) ) ;
#1407 = LINE ( 'NONE', #674, #1661 ) ;
#1408 = ORIENTED_EDGE ( 'NONE', *, *, #1037, .T. ) ;
#1409 = VERTEX_POINT ( 'NONE', #1803 ) ;
#1410 = LINE ( 'NONE', #871, #2062 ) ;
#1411 = VERTEX_POINT ( 'NONE', #2008 ) ;
#1412 = CARTESIAN_POINT ( 'NONE',  ( 0.2999999999999999889, -3.899999999999999911, 1.239999999999999991 ) ) ;
#1413 = VECTOR ( 'NONE', #1999, 1000.000000000000000 ) ;
#1414 = DIRECTION ( 'NONE',  ( 1.000000000000000000, 0.000000000000000000, 0.000000000000000000 ) ) ;
#1415 = DIRECTION ( 'NONE',  ( 9.035018104045870694E-17, 0.000000000000000000, -1.000000000000000000 ) ) ;
#1416 = PRODUCT ( 'SK68XXMINI-HS', 'SK68XXMINI-HS', '', ( #2207 ) ) ;
#1417 = VECTOR ( 'NONE', #1004, 1000.000000000000000 ) ;
#1418 = VECTOR ( 'NONE', #1585, 1000.000000000000000 ) ;
#1419 = VERTEX_POINT ( 'NONE', #1307 ) ;
#1420 = CARTESIAN_POINT ( 'NONE',  ( -0.8499999999999994227, -3.899999999999999911, -0.4400000000000000577 ) ) ;
#1421 = EDGE_LOOP ( 'NONE', ( #519, #116 ) ) ;
#1422 = VECTOR ( 'NONE', #1590, 1000.000000000000000 ) ;
#1423 = AXIS2_PLACEMENT_3D ( 'NONE', #34, #827, #1035 ) ;
#1424 = DIRECTION ( 'NONE',  ( -2.710505431213761085E-16, 0.000000000000000000, 1.000000000000000000 ) ) ;
#1425 = LINE ( 'NONE', #442, #1418 ) ;
#1426 = EDGE_CURVE ( 'NONE', #466, #2308, #1631, .T. ) ;
#1427 =( NAMED_UNIT ( * ) SI_UNIT ( $, .STERADIAN. ) SOLID_ANGLE_UNIT ( ) );
#1428 = FILL_AREA_STYLE_COLOUR ( '', #225 ) ;
#1429 = EDGE_CURVE ( 'NONE', #2211, #1234, #2422, .T. ) ;
#1430 = CYLINDRICAL_SURFACE ( 'NONE', #984, 0.09999999999999982514 ) ;
#1431 = ORIENTED_EDGE ( 'NONE', *, *, #1003, .T. ) ;
#1432 = FACE_OUTER_BOUND ( 'NONE', #2287, .T. ) ;
#1433 = ORIENTED_EDGE ( 'NONE', *, *, #1181, .F. ) ;
#1434 = CARTESIAN_POINT ( 'NONE',  ( -1.850000000000000977, -3.799999999999998046, 0.4899999999999999911 ) ) ;
#1435 = VERTEX_POINT ( 'NONE', #2064 ) ;
#1436 = LINE ( 'NONE', #1820, #154 ) ;
#1437 = ORIENTED_EDGE ( 'NONE', *, *, #2312, .F. ) ;
#1438 = EDGE_CURVE ( 'NONE', #1027, #710, #858, .T. ) ;
#1439 = CARTESIAN_POINT ( 'NONE',  ( -1.750000000000000444, -3.899999999999999911, 1.340000000000000080 ) ) ;
#1440 = CARTESIAN_POINT ( 'NONE',  ( -1.750000000000000444, -2.750000000000019540, -1.750000000000000000 ) ) ;
#1441 = ORIENTED_EDGE ( 'NONE', *, *, #2133, .T. ) ;
#1442 = DIRECTION ( 'NONE',  ( 0.000000000000000000, 0.000000000000000000, -1.000000000000000000 ) ) ;
#1443 = EDGE_CURVE ( 'NONE', #1825, #664, #1659, .T. ) ;
#1444 = SURFACE_STYLE_USAGE ( .BOTH. , #1101 ) ;
#1445 = DIRECTION ( 'NONE',  ( 1.000000000000000000, 0.000000000000000000, 0.000000000000000000 ) ) ;
#1446 = CARTESIAN_POINT ( 'NONE',  ( -0.9500000000000011768, -3.799999999999999378, 1.289999999999999813 ) ) ;
#1447 = DIRECTION ( 'NONE',  ( 0.000000000000000000, 0.000000000000000000, 1.000000000000000000 ) ) ;
#1448 = ORIENTED_EDGE ( 'NONE', *, *, #1067, .F. ) ;
#1449 = DIRECTION ( 'NONE',  ( -1.000000000000000000, -0.000000000000000000, -0.000000000000000000 ) ) ;
#1450 = VECTOR ( 'NONE', #1766, 1000.000000000000000 ) ;
#1451 = EDGE_CURVE ( 'NONE', #1741, #1977, #328, .T. ) ;
#1452 = ORIENTED_EDGE ( 'NONE', *, *, #2210, .T. ) ;
#1453 = DIRECTION ( 'NONE',  ( -0.000000000000000000, -0.000000000000000000, 1.000000000000000000 ) ) ;
#1454 = AXIS2_PLACEMENT_3D ( 'NONE', #1295, #356, #2263 ) ;
#1455 = EDGE_CURVE ( 'NONE', #5, #1697, #321, .T. ) ;
#1456 = LINE ( 'NONE', #1083, #1064 ) ;
#1457 = AXIS2_PLACEMENT_3D ( 'NONE', #2234, #115, #881 ) ;
#1458 = CARTESIAN_POINT ( 'NONE',  ( -1.850000000000000533, -3.349999999999998757, 1.289999999999999813 ) ) ;
#1459 = ORIENTED_EDGE ( 'NONE', *, *, #2479, .T. ) ;
#1460 = CARTESIAN_POINT ( 'NONE',  ( 1.750000000000000222, -3.799999999999999822, -0.4899999999999999911 ) ) ;
#1461 = VECTOR ( 'NONE', #1552, 1000.000000000000000 ) ;
#1462 = DIRECTION ( 'NONE',  ( 0.000000000000000000, -1.000000000000000000, 0.000000000000000000 ) ) ;
#1463 = CARTESIAN_POINT ( 'NONE',  ( 1.749999999999999778, -3.349999999999999645, 1.289999999999999813 ) ) ;
#1464 = ORIENTED_EDGE ( 'NONE', *, *, #649, .T. ) ;
#1465 = DIRECTION ( 'NONE',  ( -1.927470528863117767E-15, -1.000000000000000000, -0.000000000000000000 ) ) ;
#1466 = ORIENTED_EDGE ( 'NONE', *, *, #908, .T. ) ;
#1467 = APPLICATION_CONTEXT ( 'automotive_design' ) ;
#1468 = PLANE ( 'NONE',  #2377 ) ;
#1469 = CYLINDRICAL_SURFACE ( 'NONE', #775, 0.09999999999999982514 ) ;
#1470 = EDGE_CURVE ( 'NONE', #1998, #443, #1090, .T. ) ;
#1471 = FACE_OUTER_BOUND ( 'NONE', #522, .T. ) ;
#1472 = VERTEX_POINT ( 'NONE', #1848 ) ;
#1473 = CARTESIAN_POINT ( 'NONE',  ( 0.000000000000000000, -3.899999999999999911, 0.000000000000000000 ) ) ;
#1474 = ADVANCED_BREP_SHAPE_REPRESENTATION ( 'SK68XXMINI-HS', ( #1540, #2394, #757, #743, #1532, #1711 ), #1188 ) ;
#1475 = CARTESIAN_POINT ( 'NONE',  ( 0.8499999999999994227, -3.899999999999999911, 1.340000000000000080 ) ) ;
#1476 = CARTESIAN_POINT ( 'NONE',  ( 0.000000000000000000, -3.899999999999999911, 0.000000000000000000 ) ) ;
#1477 = ORIENTED_EDGE ( 'NONE', *, *, #2019, .T. ) ;
#1478 = ORIENTED_EDGE ( 'NONE', *, *, #1610, .T. ) ;
#1479 = CARTESIAN_POINT ( 'NONE',  ( 1.530808498934191509E-17, -3.849999999999999645, 0.1250000000000000000 ) ) ;
#1480 = FACE_OUTER_BOUND ( 'NONE', #1767, .T. ) ;
#1481 = DIRECTION ( 'NONE',  ( 1.000000000000000000, 3.854941057726235533E-15, 0.000000000000000000 ) ) ;
#1482 = DIRECTION ( 'NONE',  ( 1.000000000000000000, 0.000000000000000000, 9.035018104045870694E-17 ) ) ;
#1483 = DIRECTION ( 'NONE',  ( -0.000000000000000000, -0.000000000000000000, 1.000000000000000000 ) ) ;
#1484 = EDGE_LOOP ( 'NONE', ( #311, #2102, #2126, #52, #439, #2001, #1621, #339, #819, #228, #788, #1433 ) ) ;
#1485 = DIRECTION ( 'NONE',  ( -0.000000000000000000, -0.000000000000000000, 1.000000000000000000 ) ) ;
#1486 = EDGE_CURVE ( 'NONE', #2400, #162, #2245, .T. ) ;
#1487 = LINE ( 'NONE', #1892, #748 ) ;
#1488 = DIRECTION ( 'NONE',  ( 0.000000000000000000, -0.000000000000000000, -1.000000000000000000 ) ) ;
#1489 = ORIENTED_EDGE ( 'NONE', *, *, #391, .T. ) ;
#1490 = CARTESIAN_POINT ( 'NONE',  ( -1.100000000000000533, -2.100000000000000089, -1.750000000000000000 ) ) ;
#1491 = DIRECTION ( 'NONE',  ( 0.000000000000000000, 0.000000000000000000, -1.000000000000000000 ) ) ;
#1492 = DIRECTION ( 'NONE',  ( 0.000000000000000000, 0.000000000000000000, 1.000000000000000000 ) ) ;
#1493 = CARTESIAN_POINT ( 'NONE',  ( 1.749999999999999334, -3.899999999999999911, -1.289999999999999813 ) ) ;
#1494 = CIRCLE ( 'NONE', #1735, 0.1250000000000000000 ) ;
#1495 = VECTOR ( 'NONE', #2177, 1000.000000000000000 ) ;
#1496 = EDGE_CURVE ( 'NONE', #2448, #1291, #352, .T. ) ;
#1497 = VECTOR ( 'NONE', #2218, 1000.000000000000000 ) ;
#1498 = CARTESIAN_POINT ( 'NONE',  ( -0.2999999999999998779, -3.899999999999999911, -0.3400000000000001354 ) ) ;
#1499 = VECTOR ( 'NONE', #2281, 1000.000000000000000 ) ;
#1500 = LINE ( 'NONE', #2270, #823 ) ;
#1501 = EDGE_CURVE ( 'NONE', #1472, #530, #2040, .T. ) ;
#1502 = ORIENTED_EDGE ( 'NONE', *, *, #526, .F. ) ;
#1503 = ORIENTED_EDGE ( 'NONE', *, *, #196, .F. ) ;
#1504 = CARTESIAN_POINT ( 'NONE',  ( 1.749999999999999778, -3.349999999999999645, 1.289999999999999813 ) ) ;
#1505 = LINE ( 'NONE', #418, #1060 ) ;
#1506 = CARTESIAN_POINT ( 'NONE',  ( 0.9500000000000002887, -3.799999999999999822, 1.289999999999999813 ) ) ;
#1507 = DIRECTION ( 'NONE',  ( 0.000000000000000000, 0.000000000000000000, -1.000000000000000000 ) ) ;
#1508 = CARTESIAN_POINT ( 'NONE',  ( 0.000000000000000000, -1.949999999999999956, 0.000000000000000000 ) ) ;
#1509 = ORIENTED_EDGE ( 'NONE', *, *, #1799, .F. ) ;
#1510 = CARTESIAN_POINT ( 'NONE',  ( -1.850000000000000977, -3.799999999999998046, -1.289999999999999813 ) ) ;
#1511 = DIRECTION ( 'NONE',  ( -3.854941057726235533E-15, 1.000000000000000000, -0.000000000000000000 ) ) ;
#1512 = DIRECTION ( 'NONE',  ( 8.432683563776147132E-16, -0.000000000000000000, -1.000000000000000000 ) ) ;
#1513 = FACE_OUTER_BOUND ( 'NONE', #327, .T. ) ;
#1514 = EDGE_CURVE ( 'NONE', #2201, #1198, #1081, .T. ) ;
#1515 = PLANE ( 'NONE',  #1702 ) ;
#1516 = ORIENTED_EDGE ( 'NONE', *, *, #2403, .T. ) ;
#1517 = ORIENTED_EDGE ( 'NONE', *, *, #968, .T. ) ;
#1518 = DIRECTION ( 'NONE',  ( 0.000000000000000000, 0.000000000000000000, 1.000000000000000000 ) ) ;
#1519 = VERTEX_POINT ( 'NONE', #709 ) ;
#1520 = PLANE ( 'NONE',  #704 ) ;
#1521 = DIRECTION ( 'NONE',  ( -0.000000000000000000, -1.000000000000000000, -0.000000000000000000 ) ) ;
#1522 = ADVANCED_FACE ( 'NONE', ( #918 ), #1827, .T. ) ;
#1523 = VECTOR ( 'NONE', #2253, 1000.000000000000000 ) ;
#1524 = PLANE ( 'NONE',  #2027 ) ;
#1525 = VERTEX_POINT ( 'NONE', #1683 ) ;
#1526 = ORIENTED_EDGE ( 'NONE', *, *, #1255, .F. ) ;
#1527 = ADVANCED_FACE ( 'NONE', ( #868 ), #521, .F. ) ;
#1528 = VECTOR ( 'NONE', #405, 1000.000000000000000 ) ;
#1529 = LINE ( 'NONE', #202, #1857 ) ;
#1530 = EDGE_LOOP ( 'NONE', ( #319, #2378, #280, #1793 ) ) ;
#1531 = AXIS2_PLACEMENT_3D ( 'NONE', #2454, #1492, #2115 ) ;
#1532 = MANIFOLD_SOLID_BREP ( 'Cut-Extrude5', #413 ) ;
#1533 = LINE ( 'NONE', #1376, #1264 ) ;
#1534 = CARTESIAN_POINT ( 'NONE',  ( -0.9500000000000011768, -3.799999999999999378, -0.4899999999999999911 ) ) ;
#1535 = VECTOR ( 'NONE', #221, 1000.000000000000000 ) ;
#1536 = ORIENTED_EDGE ( 'NONE', *, *, #2255, .F. ) ;
#1537 = VECTOR ( 'NONE', #1932, 1000.000000000000000 ) ;
#1538 = UNCERTAINTY_MEASURE_WITH_UNIT (LENGTH_MEASURE( 1.000000000000000082E-05 ), #1721, 'distance_accuracy_value', 'NONE');
#1539 = ORIENTED_EDGE ( 'NONE', *, *, #2380, .T. ) ;
#1540 = MANIFOLD_SOLID_BREP ( 'Boss-Extrude2[1]', #1936 ) ;
#1541 = CARTESIAN_POINT ( 'NONE',  ( -0.9500000000000011768, -3.899999999999999467, -1.289999999999999813 ) ) ;
#1542 = DIRECTION ( 'NONE',  ( 0.000000000000000000, -1.000000000000000000, 0.000000000000000000 ) ) ;
#1543 = PRODUCT_DEFINITION_FORMATION_WITH_SPECIFIED_SOURCE ( 'ANY', '', #1416, .NOT_KNOWN. ) ;
#1544 = LINE ( 'NONE', #590, #1528 ) ;
#1545 = PLANE ( 'NONE',  #1219 ) ;
#1546 = EDGE_LOOP ( 'NONE', ( #1606, #2389, #617, #2390 ) ) ;
#1547 = ORIENTED_EDGE ( 'NONE', *, *, #87, .F. ) ;
#1548 = ADVANCED_FACE ( 'NONE', ( #2050 ), #981, .T. ) ;
#1549 = DIRECTION ( 'NONE',  ( -0.000000000000000000, -0.000000000000000000, 1.000000000000000000 ) ) ;
#1550 = EDGE_LOOP ( 'NONE', ( #2022, #110, #1243, #1865 ) ) ;
#1551 = EDGE_CURVE ( 'NONE', #1571, #2347, #2293, .T. ) ;
#1552 = DIRECTION ( 'NONE',  ( 1.000000000000000000, 0.000000000000000000, 0.000000000000000000 ) ) ;
#1553 = FACE_OUTER_BOUND ( 'NONE', #1872, .T. ) ;
#1554 = CARTESIAN_POINT ( 'NONE',  ( -0.2999999999999999889, -3.799999999999999822, 1.239999999999999991 ) ) ;
#1555 = ORIENTED_EDGE ( 'NONE', *, *, #2155, .F. ) ;
#1556 = FILL_AREA_STYLE_COLOUR ( '', #778 ) ;
#1557 = DIRECTION ( 'NONE',  ( 0.000000000000000000, 0.000000000000000000, -1.000000000000000000 ) ) ;
#1558 = EDGE_LOOP ( 'NONE', ( #1729, #2288, #25, #2358 ) ) ;
#1559 = DIRECTION ( 'NONE',  ( 0.000000000000000000, -0.000000000000000000, -1.000000000000000000 ) ) ;
#1560 = ADVANCED_FACE ( 'NONE', ( #1513 ), #185, .F. ) ;
#1561 = CARTESIAN_POINT ( 'NONE',  ( 0.000000000000000000, -1.949999999999999956, 1.637567332238086593 ) ) ;
#1562 = DIRECTION ( 'NONE',  ( 0.000000000000000000, 1.000000000000000000, 0.000000000000000000 ) ) ;
#1563 = EDGE_CURVE ( 'NONE', #1913, #1847, #2112, .T. ) ;
#1564 = ORIENTED_EDGE ( 'NONE', *, *, #1396, .F. ) ;
#1565 = PLANE ( 'NONE',  #140 ) ;
#1566 = CARTESIAN_POINT ( 'NONE',  ( 1.750000000000000222, -3.799999999999999822, 0.4899999999999999911 ) ) ;
#1567 = DIRECTION ( 'NONE',  ( -1.000000000000000000, 0.000000000000000000, -0.000000000000000000 ) ) ;
#1568 = VECTOR ( 'NONE', #2283, 1000.000000000000000 ) ;
#1569 = DIRECTION ( 'NONE',  ( -0.000000000000000000, -0.000000000000000000, 1.000000000000000000 ) ) ;
#1570 = VECTOR ( 'NONE', #699, 1000.000000000000000 ) ;
#1571 = VERTEX_POINT ( 'NONE', #1156 ) ;
#1572 = VECTOR ( 'NONE', #453, 1000.000000000000000 ) ;
#1573 = DIRECTION ( 'NONE',  ( -1.000000000000000000, 0.000000000000000000, 0.000000000000000000 ) ) ;
#1574 = EDGE_CURVE ( 'NONE', #1677, #2195, #383, .T. ) ;
#1575 = LINE ( 'NONE', #1191, #153 ) ;
#1576 = VECTOR ( 'NONE', #1850, 1000.000000000000000 ) ;
#1577 = VECTOR ( 'NONE', #1314, 1000.000000000000000 ) ;
#1578 = EDGE_CURVE ( 'NONE', #215, #483, #970, .T. ) ;
#1579 = CYLINDRICAL_SURFACE ( 'NONE', #2189, 0.1250000000000000000 ) ;
#1580 = AXIS2_PLACEMENT_3D ( 'NONE', #561, #378, #1141 ) ;
#1581 = ORIENTED_EDGE ( 'NONE', *, *, #224, .F. ) ;
#1582 = DIRECTION ( 'NONE',  ( 0.000000000000000000, -1.000000000000000000, 0.000000000000000000 ) ) ;
#1583 = VERTEX_POINT ( 'NONE', #402 ) ;
#1584 = VERTEX_POINT ( 'NONE', #395 ) ;
#1585 = DIRECTION ( 'NONE',  ( -3.854941057726235533E-15, 1.000000000000000000, 0.000000000000000000 ) ) ;
#1586 = ORIENTED_EDGE ( 'NONE', *, *, #338, .T. ) ;
#1587 = DIRECTION ( 'NONE',  ( -1.927470528863117767E-15, -1.000000000000000000, 0.000000000000000000 ) ) ;
#1588 = DIRECTION ( 'NONE',  ( -1.000000000000000000, -0.000000000000000000, 0.000000000000000000 ) ) ;
#1589 = ORIENTED_EDGE ( 'NONE', *, *, #1290, .F. ) ;
#1590 = DIRECTION ( 'NONE',  ( 9.637352644315606583E-16, 1.000000000000000000, 0.000000000000000000 ) ) ;
#1591 = EDGE_CURVE ( 'NONE', #1770, #1998, #1924, .T. ) ;
#1592 = VERTEX_POINT ( 'NONE', #19 ) ;
#1593 = DIRECTION ( 'NONE',  ( 1.000000000000000000, -0.000000000000000000, -0.000000000000000000 ) ) ;
#1594 = CARTESIAN_POINT ( 'NONE',  ( -0.2999999999999991007, -3.799999999999999822, -1.239999999999999991 ) ) ;
#1595 = ORIENTED_EDGE ( 'NONE', *, *, #92, .T. ) ;
#1596 = ORIENTED_EDGE ( 'NONE', *, *, #908, .F. ) ;
#1597 = EDGE_CURVE ( 'NONE', #1198, #2400, #776, .T. ) ;
#1598 = CARTESIAN_POINT ( 'NONE',  ( -0.2999999999999998779, -3.799999999999999822, -0.3400000000000001354 ) ) ;
#1599 = ORIENTED_EDGE ( 'NONE', *, *, #1781, .F. ) ;
#1600 = FACE_OUTER_BOUND ( 'NONE', #1858, .T. ) ;
#1601 = FACE_OUTER_BOUND ( 'NONE', #1660, .T. ) ;
#1602 = ORIENTED_EDGE ( 'NONE', *, *, #1167, .F. ) ;
#1603 = LINE ( 'NONE', #1953, #460 ) ;
#1604 = PLANE ( 'NONE',  #1379 ) ;
#1605 = EDGE_CURVE ( 'NONE', #245, #1677, #588, .T. ) ;
#1606 = ORIENTED_EDGE ( 'NONE', *, *, #1290, .T. ) ;
#1607 = ORIENTED_EDGE ( 'NONE', *, *, #1973, .F. ) ;
#1608 = DIRECTION ( 'NONE',  ( -0.000000000000000000, -1.000000000000000000, -0.000000000000000000 ) ) ;
#1609 = DIRECTION ( 'NONE',  ( 0.000000000000000000, 0.000000000000000000, -1.000000000000000000 ) ) ;
#1610 = EDGE_CURVE ( 'NONE', #2271, #2178, #35, .T. ) ;
#1611 = EDGE_LOOP ( 'NONE', ( #477, #917, #1969, #100 ) ) ;
#1612 = AXIS2_PLACEMENT_3D ( 'NONE', #1598, #1424, #1970 ) ;
#1613 = VECTOR ( 'NONE', #2010, 1000.000000000000000 ) ;
#1614 = EDGE_LOOP ( 'NONE', ( #646, #324, #997, #1817 ) ) ;
#1615 = CARTESIAN_POINT ( 'NONE',  ( -0.8500000000000005329, -3.899999999999999911, 1.340000000000000080 ) ) ;
#1616 = STYLED_ITEM ( 'NONE', ( #875 ), #743 ) ;
#1617 = VECTOR ( 'NONE', #759, 1000.000000000000000 ) ;
#1618 = EDGE_LOOP ( 'NONE', ( #255, #1094, #1644, #1704, #1599, #879 ) ) ;
#1619 = DIRECTION ( 'NONE',  ( 0.000000000000000000, 0.000000000000000000, -1.000000000000000000 ) ) ;
#1620 = FACE_OUTER_BOUND ( 'NONE', #737, .T. ) ;
#1621 = ORIENTED_EDGE ( 'NONE', *, *, #645, .T. ) ;
#1622 = AXIS2_PLACEMENT_3D ( 'NONE', #236, #1415, #433 ) ;
#1623 = FACE_OUTER_BOUND ( 'NONE', #2434, .T. ) ;
#1624 = LINE ( 'NONE', #93, #818 ) ;
#1625 = ORIENTED_EDGE ( 'NONE', *, *, #1574, .T. ) ;
#1626 = ADVANCED_FACE ( 'NONE', ( #2163 ), #1579, .T. ) ;
#1627 = PRESENTATION_STYLE_ASSIGNMENT (( #2368 ) ) ;
#1628 = LINE ( 'NONE', #690, #1375 ) ;
#1629 = EDGE_CURVE ( 'NONE', #1340, #1159, #944, .T. ) ;
#1630 = ORIENTED_EDGE ( 'NONE', *, *, #2015, .T. ) ;
#1631 = LINE ( 'NONE', #1479, #2334 ) ;
#1632 = VERTEX_POINT ( 'NONE', #1615 ) ;
#1633 = DIRECTION ( 'NONE',  ( 0.000000000000000000, 0.000000000000000000, -1.000000000000000000 ) ) ;
#1634 = DIRECTION ( 'NONE',  ( -8.432683563776147132E-16, 0.000000000000000000, 1.000000000000000000 ) ) ;
#1635 = ORIENTED_EDGE ( 'NONE', *, *, #1331, .F. ) ;
#1636 = LINE ( 'NONE', #2443, #1251 ) ;
#1637 = LINE ( 'NONE', #314, #1343 ) ;
#1638 = ADVANCED_FACE ( 'NONE', ( #849 ), #97, .T. ) ;
#1639 = ORIENTED_EDGE ( 'NONE', *, *, #173, .F. ) ;
#1640 = UNCERTAINTY_MEASURE_WITH_UNIT (LENGTH_MEASURE( 1.000000000000000082E-05 ), #1163, 'distance_accuracy_value', 'NONE');
#1641 = LINE ( 'NONE', #1846, #2068 ) ;
#1642 = EDGE_CURVE ( 'NONE', #1159, #2089, #612, .T. ) ;
#1643 = CARTESIAN_POINT ( 'NONE',  ( -0.2999999999999998779, -3.799999999999999822, -0.3400000000000001354 ) ) ;
#1644 = ORIENTED_EDGE ( 'NONE', *, *, #322, .F. ) ;
#1645 = LINE ( 'NONE', #2407, #815 ) ;
#1646 = PRESENTATION_STYLE_ASSIGNMENT (( #1444 ) ) ;
#1647 = CARTESIAN_POINT ( 'NONE',  ( -1.750000000000000222, -3.899999999999999023, 1.289999999999999813 ) ) ;
#1648 = ORIENTED_EDGE ( 'NONE', *, *, #208, .T. ) ;
#1649 = EDGE_LOOP ( 'NONE', ( #2161, #1016, #845, #1852 ) ) ;
#1650 = DIRECTION ( 'NONE',  ( 1.000000000000000000, 0.000000000000000000, 0.000000000000000000 ) ) ;
#1651 = CIRCLE ( 'NONE', #571, 1.172760968896812583 ) ;
#1652 = DIRECTION ( 'NONE',  ( 0.000000000000000000, 0.000000000000000000, -1.000000000000000000 ) ) ;
#1653 = DIRECTION ( 'NONE',  ( -1.000000000000000000, 0.000000000000000000, 0.000000000000000000 ) ) ;
#1654 = DIRECTION ( 'NONE',  ( -1.000000000000000000, 0.000000000000000000, -0.000000000000000000 ) ) ;
#1655 = VECTOR ( 'NONE', #1008, 1000.000000000000000 ) ;
#1656 = EDGE_CURVE ( 'NONE', #1340, #2244, #290, .T. ) ;
#1657 = MECHANICAL_DESIGN_GEOMETRIC_PRESENTATION_REPRESENTATION (  '', ( #1616 ), #419 ) ;
#1658 = ORIENTED_EDGE ( 'NONE', *, *, #1306, .F. ) ;
#1659 = LINE ( 'NONE', #531, #2260 ) ;
#1660 = EDGE_LOOP ( 'NONE', ( #2385, #2140, #1516, #735 ) ) ;
#1661 = VECTOR ( 'NONE', #657, 1000.000000000000000 ) ;
#1662 = DIRECTION ( 'NONE',  ( 0.000000000000000000, -0.000000000000000000, -1.000000000000000000 ) ) ;
#1663 = VECTOR ( 'NONE', #1742, 1000.000000000000114 ) ;
#1664 = DIRECTION ( 'NONE',  ( 1.000000000000000000, 0.000000000000000000, 0.000000000000000000 ) ) ;
#1665 = ORIENTED_EDGE ( 'NONE', *, *, #1781, .T. ) ;
#1666 = VECTOR ( 'NONE', #1946, 1000.000000000000000 ) ;
#1667 = DIRECTION ( 'NONE',  ( 0.000000000000000000, -0.000000000000000000, 1.000000000000000000 ) ) ;
#1668 = CARTESIAN_POINT ( 'NONE',  ( 1.850000000000000089, -3.349999999999999645, -1.289999999999999813 ) ) ;
#1669 = LINE ( 'NONE', #2433, #1073 ) ;
#1670 = EDGE_LOOP ( 'NONE', ( #886, #267, #147, #707 ) ) ;
#1671 = ORIENTED_EDGE ( 'NONE', *, *, #1744, .F. ) ;
#1672 = DIRECTION ( 'NONE',  ( 0.000000000000000000, 0.000000000000000000, 1.000000000000000000 ) ) ;
#1673 = ORIENTED_EDGE ( 'NONE', *, *, #40, .F. ) ;
#1674 = EDGE_CURVE ( 'NONE', #2414, #689, #238, .T. ) ;
#1675 = DIRECTION ( 'NONE',  ( 1.000000000000000000, 0.000000000000000000, 0.000000000000000000 ) ) ;
#1676 = CARTESIAN_POINT ( 'NONE',  ( 0.8499999999999994227, -3.899999999999999911, 0.4400000000000000577 ) ) ;
#1677 = VERTEX_POINT ( 'NONE', #629 ) ;
#1678 = EDGE_CURVE ( 'NONE', #2063, #2448, #1964, .T. ) ;
#1679 = PLANE ( 'NONE',  #895 ) ;
#1680 = DIRECTION ( 'NONE',  ( -0.000000000000000000, -0.000000000000000000, 1.000000000000000000 ) ) ;
#1681 = ORIENTED_EDGE ( 'NONE', *, *, #526, .T. ) ;
#1682 = ORIENTED_EDGE ( 'NONE', *, *, #389, .F. ) ;
#1683 = CARTESIAN_POINT ( 'NONE',  ( 0.3000000000000000999, -3.899999999999999911, 0.3400000000000000799 ) ) ;
#1684 = LINE ( 'NONE', #1490, #304 ) ;
#1685 = CARTESIAN_POINT ( 'NONE',  ( 0.000000000000000000, -1.949999999999999956, 0.000000000000000000 ) ) ;
#1686 = ADVANCED_FACE ( 'NONE', ( #2190 ), #1765, .F. ) ;
#1687 = LINE ( 'NONE', #2470, #1113 ) ;
#1688 = VERTEX_POINT ( 'NONE', #1950 ) ;
#1689 = EDGE_CURVE ( 'NONE', #2355, #1917, #458, .T. ) ;
#1690 = SURFACE_STYLE_FILL_AREA ( #2457 ) ;
#1691 = PLANE ( 'NONE',  #1580 ) ;
#1692 = LINE ( 'NONE', #555, #2032 ) ;
#1693 = VECTOR ( 'NONE', #1233, 1000.000000000000000 ) ;
#1694 = VERTEX_POINT ( 'NONE', #998 ) ;
#1695 = CARTESIAN_POINT ( 'NONE',  ( 1.637567332238086371, -1.949999999999999956, 0.000000000000000000 ) ) ;
#1696 = VECTOR ( 'NONE', #1996, 1000.000000000000000 ) ;
#1697 = VERTEX_POINT ( 'NONE', #1753 ) ;
#1698 = VECTOR ( 'NONE', #1129, 1000.000000000000000 ) ;
#1699 = FACE_OUTER_BOUND ( 'NONE', #2214, .T. ) ;
#1700 = CARTESIAN_POINT ( 'NONE',  ( -1.850000000000000533, -3.349999999999998757, 0.4899999999999999911 ) ) ;
#1701 = VECTOR ( 'NONE', #1292, 1000.000000000000000 ) ;
#1702 = AXIS2_PLACEMENT_3D ( 'NONE', #1184, #1330, #1927 ) ;
#1703 = DIRECTION ( 'NONE',  ( 0.000000000000000000, 0.000000000000000000, -1.000000000000000000 ) ) ;
#1704 = ORIENTED_EDGE ( 'NONE', *, *, #681, .F. ) ;
#1705 = AXIS2_PLACEMENT_3D ( 'NONE', #956, #1124, #929 ) ;
#1706 = ADVANCED_FACE ( 'NONE', ( #279 ), #46, .F. ) ;
#1707 = DIRECTION ( 'NONE',  ( 0.000000000000000000, 0.000000000000000000, -1.000000000000000000 ) ) ;
#1708 = VECTOR ( 'NONE', #1130, 1000.000000000000000 ) ;
#1709 = FACE_OUTER_BOUND ( 'NONE', #518, .T. ) ;
#1710 = EDGE_CURVE ( 'NONE', #1810, #1411, #85, .T. ) ;
#1711 = AXIS2_PLACEMENT_3D ( 'NONE', #298, #2392, #679 ) ;
#1712 = CARTESIAN_POINT ( 'NONE',  ( -1.660604906626375721, -2.113920859279605935, -1.189395093373624812 ) ) ;
#1713 = LINE ( 'NONE', #4, #2467 ) ;
#1714 = ORIENTED_EDGE ( 'NONE', *, *, #163, .F. ) ;
#1715 = CARTESIAN_POINT ( 'NONE',  ( -1.750000000000000444, -3.799999999999999822, 0.4400000000000000577 ) ) ;
#1716 = SURFACE_STYLE_USAGE ( .BOTH. , #955 ) ;
#1717 = EDGE_CURVE ( 'NONE', #821, #582, #671, .T. ) ;
#1718 = CARTESIAN_POINT ( 'NONE',  ( -1.850000000000000533, -3.349999999999998757, -0.4899999999999999911 ) ) ;
#1719 = ORIENTED_EDGE ( 'NONE', *, *, #812, .T. ) ;
#1720 = ADVANCED_FACE ( 'NONE', ( #2395 ), #1430, .T. ) ;
#1721 =( LENGTH_UNIT ( ) NAMED_UNIT ( * ) SI_UNIT ( .MILLI., .METRE. ) );
#1722 = DIRECTION ( 'NONE',  ( 0.000000000000000000, -1.000000000000000000, 0.000000000000000000 ) ) ;
#1723 = VERTEX_POINT ( 'NONE', #326 ) ;
#1724 = VERTEX_POINT ( 'NONE', #1439 ) ;
#1725 = CARTESIAN_POINT ( 'NONE',  ( 0.2999999999999999889, -3.799999999999999822, 1.239999999999999991 ) ) ;
#1726 = ORIENTED_EDGE ( 'NONE', *, *, #681, .T. ) ;
#1727 = CARTESIAN_POINT ( 'NONE',  ( 0.3000000000000000999, -3.899999999999999911, -0.3399999999999999689 ) ) ;
#1728 = LINE ( 'NONE', #1534, #2220 ) ;
#1729 = ORIENTED_EDGE ( 'NONE', *, *, #1331, .T. ) ;
#1730 = DIRECTION ( 'NONE',  ( -0.000000000000000000, -0.000000000000000000, -1.000000000000000000 ) ) ;
#1731 = EDGE_CURVE ( 'NONE', #725, #2437, #1641, .T. ) ;
#1732 = AXIS2_PLACEMENT_3D ( 'NONE', #2333, #648, #63 ) ;
#1733 = LINE ( 'NONE', #2087, #2419 ) ;
#1734 = EDGE_CURVE ( 'NONE', #38, #1571, #1241, .T. ) ;
#1735 = AXIS2_PLACEMENT_3D ( 'NONE', #1473, #898, #1703 ) ;
#1736 = CARTESIAN_POINT ( 'NONE',  ( 0.9500000000000002887, -3.799999999999999822, 0.4899999999999999911 ) ) ;
#1737 = VECTOR ( 'NONE', #1192, 1000.000000000000000 ) ;
#1738 = DIRECTION ( 'NONE',  ( -1.000000000000000000, 0.000000000000000000, 0.000000000000000000 ) ) ;
#1739 = VECTOR ( 'NONE', #1125, 1000.000000000000000 ) ;
#1740 = VECTOR ( 'NONE', #157, 1000.000000000000000 ) ;
#1741 = VERTEX_POINT ( 'NONE', #336 ) ;
#1742 = DIRECTION ( 'NONE',  ( 0.1378445374916255073, 0.9808148484639900300, -0.1378445374916255073 ) ) ;
#1743 = CARTESIAN_POINT ( 'NONE',  ( -1.750000000000001110, -3.799999999999998934, 1.289999999999999813 ) ) ;
#1744 = EDGE_CURVE ( 'NONE', #203, #410, #866, .T. ) ;
#1745 = VERTEX_POINT ( 'NONE', #1855 ) ;
#1746 = ORIENTED_EDGE ( 'NONE', *, *, #1274, .T. ) ;
#1747 = PLANE ( 'NONE',  #1252 ) ;
#1748 = EDGE_CURVE ( 'NONE', #126, #1395, #2418, .T. ) ;
#1749 = VERTEX_POINT ( 'NONE', #889 ) ;
#1750 = CARTESIAN_POINT ( 'NONE',  ( 1.749999999999999556, -2.750000000000019540, -1.750000000000000000 ) ) ;
#1751 = PLANE ( 'NONE',  #1908 ) ;
#1752 = ORIENTED_EDGE ( 'NONE', *, *, #1167, .T. ) ;
#1753 = CARTESIAN_POINT ( 'NONE',  ( -1.750000000000000222, -3.349999999999998757, 0.4899999999999999911 ) ) ;
#1754 = LINE ( 'NONE', #198, #1568 ) ;
#1755 = LINE ( 'NONE', #449, #146 ) ;
#1756 = ORIENTED_EDGE ( 'NONE', *, *, #2104, .T. ) ;
#1757 = ORIENTED_EDGE ( 'NONE', *, *, #1992, .F. ) ;
#1758 = EDGE_CURVE ( 'NONE', #822, #1913, #2404, .T. ) ;
#1759 = LINE ( 'NONE', #836, #654 ) ;
#1760 = CARTESIAN_POINT ( 'NONE',  ( -0.2999999999999998779, -3.799999999999999822, 0.3400000000000000244 ) ) ;
#1761 = ADVANCED_FACE ( 'NONE', ( #506 ), #1265, .F. ) ;
#1762 = CARTESIAN_POINT ( 'NONE',  ( 1.850000000000000089, -3.349999999999999645, -1.289999999999999813 ) ) ;
#1763 = CARTESIAN_POINT ( 'NONE',  ( 0.8499999999999994227, -3.799999999999999822, 1.340000000000000080 ) ) ;
#1764 = ORIENTED_EDGE ( 'NONE', *, *, #104, .T. ) ;
#1765 = PLANE ( 'NONE',  #620 ) ;
#1766 = DIRECTION ( 'NONE',  ( -1.000000000000000000, 0.000000000000000000, 0.000000000000000000 ) ) ;
#1767 = EDGE_LOOP ( 'NONE', ( #952, #2406, #2039, #296 ) ) ;
#1768 = CARTESIAN_POINT ( 'NONE',  ( 1.750000000000001554, -3.799999999999999822, -1.289999999999999813 ) ) ;
#1769 = CARTESIAN_POINT ( 'NONE',  ( 0.000000000000000000, -1.949999999999999956, 0.000000000000000000 ) ) ;
#1770 = VERTEX_POINT ( 'NONE', #1463 ) ;
#1771 = ORIENTED_EDGE ( 'NONE', *, *, #1351, .F. ) ;
#1772 = AXIS2_PLACEMENT_3D ( 'NONE', #999, #1542, #2 ) ;
#1773 = FACE_OUTER_BOUND ( 'NONE', #860, .T. ) ;
#1774 = CIRCLE ( 'NONE', #2181, 0.2500000000000000000 ) ;
#1775 = EDGE_CURVE ( 'NONE', #463, #1177, #145, .T. ) ;
#1776 = ORIENTED_EDGE ( 'NONE', *, *, #2240, .T. ) ;
#1777 = STYLED_ITEM ( 'NONE', ( #939 ), #757 ) ;
#1778 = SURFACE_STYLE_FILL_AREA ( #667 ) ;
#1779 = LINE ( 'NONE', #68, #1940 ) ;
#1780 = LINE ( 'NONE', #288, #71 ) ;
#1781 = EDGE_CURVE ( 'NONE', #822, #2228, #1669, .T. ) ;
#1782 = AXIS2_PLACEMENT_3D ( 'NONE', #99, #1567, #59 ) ;
#1783 =( GEOMETRIC_REPRESENTATION_CONTEXT ( 3 ) GLOBAL_UNCERTAINTY_ASSIGNED_CONTEXT ( ( #1976 ) ) GLOBAL_UNIT_ASSIGNED_CONTEXT ( ( #2409, #1317, #209 ) ) REPRESENTATION_CONTEXT ( 'NONE', 'WORKASPACE' ) );
#1784 = ORIENTED_EDGE ( 'NONE', *, *, #2104, .F. ) ;
#1785 = DIRECTION ( 'NONE',  ( -0.000000000000000000, -1.000000000000000000, -0.000000000000000000 ) ) ;
#1786 = EDGE_CURVE ( 'NONE', #2308, #2318, #2468, .T. ) ;
#1787 = PLANE ( 'NONE',  #1214 ) ;
#1788 = VECTOR ( 'NONE', #1842, 1000.000000000000000 ) ;
#1789 = ORIENTED_EDGE ( 'NONE', *, *, #649, .F. ) ;
#1790 = VECTOR ( 'NONE', #1046, 1000.000000000000000 ) ;
#1791 = CARTESIAN_POINT ( 'NONE',  ( 0.3000000000000004330, -3.899999999999999911, -1.239999999999999991 ) ) ;
#1792 = ORIENTED_EDGE ( 'NONE', *, *, #1187, .T. ) ;
#1793 = ORIENTED_EDGE ( 'NONE', *, *, #1212, .T. ) ;
#1794 = PLANE ( 'NONE',  #141 ) ;
#1795 = CARTESIAN_POINT ( 'NONE',  ( 1.850000000000000089, -3.799999999999999822, -0.4899999999999999911 ) ) ;
#1796 = VERTEX_POINT ( 'NONE', #1869 ) ;
#1797 = CARTESIAN_POINT ( 'NONE',  ( 0.8499999999999994227, -3.799999999999999822, 0.4400000000000000577 ) ) ;
#1798 = CARTESIAN_POINT ( 'NONE',  ( -0.8500000000000005329, -3.799999999999999822, 1.340000000000000080 ) ) ;
#1799 = EDGE_CURVE ( 'NONE', #2235, #1435, #317, .T. ) ;
#1800 = CARTESIAN_POINT ( 'NONE',  ( -0.8499999999999994227, -3.799999999999999822, -0.4400000000000000577 ) ) ;
#1801 = EDGE_CURVE ( 'NONE', #1796, #1592, #1692, .T. ) ;
#1802 = ORIENTED_EDGE ( 'NONE', *, *, #22, .F. ) ;
#1803 = CARTESIAN_POINT ( 'NONE',  ( 1.749999999999999334, -3.899999999999999911, 0.4899999999999999911 ) ) ;
#1804 = ORIENTED_EDGE ( 'NONE', *, *, #1578, .T. ) ;
#1805 = ORIENTED_EDGE ( 'NONE', *, *, #2312, .T. ) ;
#1806 = DIRECTION ( 'NONE',  ( 9.637352644315606583E-16, 1.000000000000000000, 0.000000000000000000 ) ) ;
#1807 = DIRECTION ( 'NONE',  ( -1.927470528863117767E-15, -1.000000000000000000, -0.000000000000000000 ) ) ;
#1808 = ORIENTED_EDGE ( 'NONE', *, *, #2035, .T. ) ;
#1809 = CARTESIAN_POINT ( 'NONE',  ( -1.637567332238087259, -1.949999999999999956, 1.637567332238086593 ) ) ;
#1810 = VERTEX_POINT ( 'NONE', #2252 ) ;
#1811 = CARTESIAN_POINT ( 'NONE',  ( 0.000000000000000000, -3.849999999999999645, 0.000000000000000000 ) ) ;
#1812 = ORIENTED_EDGE ( 'NONE', *, *, #922, .T. ) ;
#1813 = DIRECTION ( 'NONE',  ( -1.000000000000000000, 0.000000000000000000, 0.000000000000000000 ) ) ;
#1814 = EDGE_LOOP ( 'NONE', ( #1266, #954, #1350, #1856 ) ) ;
#1815 = ADVANCED_FACE ( 'NONE', ( #541 ), #763, .T. ) ;
#1816 = CARTESIAN_POINT ( 'NONE',  ( -0.9500000000000011768, -3.799999999999999378, 0.4899999999999999911 ) ) ;
#1817 = ORIENTED_EDGE ( 'NONE', *, *, #1904, .T. ) ;
#1818 = EDGE_CURVE ( 'NONE', #443, #2257, #2292, .T. ) ;
#1819 = AXIS2_PLACEMENT_3D ( 'NONE', #1926, #210, #577 ) ;
#1820 = CARTESIAN_POINT ( 'NONE',  ( 1.750000000000001554, -3.799999999999999822, -1.340000000000000080 ) ) ;
#1821 = CIRCLE ( 'NONE', #307, 0.1250000000000000000 ) ;
#1822 = ORIENTED_EDGE ( 'NONE', *, *, #472, .T. ) ;
#1823 = CARTESIAN_POINT ( 'NONE',  ( -1.750000000000000222, -3.349999999999998757, -1.289999999999999813 ) ) ;
#1824 = CARTESIAN_POINT ( 'NONE',  ( 0.8499999999999994227, -3.899999999999999911, 0.4400000000000000577 ) ) ;
#1825 = VERTEX_POINT ( 'NONE', #574 ) ;
#1826 = DIRECTION ( 'NONE',  ( 0.000000000000000000, -1.000000000000000000, -0.000000000000000000 ) ) ;
#1827 = PLANE ( 'NONE',  #1457 ) ;
#1828 = ORIENTED_EDGE ( 'NONE', *, *, #1443, .F. ) ;
#1829 = AXIS2_PLACEMENT_3D ( 'NONE', #1366, #1007, #434 ) ;
#1830 = AXIS2_PLACEMENT_3D ( 'NONE', #916, #942, #2446 ) ;
#1831 = CARTESIAN_POINT ( 'NONE',  ( -0.2999999999999998779, -3.799999999999999822, 0.3400000000000000244 ) ) ;
#1832 = EDGE_CURVE ( 'NONE', #530, #203, #1339, .T. ) ;
#1833 = VERTEX_POINT ( 'NONE', #2461 ) ;
#1834 = EDGE_CURVE ( 'NONE', #2322, #245, #1500, .T. ) ;
#1835 = FACE_OUTER_BOUND ( 'NONE', #1995, .T. ) ;
#1836 = ORIENTED_EDGE ( 'NONE', *, *, #1871, .T. ) ;
#1837 = CARTESIAN_POINT ( 'NONE',  ( -1.850000000000000977, -3.799999999999998934, 1.289999999999999813 ) ) ;
#1838 = DIRECTION ( 'NONE',  ( 1.000000000000000000, 0.000000000000000000, 0.000000000000000000 ) ) ;
#1839 = ORIENTED_EDGE ( 'NONE', *, *, #766, .T. ) ;
#1840 = CARTESIAN_POINT ( 'NONE',  ( 1.745121688784978277E-16, -1.949999999999999956, -1.425000000000000044 ) ) ;
#1841 = DIRECTION ( 'NONE',  ( 1.000000000000000000, 0.000000000000000000, 0.000000000000000000 ) ) ;
#1842 = DIRECTION ( 'NONE',  ( 0.000000000000000000, 0.000000000000000000, -1.000000000000000000 ) ) ;
#1843 = EDGE_LOOP ( 'NONE', ( #1671, #1942, #514, #1958 ) ) ;
#1844 = LINE ( 'NONE', #1889, #856 ) ;
#1845 = EDGE_CURVE ( 'NONE', #1745, #292, #1728, .T. ) ;
#1846 = CARTESIAN_POINT ( 'NONE',  ( 1.749999999999999556, -1.949999999999999956, 1.637567332238086593 ) ) ;
#1847 = VERTEX_POINT ( 'NONE', #182 ) ;
#1848 = CARTESIAN_POINT ( 'NONE',  ( 0.2999999999999999889, -3.799999999999999822, 1.239999999999999991 ) ) ;
#1849 = PLANE ( 'NONE',  #2096 ) ;
#1850 = DIRECTION ( 'NONE',  ( 1.000000000000000000, 0.000000000000000000, 0.000000000000000000 ) ) ;
#1851 = PLANE ( 'NONE',  #187 ) ;
#1852 = ORIENTED_EDGE ( 'NONE', *, *, #1306, .T. ) ;
#1853 = CARTESIAN_POINT ( 'NONE',  ( 1.850000000000000089, -3.799999999999999822, 0.4899999999999999911 ) ) ;
#1854 = EDGE_CURVE ( 'NONE', #438, #1234, #1353, .T. ) ;
#1855 = CARTESIAN_POINT ( 'NONE',  ( -0.9500000000000011768, -3.799999999999999378, -0.4899999999999999911 ) ) ;
#1856 = ORIENTED_EDGE ( 'NONE', *, *, #666, .F. ) ;
#1857 = VECTOR ( 'NONE', #1569, 1000.000000000000000 ) ;
#1858 = EDGE_LOOP ( 'NONE', ( #2265, #1526, #947, #2325 ) ) ;
#1859 = DIRECTION ( 'NONE',  ( -1.000000000000000000, 0.000000000000000000, -0.000000000000000000 ) ) ;
#1860 = VECTOR ( 'NONE', #837, 1000.000000000000000 ) ;
#1861 = DIRECTION ( 'NONE',  ( -0.000000000000000000, -0.000000000000000000, 1.000000000000000000 ) ) ;
#1862 = AXIS2_PLACEMENT_3D ( 'NONE', #1203, #2134, #416 ) ;
#1863 = FACE_OUTER_BOUND ( 'NONE', #672, .T. ) ;
#1864 = DIRECTION ( 'NONE',  ( 0.000000000000000000, 0.000000000000000000, -1.000000000000000000 ) ) ;
#1865 = ORIENTED_EDGE ( 'NONE', *, *, #1973, .T. ) ;
#1866 = VECTOR ( 'NONE', #2369, 1000.000000000000000 ) ;
#1867 = CARTESIAN_POINT ( 'NONE',  ( 1.749999999999999778, -3.349999999999999645, -1.289999999999999813 ) ) ;
#1868 = CARTESIAN_POINT ( 'NONE',  ( 0.8500000000000007550, -3.799999999999999822, -1.340000000000000080 ) ) ;
#1869 = CARTESIAN_POINT ( 'NONE',  ( -0.2999999999999998779, -3.899999999999999911, -0.3400000000000001354 ) ) ;
#1870 = ORIENTED_EDGE ( 'NONE', *, *, #2004, .T. ) ;
#1871 = EDGE_CURVE ( 'NONE', #1977, #1694, #943, .T. ) ;
#1872 = EDGE_LOOP ( 'NONE', ( #1648, #66, #1658, #2168 ) ) ;
#1873 = DIRECTION ( 'NONE',  ( -0.000000000000000000, -1.000000000000000000, -0.000000000000000000 ) ) ;
#1874 = ORIENTED_EDGE ( 'NONE', *, *, #1470, .F. ) ;
#1875 = EDGE_CURVE ( 'NONE', #1741, #2228, #1142, .T. ) ;
#1876 = CARTESIAN_POINT ( 'NONE',  ( 1.530808498934191509E-17, -3.849999999999999645, 0.1250000000000000000 ) ) ;
#1877 = DIRECTION ( 'NONE',  ( 0.000000000000000000, 1.000000000000000000, 0.000000000000000000 ) ) ;
#1878 = SURFACE_STYLE_USAGE ( .BOTH. , #2047 ) ;
#1879 = CARTESIAN_POINT ( 'NONE',  ( 1.850000000000000089, -3.349999999999999645, 1.289999999999999813 ) ) ;
#1880 = DIRECTION ( 'NONE',  ( -0.000000000000000000, -1.000000000000000000, -0.000000000000000000 ) ) ;
#1881 = ORIENTED_EDGE ( 'NONE', *, *, #277, .T. ) ;
#1882 = ORIENTED_EDGE ( 'NONE', *, *, #1597, .T. ) ;
#1883 = DIRECTION ( 'NONE',  ( 0.000000000000000000, 1.000000000000000000, 0.000000000000000000 ) ) ;
#1884 = ORIENTED_EDGE ( 'NONE', *, *, #482, .T. ) ;
#1885 = CARTESIAN_POINT ( 'NONE',  ( 1.749999999999999556, -3.799999999999999822, 1.340000000000000080 ) ) ;
#1886 = ADVANCED_FACE ( 'NONE', ( #1912 ), #1154, .F. ) ;
#1887 = CARTESIAN_POINT ( 'NONE',  ( 1.750000000000001554, -3.799999999999999822, 0.4899999999999999911 ) ) ;
#1888 = DIRECTION ( 'NONE',  ( 1.000000000000000000, -5.421010862427523156E-16, 0.000000000000000000 ) ) ;
#1889 = CARTESIAN_POINT ( 'NONE',  ( -1.750000000000000444, -3.899999999999999911, 1.340000000000000080 ) ) ;
#1890 = EDGE_CURVE ( 'NONE', #2049, #1688, #2033, .T. ) ;
#1891 = ORIENTED_EDGE ( 'NONE', *, *, #2085, .F. ) ;
#1892 = CARTESIAN_POINT ( 'NONE',  ( 1.749999999999999334, -3.899999999999999911, 1.289999999999999813 ) ) ;
#1893 = CARTESIAN_POINT ( 'NONE',  ( -0.2999999999999999889, -3.799999999999999822, 1.239999999999999991 ) ) ;
#1894 = CIRCLE ( 'NONE', #2136, 0.09999999999999982514 ) ;
#1895 = ORIENTED_EDGE ( 'NONE', *, *, #2170, .T. ) ;
#1896 = DIRECTION ( 'NONE',  ( 0.9902680687415708061, 0.1391731009600622182, -0.000000000000000000 ) ) ;
#1897 = VECTOR ( 'NONE', #1633, 1000.000000000000000 ) ;
#1898 = VECTOR ( 'NONE', #1117, 1000.000000000000000 ) ;
#1899 = CARTESIAN_POINT ( 'NONE',  ( 1.749999999999999778, -3.799999999999999822, 0.4400000000000000577 ) ) ;
#1900 = DIRECTION ( 'NONE',  ( 0.000000000000000000, 0.000000000000000000, 1.000000000000000000 ) ) ;
#1901 = ORIENTED_EDGE ( 'NONE', *, *, #2183, .T. ) ;
#1902 = ORIENTED_EDGE ( 'NONE', *, *, #42, .F. ) ;
#1903 = VECTOR ( 'NONE', #1841, 1000.000000000000000 ) ;
#1904 = EDGE_CURVE ( 'NONE', #2201, #1745, #586, .T. ) ;
#1905 = AXIS2_PLACEMENT_3D ( 'NONE', #1800, #801, #2150 ) ;
#1906 = DIRECTION ( 'NONE',  ( 1.000000000000000000, -5.421010862427523156E-16, 0.000000000000000000 ) ) ;
#1907 = VERTEX_POINT ( 'NONE', #2447 ) ;
#1908 = AXIS2_PLACEMENT_3D ( 'NONE', #2003, #2326, #1229 ) ;
#1909 = ADVANCED_FACE ( 'NONE', ( #1709 ), #2282, .F. ) ;
#1910 = CARTESIAN_POINT ( 'NONE',  ( -1.750000000000000222, -3.899999999999999023, 0.4899999999999999911 ) ) ;
#1911 = AXIS2_PLACEMENT_3D ( 'NONE', #392, #1573, #809 ) ;
#1912 = FACE_OUTER_BOUND ( 'NONE', #602, .T. ) ;
#1913 = VERTEX_POINT ( 'NONE', #206 ) ;
#1914 = CARTESIAN_POINT ( 'NONE',  ( -0.9500000000000011768, -3.899999999999999467, 1.289999999999999813 ) ) ;
#1915 = DIRECTION ( 'NONE',  ( -3.854941057726235533E-15, 1.000000000000000000, 0.000000000000000000 ) ) ;
#1916 = DIRECTION ( 'NONE',  ( -1.000000000000000000, 0.000000000000000000, 0.000000000000000000 ) ) ;
#1917 = VERTEX_POINT ( 'NONE', #1718 ) ;
#1918 = LINE ( 'NONE', #13, #738 ) ;
#1919 = ORIENTED_EDGE ( 'NONE', *, *, #1438, .T. ) ;
#1920 = CARTESIAN_POINT ( 'NONE',  ( -1.850000000000000977, -3.799999999999998934, -0.4899999999999999911 ) ) ;
#1921 = CARTESIAN_POINT ( 'NONE',  ( -0.9500000000000011768, -3.799999999999999378, -1.289999999999999813 ) ) ;
#1922 = ADVANCED_FACE ( 'NONE', ( #729, #7 ), #1520, .T. ) ;
#1923 = VERTEX_POINT ( 'NONE', #2073 ) ;
#1924 = LINE ( 'NONE', #1504, #148 ) ;
#1925 = ADVANCED_FACE ( 'NONE', ( #360 ), #169, .T. ) ;
#1926 = CARTESIAN_POINT ( 'NONE',  ( -1.750000000000001110, -3.799999999999998934, 1.289999999999999813 ) ) ;
#1927 = DIRECTION ( 'NONE',  ( 0.000000000000000000, -0.000000000000000000, 1.000000000000000000 ) ) ;
#1928 = ORIENTED_EDGE ( 'NONE', *, *, #2078, .T. ) ;
#1929 = FACE_OUTER_BOUND ( 'NONE', #1670, .T. ) ;
#1930 = ORIENTED_EDGE ( 'NONE', *, *, #325, .F. ) ;
#1931 =( NAMED_UNIT ( * ) PLANE_ANGLE_UNIT ( ) SI_UNIT ( $, .RADIAN. ) );
#1932 = DIRECTION ( 'NONE',  ( -0.000000000000000000, -0.000000000000000000, 1.000000000000000000 ) ) ;
#1933 = ADVANCED_FACE ( 'NONE', ( #651 ), #1377, .F. ) ;
#1934 = ORIENTED_EDGE ( 'NONE', *, *, #1086, .F. ) ;
#1935 = ADVANCED_FACE ( 'NONE', ( #1961 ), #1751, .F. ) ;
#1936 = CLOSED_SHELL ( 'NONE', ( #365, #1720, #1217, #1134, #2152, #873, #597, #1560, #781 ) ) ;
#1937 = CARTESIAN_POINT ( 'NONE',  ( 1.850000000000000089, -3.799999999999998934, -0.4899999999999999911 ) ) ;
#1938 = ORIENTED_EDGE ( 'NONE', *, *, #2327, .F. ) ;
#1939 = AXIS2_PLACEMENT_3D ( 'NONE', #1446, #2411, #1491 ) ;
#1940 = VECTOR ( 'NONE', #914, 1000.000000000000000 ) ;
#1941 = LINE ( 'NONE', #975, #613 ) ;
#1942 = ORIENTED_EDGE ( 'NONE', *, *, #277, .F. ) ;
#1943 = VECTOR ( 'NONE', #2258, 1000.000000000000000 ) ;
#1944 = FACE_OUTER_BOUND ( 'NONE', #1530, .T. ) ;
#1945 = CARTESIAN_POINT ( 'NONE',  ( 0.8500000000000005329, -3.799999999999999822, -0.4400000000000000022 ) ) ;
#1946 = DIRECTION ( 'NONE',  ( -0.000000000000000000, -1.000000000000000000, -0.000000000000000000 ) ) ;
#1947 = VECTOR ( 'NONE', #652, 1000.000000000000000 ) ;
#1948 = VECTOR ( 'NONE', #2160, 1000.000000000000000 ) ;
#1949 = UNCERTAINTY_MEASURE_WITH_UNIT (LENGTH_MEASURE( 1.000000000000000082E-05 ), #1059, 'distance_accuracy_value', 'NONE');
#1950 = CARTESIAN_POINT ( 'NONE',  ( 0.000000000000000000, -2.750000000000000000, 1.172760968896812583 ) ) ;
#1951 = CARTESIAN_POINT ( 'NONE',  ( 1.850000000000000089, -3.799999999999998934, 1.289999999999999813 ) ) ;
#1952 = EDGE_CURVE ( 'NONE', #1061, #821, #996, .T. ) ;
#1953 = CARTESIAN_POINT ( 'NONE',  ( 1.850000000000000089, -3.349999999999999645, -0.4899999999999999911 ) ) ;
#1954 = DIRECTION ( 'NONE',  ( 1.000000000000000000, 0.000000000000000000, 0.000000000000000000 ) ) ;
#1955 = ORIENTED_EDGE ( 'NONE', *, *, #1336, .T. ) ;
#1956 = ADVANCED_FACE ( 'NONE', ( #1600 ), #2174, .F. ) ;
#1957 = DIRECTION ( 'NONE',  ( 0.000000000000000000, -1.000000000000000000, 0.000000000000000000 ) ) ;
#1958 = ORIENTED_EDGE ( 'NONE', *, *, #1088, .F. ) ;
#1959 = FACE_OUTER_BOUND ( 'NONE', #1322, .T. ) ;
#1960 = CARTESIAN_POINT ( 'NONE',  ( 0.000000000000000000, -3.849999999999999645, -0.1250000000000000000 ) ) ;
#1961 = FACE_OUTER_BOUND ( 'NONE', #1245, .T. ) ;
#1962 = ORIENTED_EDGE ( 'NONE', *, *, #1674, .T. ) ;
#1963 = VERTEX_POINT ( 'NONE', #248 ) ;
#1964 = LINE ( 'NONE', #1178, #29 ) ;
#1965 = ORIENTED_EDGE ( 'NONE', *, *, #607, .T. ) ;
#1966 = DIRECTION ( 'NONE',  ( 1.000000000000000000, 0.000000000000000000, 0.000000000000000000 ) ) ;
#1967 = DIRECTION ( 'NONE',  ( 0.000000000000000000, 0.000000000000000000, -1.000000000000000000 ) ) ;
#1968 = ORIENTED_EDGE ( 'NONE', *, *, #1731, .T. ) ;
#1969 = ORIENTED_EDGE ( 'NONE', *, *, #816, .F. ) ;
#1970 = DIRECTION ( 'NONE',  ( 1.000000000000000000, 0.000000000000000000, 2.710505431213761085E-16 ) ) ;
#1971 = ADVANCED_FACE ( 'NONE', ( #44 ), #1006, .F. ) ;
#1972 = VERTEX_POINT ( 'NONE', #2354 ) ;
#1973 = EDGE_CURVE ( 'NONE', #1061, #1917, #1575, .T. ) ;
#1974 = CARTESIAN_POINT ( 'NONE',  ( 0.000000000000000000, -1.949999999999999956, 0.000000000000000000 ) ) ;
#1975 = LINE ( 'NONE', #2187, #505 ) ;
#1976 = UNCERTAINTY_MEASURE_WITH_UNIT (LENGTH_MEASURE( 1.000000000000000082E-05 ), #2409, 'distance_accuracy_value', 'NONE');
#1977 = VERTEX_POINT ( 'NONE', #596 ) ;
#1978 = ORIENTED_EDGE ( 'NONE', *, *, #1904, .F. ) ;
#1979 = DIRECTION ( 'NONE',  ( 0.000000000000000000, -1.000000000000000000, 0.000000000000000000 ) ) ;
#1980 = PLANE ( 'NONE',  #2066 ) ;
#1981 = EDGE_LOOP ( 'NONE', ( #2111, #2162, #341, #869 ) ) ;
#1982 = CLOSED_SHELL ( 'NONE', ( #1364, #244, #1319, #1367, #594, #784, #798, #2166, #634 ) ) ;
#1983 = PLANE ( 'NONE',  #2059 ) ;
#1984 = DIRECTION ( 'NONE',  ( 0.000000000000000000, 0.000000000000000000, 1.000000000000000000 ) ) ;
#1985 = ORIENTED_EDGE ( 'NONE', *, *, #414, .F. ) ;
#1986 = EDGE_CURVE ( 'NONE', #1833, #793, #548, .T. ) ;
#1987 = AXIS2_PLACEMENT_3D ( 'NONE', #1460, #1667, #887 ) ;
#1988 = DIRECTION ( 'NONE',  ( -1.000000000000000000, -0.000000000000000000, -0.000000000000000000 ) ) ;
#1989 = CARTESIAN_POINT ( 'NONE',  ( -1.749999999999998890, -3.799999999999999822, -1.340000000000000080 ) ) ;
#1990 = LINE ( 'NONE', #1798, #1666 ) ;
#1991 = AXIS2_PLACEMENT_3D ( 'NONE', #2017, #1582, #1001 ) ;
#1992 = EDGE_CURVE ( 'NONE', #2178, #213, #626, .T. ) ;
#1993 = CARTESIAN_POINT ( 'NONE',  ( 0.000000000000000000, -3.849999999999999645, -0.2500000000000000000 ) ) ;
#1994 = AXIS2_PLACEMENT_3D ( 'NONE', #935, #884, #512 ) ;
#1995 = EDGE_LOOP ( 'NONE', ( #1874, #2055, #264, #1489 ) ) ;
#1996 = DIRECTION ( 'NONE',  ( -0.000000000000000000, 1.000000000000000000, -0.000000000000000000 ) ) ;
#1997 = CARTESIAN_POINT ( 'NONE',  ( -1.212432667761913052, -1.949999999999999956, -1.637567332238087037 ) ) ;
#1998 = VERTEX_POINT ( 'NONE', #445 ) ;
#1999 = DIRECTION ( 'NONE',  ( -1.000000000000000000, -0.000000000000000000, -0.000000000000000000 ) ) ;
#2000 = CARTESIAN_POINT ( 'NONE',  ( -1.750000000000001110, -3.799999999999998934, 0.4899999999999999911 ) ) ;
#2001 = ORIENTED_EDGE ( 'NONE', *, *, #861, .T. ) ;
#2002 = DIRECTION ( 'NONE',  ( 0.000000000000000000, -1.000000000000000000, 0.000000000000000000 ) ) ;
#2003 = CARTESIAN_POINT ( 'NONE',  ( 0.9500000000000002887, -3.899999999999999911, 1.289999999999999813 ) ) ;
#2004 = EDGE_CURVE ( 'NONE', #362, #215, #275, .T. ) ;
#2005 = CARTESIAN_POINT ( 'NONE',  ( 1.749999999999999556, -2.750000000000019540, 1.749999999999999778 ) ) ;
#2006 = CARTESIAN_POINT ( 'NONE',  ( -0.2999999999999999889, -3.899999999999999911, 1.239999999999999991 ) ) ;
#2007 = ORIENTED_EDGE ( 'NONE', *, *, #1486, .T. ) ;
#2008 = CARTESIAN_POINT ( 'NONE',  ( 0.8500000000000007550, -3.799999999999999822, -1.340000000000000080 ) ) ;
#2009 = ORIENTED_EDGE ( 'NONE', *, *, #1710, .F. ) ;
#2010 = DIRECTION ( 'NONE',  ( -0.1378445374916255073, 0.9808148484639900300, 0.1378445374916255073 ) ) ;
#2011 = DIRECTION ( 'NONE',  ( -1.000000000000000000, 0.000000000000000000, 0.000000000000000000 ) ) ;
#2012 = EDGE_LOOP ( 'NONE', ( #1836, #1361, #9, #1630 ) ) ;
#2013 = FILL_AREA_STYLE ('',( #1428 ) ) ;
#2014 = ORIENTED_EDGE ( 'NONE', *, *, #1605, .T. ) ;
#2015 = EDGE_CURVE ( 'NONE', #697, #1977, #1975, .T. ) ;
#2016 = ORIENTED_EDGE ( 'NONE', *, *, #56, .T. ) ;
#2017 = CARTESIAN_POINT ( 'NONE',  ( 0.000000000000000000, -3.899999999999999911, 0.000000000000000000 ) ) ;
#2018 = ORIENTED_EDGE ( 'NONE', *, *, #1014, .F. ) ;
#2019 = EDGE_CURVE ( 'NONE', #60, #822, #1780, .T. ) ;
#2020 = DIRECTION ( 'NONE',  ( 0.000000000000000000, 0.000000000000000000, 1.000000000000000000 ) ) ;
#2021 = FACE_OUTER_BOUND ( 'NONE', #1132, .T. ) ;
#2022 = ORIENTED_EDGE ( 'NONE', *, *, #1128, .T. ) ;
#2023 = CLOSED_SHELL ( 'NONE', ( #1082, #2237, #401, #420, #1136, #1886, #831, #1232, #990 ) ) ;
#2024 = CARTESIAN_POINT ( 'NONE',  ( -1.850000000000000977, -3.799999999999998046, 1.289999999999999813 ) ) ;
#2025 = AXIS2_PLACEMENT_3D ( 'NONE', #1279, #1100, #1859 ) ;
#2026 = UNCERTAINTY_MEASURE_WITH_UNIT (LENGTH_MEASURE( 1.000000000000000082E-05 ), #638, 'distance_accuracy_value', 'NONE');
#2027 = AXIS2_PLACEMENT_3D ( 'NONE', #792, #227, #188 ) ;
#2028 = VECTOR ( 'NONE', #2274, 1000.000000000000000 ) ;
#2029 = CARTESIAN_POINT ( 'NONE',  ( 1.750000000000000222, -3.799999999999999822, -0.4899999999999999911 ) ) ;
#2030 = ADVANCED_FACE ( 'NONE', ( #2131 ), #70, .T. ) ;
#2031 = EDGE_LOOP ( 'NONE', ( #81, #609, #2176, #1459 ) ) ;
#2032 = VECTOR ( 'NONE', #1512, 1000.000000000000000 ) ;
#2033 = CIRCLE ( 'NONE', #863, 1.172760968896812583 ) ;
#2034 = DIRECTION ( 'NONE',  ( 3.682583948479546267E-17, 0.9537169507482267106, -0.3007057995042737852 ) ) ;
#2035 = EDGE_CURVE ( 'NONE', #1409, #2045, #1401, .T. ) ;
#2036 = ORIENTED_EDGE ( 'NONE', *, *, #2108, .F. ) ;
#2037 = FACE_OUTER_BOUND ( 'NONE', #1372, .T. ) ;
#2038 = CARTESIAN_POINT ( 'NONE',  ( 1.850000000000000089, -3.799999999999998934, 1.289999999999999813 ) ) ;
#2039 = ORIENTED_EDGE ( 'NONE', *, *, #36, .T. ) ;
#2040 = LINE ( 'NONE', #134, #578 ) ;
#2041 = ORIENTED_EDGE ( 'NONE', *, *, #627, .T. ) ;
#2042 = CARTESIAN_POINT ( 'NONE',  ( -1.749999999999998890, -3.799999999999999822, -0.4400000000000000577 ) ) ;
#2043 = CARTESIAN_POINT ( 'NONE',  ( 1.749999999999999778, -3.799999999999999822, 0.4400000000000000577 ) ) ;
#2044 = LINE ( 'NONE', #1676, #2305 ) ;
#2045 = VERTEX_POINT ( 'NONE', #412 ) ;
#2046 = ORIENTED_EDGE ( 'NONE', *, *, #1193, .F. ) ;
#2047 = SURFACE_SIDE_STYLE ('',( #1690 ) ) ;
#2048 = CARTESIAN_POINT ( 'NONE',  ( 1.637567332238086371, -1.949999999999999956, -1.750000000000000000 ) ) ;
#2049 = VERTEX_POINT ( 'NONE', #640 ) ;
#2050 = FACE_OUTER_BOUND ( 'NONE', #2352, .T. ) ;
#2051 = ORIENTED_EDGE ( 'NONE', *, *, #1578, .F. ) ;
#2052 = CARTESIAN_POINT ( 'NONE',  ( -1.750000000000001110, -3.799999999999998934, -1.289999999999999813 ) ) ;
#2053 = LINE ( 'NONE', #551, #1903 ) ;
#2054 = LINE ( 'NONE', #1700, #1740 ) ;
#2055 = ORIENTED_EDGE ( 'NONE', *, *, #1591, .F. ) ;
#2056 = ORIENTED_EDGE ( 'NONE', *, *, #1017, .T. ) ;
#2057 = DIRECTION ( 'NONE',  ( 1.000000000000000000, -9.637352644315606583E-16, 0.000000000000000000 ) ) ;
#2058 = EDGE_CURVE ( 'NONE', #1677, #121, #456, .T. ) ;
#2059 = AXIS2_PLACEMENT_3D ( 'NONE', #1057, #2204, #284 ) ;
#2060 = FACE_OUTER_BOUND ( 'NONE', #1649, .T. ) ;
#2061 = EDGE_CURVE ( 'NONE', #1177, #1632, #1990, .T. ) ;
#2062 = VECTOR ( 'NONE', #1609, 1000.000000000000000 ) ;
#2063 = VERTEX_POINT ( 'NONE', #1321 ) ;
#2064 = CARTESIAN_POINT ( 'NONE',  ( -1.850000000000000977, -3.799999999999998934, 0.4899999999999999911 ) ) ;
#2065 = DIRECTION ( 'NONE',  ( 0.000000000000000000, 0.000000000000000000, -1.000000000000000000 ) ) ;
#2066 = AXIS2_PLACEMENT_3D ( 'NONE', #265, #854, #77 ) ;
#2067 = LINE ( 'NONE', #870, #1897 ) ;
#2068 = VECTOR ( 'NONE', #1079, 1000.000000000000000 ) ;
#2069 = DIRECTION ( 'NONE',  ( -1.000000000000000000, 0.000000000000000000, 0.000000000000000000 ) ) ;
#2070 = VECTOR ( 'NONE', #2092, 1000.000000000000000 ) ;
#2071 = CARTESIAN_POINT ( 'NONE',  ( -1.750000000000000222, -3.349999999999998757, -1.289999999999999813 ) ) ;
#2072 = CARTESIAN_POINT ( 'NONE',  ( 0.8499999999999994227, -3.799999999999999822, 1.340000000000000080 ) ) ;
#2073 = CARTESIAN_POINT ( 'NONE',  ( 0.9500000000000002887, -3.799999999999999822, -1.289999999999999813 ) ) ;
#2074 = CARTESIAN_POINT ( 'NONE',  ( 0.9500000000000002887, -3.899999999999999911, 1.289999999999999813 ) ) ;
#2075 = ORIENTED_EDGE ( 'NONE', *, *, #1786, .F. ) ;
#2076 = LINE ( 'NONE', #810, #539 ) ;
#2077 = PLANE ( 'NONE',  #536 ) ;
#2078 = EDGE_CURVE ( 'NONE', #919, #1584, #1687, .T. ) ;
#2079 = DIRECTION ( 'NONE',  ( -0.000000000000000000, -1.000000000000000000, -0.000000000000000000 ) ) ;
#2080 = VERTEX_POINT ( 'NONE', #2238 ) ;
#2081 = LINE ( 'NONE', #1498, #1499 ) ;
#2082 = CARTESIAN_POINT ( 'NONE',  ( -1.749999999999998890, -3.799999999999999822, -0.4400000000000000577 ) ) ;
#2083 = ORIENTED_EDGE ( 'NONE', *, *, #2475, .T. ) ;
#2084 = LINE ( 'NONE', #404, #102 ) ;
#2085 = EDGE_CURVE ( 'NONE', #463, #1220, #1283, .T. ) ;
#2086 = DIRECTION ( 'NONE',  ( -0.000000000000000000, -1.000000000000000000, -0.000000000000000000 ) ) ;
#2087 = CARTESIAN_POINT ( 'NONE',  ( 0.3000000000000000999, -3.799999999999999822, 0.3400000000000000799 ) ) ;
#2088 = LINE ( 'NONE', #138, #579 ) ;
#2089 = VERTEX_POINT ( 'NONE', #165 ) ;
#2090 = PLANE ( 'NONE',  #2256 ) ;
#2091 = ORIENTED_EDGE ( 'NONE', *, *, #1260, .F. ) ;
#2092 = DIRECTION ( 'NONE',  ( 1.000000000000000000, -0.000000000000000000, -0.000000000000000000 ) ) ;
#2093 = DIRECTION ( 'NONE',  ( 0.000000000000000000, -0.000000000000000000, -1.000000000000000000 ) ) ;
#2094 = CIRCLE ( 'NONE', #1819, 0.09999999999999982514 ) ;
#2095 = FILL_AREA_STYLE ('',( #1556 ) ) ;
#2096 = AXIS2_PLACEMENT_3D ( 'NONE', #2236, #2212, #496 ) ;
#2097 = DIRECTION ( 'NONE',  ( -1.927470528863117767E-15, -1.000000000000000000, -0.000000000000000000 ) ) ;
#2098 = PRESENTATION_LAYER_ASSIGNMENT (  '', '', ( #1777 ) ) ;
#2099 = CARTESIAN_POINT ( 'NONE',  ( 0.000000000000000000, -3.849999999999999645, 0.000000000000000000 ) ) ;
#2100 = CARTESIAN_POINT ( 'NONE',  ( -0.8500000000000005329, -3.899999999999999911, 0.4400000000000000577 ) ) ;
#2101 = VERTEX_POINT ( 'NONE', #1493 ) ;
#2102 = ORIENTED_EDGE ( 'NONE', *, *, #2255, .T. ) ;
#2103 = VECTOR ( 'NONE', #1482, 1000.000000000000000 ) ;
#2104 = EDGE_CURVE ( 'NONE', #1584, #1592, #1106, .T. ) ;
#2105 = FACE_BOUND ( 'NONE', #1843, .T. ) ;
#2106 = ORIENTED_EDGE ( 'NONE', *, *, #1597, .F. ) ;
#2107 = AXIS2_PLACEMENT_3D ( 'NONE', #217, #393, #400 ) ;
#2108 = EDGE_CURVE ( 'NONE', #1036, #1697, #2054, .T. ) ;
#2109 = LINE ( 'NONE', #15, #1461 ) ;
#2110 = DIRECTION ( 'NONE',  ( -0.000000000000000000, -1.000000000000000000, -0.000000000000000000 ) ) ;
#2111 = ORIENTED_EDGE ( 'NONE', *, *, #1818, .F. ) ;
#2112 = LINE ( 'NONE', #1712, #1663 ) ;
#2113 = DIRECTION ( 'NONE',  ( 1.000000000000000000, 0.000000000000000000, 0.000000000000000000 ) ) ;
#2114 = DIRECTION ( 'NONE',  ( -0.000000000000000000, -1.000000000000000000, -0.000000000000000000 ) ) ;
#2115 = DIRECTION ( 'NONE',  ( 1.000000000000000000, 0.000000000000000000, -0.000000000000000000 ) ) ;
#2116 = EDGE_LOOP ( 'NONE', ( #1284, #1202, #1305, #1547, #720, #581, #932 ) ) ;
#2117 = ORIENTED_EDGE ( 'NONE', *, *, #1187, .F. ) ;
#2118 = LINE ( 'NONE', #1760, #2184 ) ;
#2119 = EDGE_CURVE ( 'NONE', #305, #1027, #2264, .T. ) ;
#2120 = CARTESIAN_POINT ( 'NONE',  ( 1.749999999999999556, -3.899999999999999911, 1.749999999999999778 ) ) ;
#2121 = DIRECTION ( 'NONE',  ( -0.000000000000000000, -1.000000000000000000, -0.000000000000000000 ) ) ;
#2122 = PLANE ( 'NONE',  #1102 ) ;
#2123 = EDGE_CURVE ( 'NONE', #1311, #1036, #751, .T. ) ;
#2124 = CARTESIAN_POINT ( 'NONE',  ( 1.637567332238086371, -1.949999999999999956, -1.637567332238086815 ) ) ;
#2125 = CARTESIAN_POINT ( 'NONE',  ( 1.749999999999999556, -3.899999999999999911, -1.750000000000000000 ) ) ;
#2126 = ORIENTED_EDGE ( 'NONE', *, *, #1496, .F. ) ;
#2127 = VERTEX_POINT ( 'NONE', #1093 ) ;
#2128 = PLANE ( 'NONE',  #2463 ) ;
#2129 = ORIENTED_EDGE ( 'NONE', *, *, #2343, .F. ) ;
#2130 = ADVANCED_FACE ( 'NONE', ( #894 ), #471, .F. ) ;
#2131 = FACE_OUTER_BOUND ( 'NONE', #2232, .T. ) ;
#2132 = ORIENTED_EDGE ( 'NONE', *, *, #1086, .T. ) ;
#2133 = EDGE_CURVE ( 'NONE', #2271, #633, #2277, .T. ) ;
#2134 = DIRECTION ( 'NONE',  ( -0.9902680687415708061, 0.1391731009600622182, 0.000000000000000000 ) ) ;
#2135 = DIRECTION ( 'NONE',  ( 0.000000000000000000, 0.000000000000000000, -1.000000000000000000 ) ) ;
#2136 = AXIS2_PLACEMENT_3D ( 'NONE', #1342, #1730, #2113 ) ;
#2137 = VECTOR ( 'NONE', #452, 1000.000000000000000 ) ;
#2138 = LINE ( 'NONE', #1768, #2328 ) ;
#2139 = CARTESIAN_POINT ( 'NONE',  ( -1.750000000000000222, -3.899999999999999023, 1.289999999999999813 ) ) ;
#2140 = ORIENTED_EDGE ( 'NONE', *, *, #1336, .F. ) ;
#2141 = ORIENTED_EDGE ( 'NONE', *, *, #1126, .T. ) ;
#2142 = FACE_BOUND ( 'NONE', #587, .T. ) ;
#2143 = VECTOR ( 'NONE', #199, 1000.000000000000000 ) ;
#2144 = FILL_AREA_STYLE ('',( #194 ) ) ;
#2145 = DIRECTION ( 'NONE',  ( 0.000000000000000000, 1.000000000000000000, 0.000000000000000000 ) ) ;
#2146 = DIRECTION ( 'NONE',  ( 0.000000000000000000, 1.000000000000000000, 0.000000000000000000 ) ) ;
#2147 = VECTOR ( 'NONE', #902, 1000.000000000000000 ) ;
#2148 = ORIENTED_EDGE ( 'NONE', *, *, #1193, .T. ) ;
#2149 = VECTOR ( 'NONE', #1201, 1000.000000000000000 ) ;
#2150 = DIRECTION ( 'NONE',  ( 0.000000000000000000, 0.000000000000000000, -1.000000000000000000 ) ) ;
#2151 = PRESENTATION_LAYER_ASSIGNMENT (  '', '', ( #749 ) ) ;
#2152 = ADVANCED_FACE ( 'NONE', ( #1471 ), #1851, .F. ) ;
#2153 = FACE_OUTER_BOUND ( 'NONE', #2423, .T. ) ;
#2154 = ORIENTED_EDGE ( 'NONE', *, *, #1242, .T. ) ;
#2155 = EDGE_CURVE ( 'NONE', #725, #2272, #2088, .T. ) ;
#2156 = CARTESIAN_POINT ( 'NONE',  ( 1.850000000000000089, -3.799999999999998934, -1.289999999999999813 ) ) ;
#2157 = LINE ( 'NONE', #1210, #1860 ) ;
#2158 = ORIENTED_EDGE ( 'NONE', *, *, #322, .T. ) ;
#2159 = LINE ( 'NONE', #216, #2474 ) ;
#2160 = DIRECTION ( 'NONE',  ( -0.000000000000000000, -1.000000000000000000, -0.000000000000000000 ) ) ;
#2161 = ORIENTED_EDGE ( 'NONE', *, *, #1710, .T. ) ;
#2162 = ORIENTED_EDGE ( 'NONE', *, *, #391, .F. ) ;
#2163 = FACE_OUTER_BOUND ( 'NONE', #1814, .T. ) ;
#2164 = ORIENTED_EDGE ( 'NONE', *, *, #1717, .F. ) ;
#2165 = DIRECTION ( 'NONE',  ( -0.000000000000000000, 1.000000000000000000, -0.000000000000000000 ) ) ;
#2166 = ADVANCED_FACE ( 'NONE', ( #1127 ), #125, .T. ) ;
#2167 = ORIENTED_EDGE ( 'NONE', *, *, #1443, .T. ) ;
#2168 = ORIENTED_EDGE ( 'NONE', *, *, #2420, .T. ) ;
#2169 = CARTESIAN_POINT ( 'NONE',  ( 1.749999999999999556, -3.899999999999999911, 1.749999999999999778 ) ) ;
#2170 = EDGE_CURVE ( 'NONE', #940, #742, #343, .T. ) ;
#2171 = ORIENTED_EDGE ( 'NONE', *, *, #1501, .F. ) ;
#2172 =( NAMED_UNIT ( * ) PLANE_ANGLE_UNIT ( ) SI_UNIT ( $, .RADIAN. ) );
#2173 = FACE_OUTER_BOUND ( 'NONE', #337, .T. ) ;
#2174 = PLANE ( 'NONE',  #1622 ) ;
#2175 = DIRECTION ( 'NONE',  ( 0.000000000000000000, 0.000000000000000000, -1.000000000000000000 ) ) ;
#2176 = ORIENTED_EDGE ( 'NONE', *, *, #1775, .T. ) ;
#2177 = DIRECTION ( 'NONE',  ( -3.614007241618347785E-16, 0.000000000000000000, 1.000000000000000000 ) ) ;
#2178 = VERTEX_POINT ( 'NONE', #175 ) ;
#2179 = VECTOR ( 'NONE', #1521, 1000.000000000000000 ) ;
#2180 = CARTESIAN_POINT ( 'NONE',  ( -0.2999999999999998779, -3.799999999999999822, -0.3400000000000001354 ) ) ;
#2181 = AXIS2_PLACEMENT_3D ( 'NONE', #478, #1238, #103 ) ;
#2182 = ORIENTED_EDGE ( 'NONE', *, *, #1426, .F. ) ;
#2183 = EDGE_CURVE ( 'NONE', #1583, #362, #276, .T. ) ;
#2184 = VECTOR ( 'NONE', #409, 1000.000000000000000 ) ;
#2185 = FACE_OUTER_BOUND ( 'NONE', #329, .T. ) ;
#2186 = CARTESIAN_POINT ( 'NONE',  ( 1.749999999999999556, -2.750000000000019540, 1.749999999999999778 ) ) ;
#2187 = CARTESIAN_POINT ( 'NONE',  ( -1.749999999999998890, -3.799999999999999822, -1.340000000000000080 ) ) ;
#2188 = CIRCLE ( 'NONE', #2301, 0.1250000000000000000 ) ;
#2189 = AXIS2_PLACEMENT_3D ( 'NONE', #1811, #1020, #2175 ) ;
#2190 = FACE_OUTER_BOUND ( 'NONE', #1026, .T. ) ;
#2191 = AXIS2_PLACEMENT_3D ( 'NONE', #2248, #1296, #2069 ) ;
#2192 = ORIENTED_EDGE ( 'NONE', *, *, #177, .T. ) ;
#2193 = FACE_OUTER_BOUND ( 'NONE', #1614, .T. ) ;
#2194 = EDGE_LOOP ( 'NONE', ( #2471, #1239, #930, #2280, #1253, #88, #407, #1186, #2056, #1962, #1673, #2154 ) ) ;
#2195 = VERTEX_POINT ( 'NONE', #1647 ) ;
#2196 = ORIENTED_EDGE ( 'NONE', *, *, #1455, .T. ) ;
#2197 = SURFACE_STYLE_FILL_AREA ( #2013 ) ;
#2198 = EDGE_CURVE ( 'NONE', #213, #797, #2044, .T. ) ;
#2199 = DIRECTION ( 'NONE',  ( -1.000000000000000000, 0.000000000000000000, 0.000000000000000000 ) ) ;
#2200 = EDGE_CURVE ( 'NONE', #623, #1013, #2441, .T. ) ;
#2201 = VERTEX_POINT ( 'NONE', #923 ) ;
#2202 = CARTESIAN_POINT ( 'NONE',  ( -0.9500000000000011768, -3.899999999999999467, -1.289999999999999813 ) ) ;
#2203 = ORIENTED_EDGE ( 'NONE', *, *, #2298, .F. ) ;
#2204 = DIRECTION ( 'NONE',  ( 1.000000000000000000, -0.000000000000000000, 3.614007241618347785E-16 ) ) ;
#2205 = CARTESIAN_POINT ( 'NONE',  ( 1.749999999999999556, -3.899999999999999911, -1.750000000000000000 ) ) ;
#2206 = EDGE_LOOP ( 'NONE', ( #1509, #2091, #618, #962 ) ) ;
#2207 = PRODUCT_CONTEXT ( 'NONE', #1467, 'mechanical' ) ;
#2208 =( NAMED_UNIT ( * ) PLANE_ANGLE_UNIT ( ) SI_UNIT ( $, .RADIAN. ) );
#2209 = EDGE_CURVE ( 'NONE', #2400, #927, #1224, .T. ) ;
#2210 = EDGE_CURVE ( 'NONE', #2045, #940, #357, .T. ) ;
#2211 = VERTEX_POINT ( 'NONE', #540 ) ;
#2212 = DIRECTION ( 'NONE',  ( 5.421010862427529073E-16, 1.000000000000000000, 0.000000000000000000 ) ) ;
#2213 = DIRECTION ( 'NONE',  ( 1.000000000000000000, 0.000000000000000000, -0.000000000000000000 ) ) ;
#2214 = EDGE_LOOP ( 'NONE', ( #2148, #715, #1031, #2396 ) ) ;
#2215 = VECTOR ( 'NONE', #2097, 1000.000000000000000 ) ;
#2216 = DIRECTION ( 'NONE',  ( -1.204669080539449344E-16, -0.000000000000000000, 1.000000000000000000 ) ) ;
#2217 = VECTOR ( 'NONE', #2145, 1000.000000000000000 ) ;
#2218 = DIRECTION ( 'NONE',  ( 0.000000000000000000, 0.000000000000000000, 1.000000000000000000 ) ) ;
#2219 = VECTOR ( 'NONE', #687, 1000.000000000000000 ) ;
#2220 = VECTOR ( 'NONE', #755, 1000.000000000000000 ) ;
#2221 = ORIENTED_EDGE ( 'NONE', *, *, #1287, .T. ) ;
#2222 = DIRECTION ( 'NONE',  ( 0.000000000000000000, 0.000000000000000000, -1.000000000000000000 ) ) ;
#2223 = AXIS2_PLACEMENT_3D ( 'NONE', #800, #1562, #261 ) ;
#2224 = STYLED_ITEM ( 'NONE', ( #1005 ), #2394 ) ;
#2225 = CARTESIAN_POINT ( 'NONE',  ( 0.000000000000000000, -3.799999999999999822, 0.000000000000000000 ) ) ;
#2226 = PLANE ( 'NONE',  #27 ) ;
#2227 = CARTESIAN_POINT ( 'NONE',  ( -1.750000000000001110, -3.799999999999998934, -1.289999999999999813 ) ) ;
#2228 = VERTEX_POINT ( 'NONE', #900 ) ;
#2229 = ADVANCED_FACE ( 'NONE', ( #2060 ), #703, .T. ) ;
#2230 = CARTESIAN_POINT ( 'NONE',  ( 1.749999999999999778, -3.899999999999999911, 0.4400000000000000577 ) ) ;
#2231 = LINE ( 'NONE', #1868, #2384 ) ;
#2232 = EDGE_LOOP ( 'NONE', ( #2182, #423, #1391, #2075 ) ) ;
#2233 = CARTESIAN_POINT ( 'NONE',  ( 0.8499999999999994227, -3.899999999999999911, 1.340000000000000080 ) ) ;
#2234 = CARTESIAN_POINT ( 'NONE',  ( 0.000000000000000000, -3.799999999999999822, 0.000000000000000000 ) ) ;
#2235 = VERTEX_POINT ( 'NONE', #1910 ) ;
#2236 = CARTESIAN_POINT ( 'NONE',  ( -0.9500000000000011768, -3.899999999999999467, 1.289999999999999813 ) ) ;
#2237 = ADVANCED_FACE ( 'NONE', ( #2242 ), #516, .F. ) ;
#2238 = CARTESIAN_POINT ( 'NONE',  ( 1.750000000000001554, -3.799999999999999822, -1.289999999999999813 ) ) ;
#2239 = EDGE_LOOP ( 'NONE', ( #2132, #1891, #1374, #1055 ) ) ;
#2240 = EDGE_CURVE ( 'NONE', #650, #2372, #347, .T. ) ;
#2241 = PLANE ( 'NONE',  #575 ) ;
#2242 = FACE_OUTER_BOUND ( 'NONE', #964, .T. ) ;
#2243 = CARTESIAN_POINT ( 'NONE',  ( 0.3000000000000004330, -3.799999999999999822, -1.239999999999999991 ) ) ;
#2244 = VERTEX_POINT ( 'NONE', #554 ) ;
#2245 = LINE ( 'NONE', #122, #1701 ) ;
#2246 = CARTESIAN_POINT ( 'NONE',  ( 0.000000000000000000, -3.849999999999999645, 0.000000000000000000 ) ) ;
#2247 = CARTESIAN_POINT ( 'NONE',  ( 1.850000000000000089, -3.349999999999999645, 0.4899999999999999911 ) ) ;
#2248 = CARTESIAN_POINT ( 'NONE',  ( -1.750000000000001110, -3.799999999999998934, -1.289999999999999813 ) ) ;
#2249 = LINE ( 'NONE', #537, #1069 ) ;
#2250 = EDGE_CURVE ( 'NONE', #292, #162, #528, .T. ) ;
#2251 = DIRECTION ( 'NONE',  ( -1.000000000000000000, 5.421010862427529073E-16, 0.000000000000000000 ) ) ;
#2252 = CARTESIAN_POINT ( 'NONE',  ( 0.8500000000000005329, -3.799999999999999822, -0.4400000000000000022 ) ) ;
#2253 = DIRECTION ( 'NONE',  ( -1.000000000000000000, -0.000000000000000000, 6.023345402697240556E-17 ) ) ;
#2254 = VECTOR ( 'NONE', #2086, 1000.000000000000000 ) ;
#2255 = EDGE_CURVE ( 'NONE', #1234, #1291, #181, .T. ) ;
#2256 = AXIS2_PLACEMENT_3D ( 'NONE', #375, #963, #390 ) ;
#2257 = VERTEX_POINT ( 'NONE', #1853 ) ;
#2258 = DIRECTION ( 'NONE',  ( -1.000000000000000000, -0.000000000000000000, -0.000000000000000000 ) ) ;
#2259 = FACE_OUTER_BOUND ( 'NONE', #1618, .T. ) ;
#2260 = VECTOR ( 'NONE', #2436, 1000.000000000000000 ) ;
#2261 = CARTESIAN_POINT ( 'NONE',  ( 1.606451724554976312, -1.728600947198008830, 1.606451724554976535 ) ) ;
#2262 = VECTOR ( 'NONE', #491, 1000.000000000000000 ) ;
#2263 = DIRECTION ( 'NONE',  ( 0.000000000000000000, 0.000000000000000000, -1.000000000000000000 ) ) ;
#2264 = LINE ( 'NONE', #534, #385 ) ;
#2265 = ORIENTED_EDGE ( 'NONE', *, *, #1088, .T. ) ;
#2266 = VECTOR ( 'NONE', #1588, 1000.000000000000000 ) ;
#2267 = AXIS2_PLACEMENT_3D ( 'NONE', #1561, #2315, #235 ) ;
#2268 = LINE ( 'NONE', #1301, #2341 ) ;
#2269 = EDGE_CURVE ( 'NONE', #2347, #1796, #2081, .T. ) ;
#2270 = CARTESIAN_POINT ( 'NONE',  ( -1.750000000000001110, -3.799999999999998934, 1.289999999999999813 ) ) ;
#2271 = VERTEX_POINT ( 'NONE', #2072 ) ;
#2272 = VERTEX_POINT ( 'NONE', #2432 ) ;
#2273 = EDGE_CURVE ( 'NONE', #1419, #742, #718, .T. ) ;
#2274 = DIRECTION ( 'NONE',  ( -1.000000000000000000, 5.421010862427529073E-16, 0.000000000000000000 ) ) ;
#2275 = DIRECTION ( 'NONE',  ( 0.000000000000000000, 0.000000000000000000, -1.000000000000000000 ) ) ;
#2276 = PLANE ( 'NONE',  #382 ) ;
#2277 = LINE ( 'NONE', #1310, #824 ) ;
#2278 = ORIENTED_EDGE ( 'NONE', *, *, #876, .T. ) ;
#2279 = CARTESIAN_POINT ( 'NONE',  ( -1.658648457443445468, -2.100000000000000089, -1.658648457443444801 ) ) ;
#2280 = ORIENTED_EDGE ( 'NONE', *, *, #334, .T. ) ;
#2281 = DIRECTION ( 'NONE',  ( -1.000000000000000000, -0.000000000000000000, -2.710505431213761085E-16 ) ) ;
#2282 = CYLINDRICAL_SURFACE ( 'NONE', #901, 0.2500000000000000000 ) ;
#2283 = DIRECTION ( 'NONE',  ( 0.000000000000000000, 0.000000000000000000, -1.000000000000000000 ) ) ;
#2284 = EDGE_CURVE ( 'NONE', #1963, #633, #2417, .T. ) ;
#2285 = CARTESIAN_POINT ( 'NONE',  ( 0.8500000000000007550, -3.799999999999999822, -1.340000000000000080 ) ) ;
#2286 = LINE ( 'NONE', #591, #741 ) ;
#2287 = EDGE_LOOP ( 'NONE', ( #2421, #1985, #2164, #1277 ) ) ;
#2288 = ORIENTED_EDGE ( 'NONE', *, *, #2061, .F. ) ;
#2289 = LINE ( 'NONE', #1434, #18 ) ;
#2290 = CARTESIAN_POINT ( 'NONE',  ( 1.850000000000000089, -3.349999999999999645, -1.289999999999999813 ) ) ;
#2291 = PLANE ( 'NONE',  #2267 ) ;
#2292 = LINE ( 'NONE', #740, #1577 ) ;
#2293 = LINE ( 'NONE', #1, #1739 ) ;
#2294 = VECTOR ( 'NONE', #2114, 1000.000000000000000 ) ;
#2295 = CARTESIAN_POINT ( 'NONE',  ( 1.749999999999999778, -3.349999999999999645, 1.289999999999999813 ) ) ;
#2296 =( GEOMETRIC_REPRESENTATION_CONTEXT ( 3 ) GLOBAL_UNCERTAINTY_ASSIGNED_CONTEXT ( ( #967 ) ) GLOBAL_UNIT_ASSIGNED_CONTEXT ( ( #2444, #736, #1312 ) ) REPRESENTATION_CONTEXT ( 'NONE', 'WORKASPACE' ) );
#2297 = DIRECTION ( 'NONE',  ( 0.000000000000000000, 0.000000000000000000, -1.000000000000000000 ) ) ;
#2298 = EDGE_CURVE ( 'NONE', #1411, #344, #2231, .T. ) ;
#2299 = ORIENTED_EDGE ( 'NONE', *, *, #1656, .F. ) ;
#2300 = ORIENTED_EDGE ( 'NONE', *, *, #414, .T. ) ;
#2301 = AXIS2_PLACEMENT_3D ( 'NONE', #396, #1722, #1557 ) ;
#2302 = VECTOR ( 'NONE', #1883, 1000.000000000000000 ) ;
#2303 = FACE_BOUND ( 'NONE', #2362, .T. ) ;
#2304 = ADVANCED_FACE ( 'NONE', ( #1324 ), #159, .F. ) ;
#2305 = VECTOR ( 'NONE', #714, 1000.000000000000000 ) ;
#2306 = SURFACE_STYLE_FILL_AREA ( #2144 ) ;
#2307 = DIRECTION ( 'NONE',  ( 0.000000000000000000, -1.000000000000000000, 0.000000000000000000 ) ) ;
#2308 = VERTEX_POINT ( 'NONE', #739 ) ;
#2309 = DIRECTION ( 'NONE',  ( -1.000000000000000000, 5.421010862427529073E-16, 0.000000000000000000 ) ) ;
#2310 = DIRECTION ( 'NONE',  ( -1.000000000000000000, -0.000000000000000000, -0.000000000000000000 ) ) ;
#2311 = CARTESIAN_POINT ( 'NONE',  ( 0.9500000000000002887, -3.899999999999999911, -0.4899999999999999911 ) ) ;
#2312 = EDGE_CURVE ( 'NONE', #2437, #126, #728, .T. ) ;
#2313 = ORIENTED_EDGE ( 'NONE', *, *, #2209, .T. ) ;
#2314 = EDGE_CURVE ( 'NONE', #362, #1409, #1487, .T. ) ;
#2315 = DIRECTION ( 'NONE',  ( 0.000000000000000000, 0.1391731009600622182, 0.9902680687415708061 ) ) ;
#2316 = PLANE ( 'NONE',  #978 ) ;
#2317 = DIRECTION ( 'NONE',  ( -1.204669080539449344E-16, 0.000000000000000000, 1.000000000000000000 ) ) ;
#2318 = VERTEX_POINT ( 'NONE', #335 ) ;
#2319 = PRESENTATION_STYLE_ASSIGNMENT (( #764 ) ) ;
#2320 = CARTESIAN_POINT ( 'NONE',  ( -0.2999999999999999889, -3.799999999999999822, 1.239999999999999991 ) ) ;
#2321 = DIRECTION ( 'NONE',  ( -0.000000000000000000, -1.000000000000000000, -0.000000000000000000 ) ) ;
#2322 = VERTEX_POINT ( 'NONE', #1096 ) ;
#2323 = VERTEX_POINT ( 'NONE', #1879 ) ;
#2324 = LINE ( 'NONE', #1373, #1417 ) ;
#2325 = ORIENTED_EDGE ( 'NONE', *, *, #904, .T. ) ;
#2326 = DIRECTION ( 'NONE',  ( 0.000000000000000000, 1.000000000000000000, 0.000000000000000000 ) ) ;
#2327 = EDGE_CURVE ( 'NONE', #507, #1749, #2268, .T. ) ;
#2328 = VECTOR ( 'NONE', #1024, 1000.000000000000000 ) ;
#2329 = CARTESIAN_POINT ( 'NONE',  ( -1.750000000000001110, -3.799999999999998934, -1.289999999999999813 ) ) ;
#2330 = CARTESIAN_POINT ( 'NONE',  ( 1.750000000000001554, -3.799999999999999822, -0.4899999999999999911 ) ) ;
#2331 = ORIENTED_EDGE ( 'NONE', *, *, #726, .F. ) ;
#2332 = VECTOR ( 'NONE', #1549, 1000.000000000000000 ) ;
#2333 = CARTESIAN_POINT ( 'NONE',  ( 0.2999999999999999889, -3.799999999999999822, 1.239999999999999991 ) ) ;
#2334 = VECTOR ( 'NONE', #1254, 1000.000000000000000 ) ;
#2335 = DIRECTION ( 'NONE',  ( 0.000000000000000000, 0.000000000000000000, 1.000000000000000000 ) ) ;
#2336 = ORIENTED_EDGE ( 'NONE', *, *, #1501, .T. ) ;
#2337 =( GEOMETRIC_REPRESENTATION_CONTEXT ( 3 ) GLOBAL_UNCERTAINTY_ASSIGNED_CONTEXT ( ( #1538 ) ) GLOBAL_UNIT_ASSIGNED_CONTEXT ( ( #1721, #197, #931 ) ) REPRESENTATION_CONTEXT ( 'NONE', 'WORKASPACE' ) );
#2338 = CARTESIAN_POINT ( 'NONE',  ( 1.637567332238086371, -1.949999999999999956, 1.637567332238086593 ) ) ;
#2339 = CARTESIAN_POINT ( 'NONE',  ( 0.9500000000000002887, -3.799999999999999822, -0.4899999999999999911 ) ) ;
#2340 = DIRECTION ( 'NONE',  ( 0.000000000000000000, 0.000000000000000000, 1.000000000000000000 ) ) ;
#2341 = VECTOR ( 'NONE', #359, 1000.000000000000000 ) ;
#2342 = AXIS2_PLACEMENT_3D ( 'NONE', #1763, #1216, #811 ) ;
#2343 = EDGE_CURVE ( 'NONE', #450, #1723, #1123, .T. ) ;
#2344 = DIRECTION ( 'NONE',  ( 0.000000000000000000, 1.000000000000000000, 0.000000000000000000 ) ) ;
#2345 = AXIS2_PLACEMENT_3D ( 'NONE', #2120, #965, #1389 ) ;
#2346 = ADVANCED_FACE ( 'NONE', ( #928 ), #1691, .T. ) ;
#2347 = VERTEX_POINT ( 'NONE', #1727 ) ;
#2348 = DIRECTION ( 'NONE',  ( -0.000000000000000000, -0.000000000000000000, 1.000000000000000000 ) ) ;
#2349 = ORIENTED_EDGE ( 'NONE', *, *, #2123, .T. ) ;
#2350 = ORIENTED_EDGE ( 'NONE', *, *, #173, .T. ) ;
#2351 = CARTESIAN_POINT ( 'NONE',  ( -0.9500000000000011768, -3.899999999999999467, -0.4899999999999999911 ) ) ;
#2352 = EDGE_LOOP ( 'NONE', ( #2158, #1437, #658, #825 ) ) ;
#2353 =( NAMED_UNIT ( * ) PLANE_ANGLE_UNIT ( ) SI_UNIT ( $, .RADIAN. ) );
#2354 = CARTESIAN_POINT ( 'NONE',  ( -0.2999999999999998779, -3.799999999999999822, 0.3400000000000000244 ) ) ;
#2355 = VERTEX_POINT ( 'NONE', #1920 ) ;
#2356 = DIRECTION ( 'NONE',  ( 0.000000000000000000, 0.000000000000000000, -1.000000000000000000 ) ) ;
#2357 = ADVANCED_FACE ( 'NONE', ( #595 ), #1173, .T. ) ;
#2358 = ORIENTED_EDGE ( 'NONE', *, *, #2085, .T. ) ;
#2359 = LINE ( 'NONE', #461, #1696 ) ;
#2360 = DIRECTION ( 'NONE',  ( -0.000000000000000000, -0.000000000000000000, 1.000000000000000000 ) ) ;
#2361 = VERTEX_POINT ( 'NONE', #444 ) ;
#2362 = EDGE_LOOP ( 'NONE', ( #890, #907, #220, #1771 ) ) ;
#2363 = ADVANCED_FACE ( 'NONE', ( #1944 ), #1199, .F. ) ;
#2364 = CARTESIAN_POINT ( 'NONE',  ( 1.850000000000000089, -3.799999999999998934, -1.289999999999999813 ) ) ;
#2365 = DIRECTION ( 'NONE',  ( -0.000000000000000000, -1.000000000000000000, -0.000000000000000000 ) ) ;
#2366 = ORIENTED_EDGE ( 'NONE', *, *, #1992, .T. ) ;
#2367 = EDGE_CURVE ( 'NONE', #1810, #885, #1338, .T. ) ;
#2368 = SURFACE_STYLE_USAGE ( .BOTH. , #82 ) ;
#2369 = DIRECTION ( 'NONE',  ( 1.000000000000000000, 0.000000000000000000, 0.000000000000000000 ) ) ;
#2370 = DIRECTION ( 'NONE',  ( 2.409338161078898687E-16, 0.000000000000000000, -1.000000000000000000 ) ) ;
#2371 = DIRECTION ( 'NONE',  ( 0.000000000000000000, 0.000000000000000000, 1.000000000000000000 ) ) ;
#2372 = VERTEX_POINT ( 'NONE', #1762 ) ;
#2373 = DIRECTION ( 'NONE',  ( 1.000000000000000000, 0.000000000000000000, 0.000000000000000000 ) ) ;
#2374 = DIRECTION ( 'NONE',  ( 0.7071067811865474617, 0.000000000000000000, -0.7071067811865474617 ) ) ;
#2375 = EDGE_LOOP ( 'NONE', ( #2041, #1586, #1466, #1222, #262, #2410, #2429 ) ) ;
#2376 = ORIENTED_EDGE ( 'NONE', *, *, #1438, .F. ) ;
#2377 = AXIS2_PLACEMENT_3D ( 'NONE', #523, #1282, #342 ) ;
#2378 = ORIENTED_EDGE ( 'NONE', *, *, #1854, .F. ) ;
#2379 = AXIS2_PLACEMENT_3D ( 'NONE', #1406, #1040, #2373 ) ;
#2380 = EDGE_CURVE ( 'NONE', #132, #1825, #2159, .T. ) ;
#2381 = CARTESIAN_POINT ( 'NONE',  ( -1.750000000000000444, -3.799999999999999822, 0.4400000000000000577 ) ) ;
#2382 = DIRECTION ( 'NONE',  ( -0.000000000000000000, -1.000000000000000000, -0.000000000000000000 ) ) ;
#2383 = MECHANICAL_DESIGN_GEOMETRIC_PRESENTATION_REPRESENTATION (  '', ( #1300 ), #1783 ) ;
#2384 = VECTOR ( 'NONE', #1276, 1000.000000000000000 ) ;
#2385 = ORIENTED_EDGE ( 'NONE', *, *, #2170, .F. ) ;
#2386 = CARTESIAN_POINT ( 'NONE',  ( -1.100000000000000533, -2.100000000000000089, -1.750000000000000000 ) ) ;
#2387 = EDGE_LOOP ( 'NONE', ( #969, #1726, #905, #980 ) ) ;
#2388 = CARTESIAN_POINT ( 'NONE',  ( -0.2999999999999999889, -3.899999999999999911, 1.239999999999999991 ) ) ;
#2389 = ORIENTED_EDGE ( 'NONE', *, *, #1212, .F. ) ;
#2390 = ORIENTED_EDGE ( 'NONE', *, *, #983, .T. ) ;
#2391 = EDGE_CURVE ( 'NONE', #821, #96, #399, .T. ) ;
#2392 = DIRECTION ( 'NONE',  ( 0.000000000000000000, 0.000000000000000000, 1.000000000000000000 ) ) ;
#2393 = EDGE_CURVE ( 'NONE', #603, #1435, #1533, .T. ) ;
#2394 = MANIFOLD_SOLID_BREP ( 'Boss-Extrude2[2]', #1982 ) ;
#2395 = FACE_OUTER_BOUND ( 'NONE', #989, .T. ) ;
#2396 = ORIENTED_EDGE ( 'NONE', *, *, #711, .T. ) ;
#2397 = DIRECTION ( 'NONE',  ( 1.000000000000000000, 0.000000000000000000, -0.000000000000000000 ) ) ;
#2398 = EDGE_LOOP ( 'NONE', ( #1682, #361, #353, #655 ) ) ;
#2399 = CARTESIAN_POINT ( 'NONE',  ( -0.2999999999999999889, -3.799999999999999822, 1.239999999999999991 ) ) ;
#2400 = VERTEX_POINT ( 'NONE', #430 ) ;
#2401 =( NAMED_UNIT ( * ) SI_UNIT ( $, .STERADIAN. ) SOLID_ANGLE_UNIT ( ) );
#2402 = ORIENTED_EDGE ( 'NONE', *, *, #627, .F. ) ;
#2403 = EDGE_CURVE ( 'NONE', #483, #1419, #2109, .T. ) ;
#2404 = LINE ( 'NONE', #693, #1497 ) ;
#2405 = DIRECTION ( 'NONE',  ( -1.000000000000000000, -0.000000000000000000, -2.710505431213761085E-16 ) ) ;
#2406 = ORIENTED_EDGE ( 'NONE', *, *, #1656, .T. ) ;
#2407 = CARTESIAN_POINT ( 'NONE',  ( 1.749999999999999556, -3.899999999999999911, 1.749999999999999778 ) ) ;
#2408 = ADVANCED_FACE ( 'NONE', ( #1959 ), #2291, .T. ) ;
#2409 =( LENGTH_UNIT ( ) NAMED_UNIT ( * ) SI_UNIT ( .MILLI., .METRE. ) );
#2410 = ORIENTED_EDGE ( 'NONE', *, *, #259, .T. ) ;
#2411 = DIRECTION ( 'NONE',  ( -1.000000000000000000, -0.000000000000000000, -0.000000000000000000 ) ) ;
#2412 = DIRECTION ( 'NONE',  ( 0.000000000000000000, 0.000000000000000000, -1.000000000000000000 ) ) ;
#2413 = CARTESIAN_POINT ( 'NONE',  ( 1.750000000000001554, -3.799999999999999822, -1.289999999999999813 ) ) ;
#2414 = VERTEX_POINT ( 'NONE', #1750 ) ;
#2415 = VECTOR ( 'NONE', #223, 1000.000000000000000 ) ;
#2416 = PLANE ( 'NONE',  #381 ) ;
#2417 = LINE ( 'NONE', #1475, #624 ) ;
#2418 = LINE ( 'NONE', #119, #109 ) ;
#2419 = VECTOR ( 'NONE', #567, 1000.000000000000000 ) ;
#2420 = EDGE_CURVE ( 'NONE', #688, #2361, #573, .T. ) ;
#2421 = ORIENTED_EDGE ( 'NONE', *, *, #692, .T. ) ;
#2422 = LINE ( 'NONE', #303, #1943 ) ;
#2423 = EDGE_LOOP ( 'NONE', ( #1162, #1902, #394, #1756 ) ) ;
#2424 = VECTOR ( 'NONE', #1166, 1000.000000000000000 ) ;
#2425 = ADVANCED_FACE ( 'NONE', ( #246 ), #54, .T. ) ;
#2426 = COLOUR_RGB ( '',0.7921568627450980005, 0.8196078431372548767, 0.9333333333333333481 ) ;
#2427 = CARTESIAN_POINT ( 'NONE',  ( -1.750000000000000444, -3.799999999999999822, 1.340000000000000080 ) ) ;
#2428 = CARTESIAN_POINT ( 'NONE',  ( -0.8500000000000005329, -3.799999999999999822, 0.4400000000000000577 ) ) ;
#2429 = ORIENTED_EDGE ( 'NONE', *, *, #2108, .T. ) ;
#2430 = CARTESIAN_POINT ( 'NONE',  ( -1.750000000000001110, -3.799999999999998934, -1.289999999999999813 ) ) ;
#2431 = FACE_OUTER_BOUND ( 'NONE', #1550, .T. ) ;
#2432 = CARTESIAN_POINT ( 'NONE',  ( -1.750000000000000444, -2.750000000000019540, 1.749999999999999778 ) ) ;
#2433 = CARTESIAN_POINT ( 'NONE',  ( -1.606451724554977201, -1.728600947198008608, -1.606451724554976757 ) ) ;
#2434 = EDGE_LOOP ( 'NONE', ( #912, #1278, #1347, #254 ) ) ;
#2435 = ORIENTED_EDGE ( 'NONE', *, *, #2314, .F. ) ;
#2436 = DIRECTION ( 'NONE',  ( -0.000000000000000000, 1.000000000000000000, -0.000000000000000000 ) ) ;
#2437 = VERTEX_POINT ( 'NONE', #2338 ) ;
#2438 = LINE ( 'NONE', #2052, #180 ) ;
#2439 = FACE_OUTER_BOUND ( 'NONE', #805, .T. ) ;
#2440 = ADVANCED_FACE ( 'NONE', ( #625, #2185 ), #874, .F. ) ;
#2441 = LINE ( 'NONE', #724, #1183 ) ;
#2442 = ORIENTED_EDGE ( 'NONE', *, *, #922, .F. ) ;
#2443 = CARTESIAN_POINT ( 'NONE',  ( 0.9500000000000002887, -3.899999999999999911, -1.289999999999999813 ) ) ;
#2444 =( LENGTH_UNIT ( ) NAMED_UNIT ( * ) SI_UNIT ( .MILLI., .METRE. ) );
#2445 = EDGE_CURVE ( 'NONE', #1189, #1741, #1637, .T. ) ;
#2446 = DIRECTION ( 'NONE',  ( -2.409338161078898687E-16, 0.000000000000000000, 1.000000000000000000 ) ) ;
#2447 = CARTESIAN_POINT ( 'NONE',  ( 0.2999999999999999889, -3.899999999999999911, 1.239999999999999991 ) ) ;
#2448 = VERTEX_POINT ( 'NONE', #2381 ) ;
#2449 = ORIENTED_EDGE ( 'NONE', *, *, #957, .F. ) ;
#2450 = DIRECTION ( 'NONE',  ( -0.000000000000000000, -1.000000000000000000, -0.000000000000000000 ) ) ;
#2451 = CARTESIAN_POINT ( 'NONE',  ( 0.9500000000000002887, -3.799999999999999822, 1.289999999999999813 ) ) ;
#2452 = ORIENTED_EDGE ( 'NONE', *, *, #795, .F. ) ;
#2453 = DIRECTION ( 'NONE',  ( -0.1378445374916255073, 0.9808148484639900300, -0.1378445374916255073 ) ) ;
#2454 = CARTESIAN_POINT ( 'NONE',  ( -1.750000000000000444, -3.799999999999999822, 1.340000000000000080 ) ) ;
#2455 = DIRECTION ( 'NONE',  ( -0.000000000000000000, -1.000000000000000000, -0.000000000000000000 ) ) ;
#2456 = EDGE_CURVE ( 'NONE', #344, #1749, #1436, .T. ) ;
#2457 = FILL_AREA_STYLE ('',( #1275 ) ) ;
#2458 = EDGE_CURVE ( 'NONE', #1525, #1907, #1227, .T. ) ;
#2459 = AXIS2_PLACEMENT_3D ( 'NONE', #791, #293, #853 ) ;
#2460 = CARTESIAN_POINT ( 'NONE',  ( -0.9500000000000011768, -3.899999999999999467, -0.4899999999999999911 ) ) ;
#2461 = CARTESIAN_POINT ( 'NONE',  ( 0.000000000000000000, -1.949999999999999956, 1.425000000000000044 ) ) ;
#2462 = ORIENTED_EDGE ( 'NONE', *, *, #435, .F. ) ;
#2463 = AXIS2_PLACEMENT_3D ( 'NONE', #1715, #604, #1138 ) ;
#2464 = AXIS2_PLACEMENT_3D ( 'NONE', #1400, #2002, #1047 ) ;
#2465 = ORIENTED_EDGE ( 'NONE', *, *, #376, .T. ) ;
#2466 = DIRECTION ( 'NONE',  ( 0.000000000000000000, -0.000000000000000000, 1.000000000000000000 ) ) ;
#2467 = VECTOR ( 'NONE', #1147, 1000.000000000000000 ) ;
#2468 = CIRCLE ( 'NONE', #1382, 0.1250000000000000000 ) ;
#2469 = LINE ( 'NONE', #1937, #2143 ) ;
#2470 = CARTESIAN_POINT ( 'NONE',  ( -0.2999999999999991007, -3.799999999999999822, -1.239999999999999991 ) ) ;
#2471 = ORIENTED_EDGE ( 'NONE', *, *, #493, .F. ) ;
#2472 = AXIS2_PLACEMENT_3D ( 'NONE', #144, #1462, #2477 ) ;
#2473 = DIRECTION ( 'NONE',  ( 0.000000000000000000, -1.000000000000000000, 0.000000000000000000 ) ) ;
#2474 = VECTOR ( 'NONE', #1362, 1000.000000000000000 ) ;
#2475 = EDGE_CURVE ( 'NONE', #603, #1311, #273, .T. ) ;
#2476 = VERTEX_POINT ( 'NONE', #455 ) ;
#2477 = DIRECTION ( 'NONE',  ( 0.000000000000000000, -0.000000000000000000, -1.000000000000000000 ) ) ;
#2478 = CARTESIAN_POINT ( 'NONE',  ( 0.000000000000000000, -3.849999999999999645, 0.000000000000000000 ) ) ;
#2479 = EDGE_CURVE ( 'NONE', #1177, #2063, #1213, .T. ) ;
#2480 = ORIENTED_EDGE ( 'NONE', *, *, #2198, .T. ) ;
ENDSEC;
END-ISO-10303-21;
